:020000041000EA
:1000000000B5324B212058609868022188439860DF
:10001000D860186158612E4B002199600221596106
:100020000121F02299502B49196001219960352056
:1000300000F044F80222904214D00621196600F024
:1000400034F8196E01211966002018661A6600F04E
:100050002CF8196E196E196E052000F02FF8012189
:100060000842F9D1002199601B49196000215960AB
:100070001A491B48016001219960EB211966A021F2
:10008000196600F012F800219960164914480160C1
:100090000121996001BC002800D000471248134993
:1000A000086003C880F30888084703B5996A0420EC
:1000B0000142FBD001200142F8D103BD02B5186610
:1000C0001866FFF7F2FF186E186E02BD00000240BE
:1000D000000000180000070000035F00212200005C
:1000E000F4000018222000A00001001008ED00E03C
:1000F00000000000000000000000000074B24E7A12
:1001000000200420F7010010CB010010CD010010E9
:10011000C9010010C9010010C9010010C901001077
:10012000C9010010C9010010C9010010CF01001061
:10013000C9010010C9010010D1010010D301001045
:10014000C1010010C1010010C1010010C101001067
:10015000C1010010C1010010C1010010C101001057
:10016000C1010010C1010010C1010010C101001047
:10017000C1010010C1010010C1010010C101001037
:10018000C1010010C1010010C1010010C101001027
:10019000C1010010C1010010C1010010C101001017
:1001A000C1010010C1010010C1010010C101001007
:1001B000C1010010C1010010C1010010C1010010F7
:1001C000EFF30580103800BE00BE00BE00BE00BECA
:1001D00000BE00BEF2EB88717879001098790010AB
:1001E0003802001090A31AE71E481F49086006C88D
:1001F00081F3088810471D480068002801D019487D
:10020000F3E70DA40ECC002902D000F012F8F9E7B4
:100210001749184A002000E001C19142FCD116495B
:100220008847164988471649884700BEFDE701C937
:1002300001C29A42FBD3704798790010C000002099
:10024000CC170020A490001000000420000004201F
:10025000A4900010001004200010042000000000F2
:10026000704700000000000008ED00E0000000D032
:10027000CC170020FC1E0020493200103909001064
:1002800041320010F8B5C0460448054B10B5834212
:1002900003D0044B002B00D0984710BDCC17002092
:1002A000CC1700200000000006480749091A8B10EF
:1002B000C90FC91810B5491003D0044B002B00D04A
:1002C000984710BDCC170020CC170020000000007C
:1002D00010B5074C2378002B09D1FFF7D5FF054B4C
:1002E000002B02D0044800E000BF0123237010BDA2
:1002F000501B00200000000024660010054B10B5C4
:10030000002B03D00449054800E000BFFFF7CCFFF5
:1003100010BDC04600000000541B002024660010E1
:10032000F0B5D6464F464646C0B584B000250826EF
:100330006B460F22FE4CDE736A4401232721200006
:10034000009503F0E1F996200021800001F016FFEE
:100350000C276B460F22DF736A44012327212000FC
:10036000009503F0D1F996200021800001F006FFEE
:100370006B460F22DE736A4401232721200000957B
:1003800003F0C2F996200021800001F0F7FE382327
:1003900098466B464246DA73293A6A44012327217C
:1003A0002000009503F0B0F996200021800001F0B4
:1003B000E5FE3C2399466B464A46DA732D3A6A4479
:1003C000012327212000009503F09EF996200021AB
:1003D000800001F0D3FE6B464246DA73293A6A4444
:1003E000012327212000009503F08EF9962000219B
:1003F000800001F0C3FE6B460F22DE736A440123C6
:1004000027212000009503F07FF99620002180002D
:1004100001F0B4FE6B460F22DF736A4401232721EB
:100420002000009503F070F996200021800001F073
:10043000A5FE6B460F22DE736A44012327212000AC
:10044000009503F061F996200021800001F096FEEE
:100450006B464246DA73293A6A4401232721200079
:10046000009503F051F996200021800001F086FEEE
:100470006B464A46DA732D3A6A440123272120004D
:10048000009503F041F996200021800001F076FEEE
:100490006B464246DA73293A6A4401232721200039
:1004A000009503F031F996200021800001F066FEEE
:1004B0006B460F22DE736A4401232721200000953A
:1004C00003F022F996200021800001F057FE6B46D0
:1004D0000F22DF736A44012327212000009503F0D7
:1004E00013F996200021800001F048FE6B460F2290
:1004F000DE736A44012327212000009503F004F9EC
:1005000096200021800001F039FE6B464246DA73E6
:10051000293A6A44012327212000009503F0F4F8CA
:1005200096200021800001F029FE6B464A46DA73CE
:100530002D3A6A44012327212000009503F0E4F8B6
:1005400096200021800001F019FE6B464246DA73C6
:10055000293A6A44012327212000009503F0D4F8AA
:1005600096200021800001F009FE6B460F22DE7309
:100570006A44012327212000009503F0C5F8962046
:100580000021800001F0FAFD6B460F22DF736A4400
:10059000012327212000009503F0B6F896200021C2
:1005A000800001F0EBFD6B460F22DE736A440123ED
:1005B00027212000009503F0A7F896200021800055
:1005C00001F0DCFD282398466B464246DA73193A5F
:1005D0006A44012327212000009503F095F8962016
:1005E0000021800001F0CAFD2C2399466B464A4643
:1005F000DA731D3A6A44012327212000009503F095
:1006000083F896200021800001F0B8FD6B46424639
:10061000DA73193A6A44012327212000009503F078
:1006200073F896200021800001F0A8FD6B460F2290
:10063000DE736A44012327212000009503F064F84B
:1006400096200021800001F099FD6B460F22DF7398
:100650006A44012327212000009503F055F89620D5
:100660000021800001F08AFD6B460F22DE736A4490
:10067000012327212000009503F046F89620002151
:10068000800001F07BFD68239A466B465246DA7380
:10069000593A6A44012327212000009503F034F8D9
:1006A00096200021800001F069FD6A466C23D37317
:1006B0000F226B3B6A4427212000009503F024F8A9
:1006C00096200021800001F059FD6B465246DA73F6
:1006D000593A6A44012327212000009503F014F8B9
:1006E00096200021800001F049FD6B464246DA73F6
:1006F000193A6A44012327212000009503F004F8E9
:1007000096200021800001F039FD6B464A46DA73DD
:100710001D3A6A44012327212000009502F0F4FFCE
:1007200096200021800001F029FD6B4602E0C046C2
:10073000501200204246DA73193A6A4401232721F5
:100740002000009502F0E0FF96200021800001F0DB
:1007500015FD882398466B464246DA73793A6A4417
:10076000012327212000009502F0CEFF96200021D2
:10077000800001F003FD6A468C23D3730F228B3B6C
:100780006A4427212000009502F0BEFF9620002138
:10079000800001F0F3FC6B464246DA73793A6A4412
:1007A000012327212000009502F0AEFF96200021B2
:1007B000800001F0E3FC6B460F22DE736A440123E4
:1007C00027212000009502F09FFF96200021800045
:1007D00001F0D4FC6B460F22DF736A44012327210A
:1007E0002000009502F090FF96200021800001F08B
:1007F000C5FC6B460F22DE736A44012327212000CB
:10080000009502F081FF96200021800001F0B6FCE7
:10081000C82398466B464246DA73B93A6A440123C4
:1008200027212000009502F06FFF96200021800014
:1008300001F0A4FC6A46CC23D3730F22CB3B6A445D
:1008400027212000009502F05FFF96200021800004
:1008500001F094FC6B464246DA73B93A6A440123CC
:1008600027212000009502F04FFF962000218000F4
:1008700001F084FC6B460F22DE736A4401232721BA
:100880002000009502F040FF96200021800001F03A
:1008900075FC6B460F22DF736A4401232721200079
:1008A000009502F031FF96200021800001F066FCE7
:1008B0006B460F22DE736A44012327212000009536
:1008C00002F022FF96200021800001F057FC6B46C9
:1008D0000F221036DE736A44012327212000009581
:1008E00002F012FF96200021800001F047FC6A46CA
:1008F0001C23D3730F221B3B6A4427212000009541
:1009000002F002FF96200021800001F037FC6B46C8
:100910000F22DE736A44012327212000009502F094
:10092000F3FE96200021800001F028FC04B0E0BC1A
:10093000BA46B146A846F0BDF0B5DE4657464E462B
:100940004546E0B5ED4BCBB01800ED49994602F0B5
:10095000B3FE03210C2001F06DF803210D2001F0FE
:1009600069F8FFF7DDFC0022012106A800F084FAF7
:1009700006A800F03BFF11AB9A46E24B9B4606A847
:1009800000F0B4FE0028FAD006A800F09BFE002874
:10099000F5D00DAB24210B93002304AA5218137039
:1009A00000220C93904606AB4A46994603924B466A
:1009B0005C79534613AA1A60092C00D88CE1424690
:1009C0005A601A72632C00D871E10321504602F07C
:1009D000F5FF53461E682D2317AF3370C9225946C1
:1009E000380002F0D9FB2000642102F0AFF82000AB
:1009F0004D00642102F0AAF87B195B780400B37003
:100A00007B5D737003233034E4B252464146347048
:100A100053601268D15453460C9806CBBA4B1B1A3C
:100A20009A4200D966E10BA802F0F6FF5346186817
:100A300013AB984204D053469968013102F0BAFBD7
:100A400001239C4607ABE1444B45B0D1039B0024F6
:100A5000994608250B9B17AE320035709846272122
:100A600001230094484602F04FFE962000218000AA
:100A700001F084FB0C233200337027210B3B0094E0
:100A8000484602F041FE96200021800001F076FBEE
:100A900001233200357027210094484602F034FECD
:100AA000962010350021800001F068FB0123320000
:100AB000357027210094484602F026FE962000213A
:100AC000800001F05BFB1C233200337027211B3BAD
:100AD0000094484602F018FE96200021800001F0A4
:100AE0004DFB01233200357027210094484602F067
:100AF0000BFE962070350021800001F03FFB0123A2
:100B00003200357027210094484602F0FDFD962002
:100B10000021800001F032FB8C233200337027214A
:100B20008B3B0094484602F0EFFD962000218000A8
:100B300001F024FB01233200357027210094484640
:100B400002F0E2FD962000218000503D01F016FBEE
:100B500001233200272135704846009402F0D4FD6D
:100B600096200021800001F009FB3C233200337005
:100B700027213B3B0094484602F0C6FD9620002109
:100B8000800001F0FBFA012332002721357048462E
:100B9000009402F0B9FD96200021800001F0EEFAE9
:100BA00043461C78002C74D05B464F4605930123C6
:100BB0000F229C4623009343994609234A46134338
:100BC000DAB209230025240164B22343DBB2327078
:100BD0002721039304920123320038000095E0445A
:100BE00002F092FD96200021800001F0C7FA0D214D
:100BF0008B46494658460143012332003170380084
:100C00002721009502F080FD96200021800001F050
:100C1000B5FA049A0123327027213200380000957A
:100C200002F072FD96200021800001F0A7FA039BDC
:100C300032003370272101233800009502F064FD53
:100C400096200021800001F099FA5A4614430123AE
:100C50003200347027213800009502F055FD9620AF
:100C60000021800001F08AFA039B320033702721B3
:100C700001233800009502F047FD962000218000F6
:100C800001F07CFA43461C78002C90D1059BB946B4
:100C90009B46FA20800001F0E7FA0B980DAB9842D2
:100CA00000D16CE60D99013102F084FA67E6022169
:100CB000504602F083FE53461E682D2317AD337055
:100CC0006400C9225946280002F066FA2B195B78A5
:100CD00073702C5D022398E6002352460121504692
:100CE0005360137202F06AFE53461E682D23337060
:100CF0002C3B88E6054802F0C7FDC0465012002094
:100D0000A08601003C660010FFFFFF3F2466001034
:100D10000123D02283401206002901D0536170477D
:100D20009361FCE70122D02382401B065B681340DD
:100D30005A1E9341D8B2704710B501F0ABFB0029A1
:100D400005D0FA220023920001F03EFF10BDFA21E7
:100D5000890001F0FBFEF9E77047C04610B500219D
:100D600001F0A2FB10BDC04610B501F0D1FB10BDD3
:100D700070B504000D0000F077FE0123D022A340DF
:100D80001206002D01D0536270BD9362FCE7C0468D
:100D900010B584B06A460F240B006C44D11D0B7053
:100DA00022000123024805F0E7FB207804B010BDC3
:100DB00000C0034070B515001C00084802F0AEFCEE
:100DC0002800012100F036FE2000012100F032FE53
:100DD0000121049800F02EFE70BDC04600C0034003
:100DE000F0B5D6464F464646C0B580271600994610
:100DF0000F4308AB00218246007C1C78FFF788FF78
:100E00001C4B39001800013E98464D46FFF7C0FFC5
:100E1000F6B2002C1ED1A6420DD94B461D19390041
:100E20004046FFF7B5FF0134E4B228700135A64211
:100E3000F5D135004D4440460021FFF7A9FF534648
:100E400028700121187CFFF763FFE0BCBA46B14669
:100E5000A846F0BDFF23A340390040461C00FFF721
:100E600097FF2B78A343044023432B7001240135C3
:100E7000D1E7C046781E0020024B01740360427423
:100E80007047C046746F0010F8B5CE46474606005E
:100E9000914680B50F00007C00219846FFF738FF8F
:100EA000594D02212800FFF773FF00212800FFF7AA
:100EB0006FFF0121307CFFF72BFF0021307CFFF713
:100EC00027FF0A212800FFF763FF04212800FFF70E
:100ED0005FFF0121307CFFF71BFF0021307CFFF713
:100EE00017FF14212800FFF753FF80212800FFF788
:100EF0004FFF0121307CFFF70BFF0021307CFFF713
:100F000007FF12212800FFF743FF4B46002B09D0B3
:100F10000024013439782800E4B2FFF739FF0137A3
:100F2000A145F6D10121307CFFF7F2FE0021307C93
:100F3000FFF7EEFE02212800FFF72AFF0321280019
:100F4000FFF726FF0121307CFFF7E2FEFFF7F4FEFA
:100F5000042359300700994605E0FFF7FDFEFFF72F
:100F6000EBFEB8424ED20021307CFFF7D1FE8A2141
:100F70002800FFF70DFF00212800FFF709FF0121DE
:100F80000400307CFFF7C4FE4B462342E5D000212D
:100F9000307CFFF7BDFE02212800FFF7F9FE00219B
:100FA0002800FFF7F5FE0121307CFFF7B1FE00219C
:100FB000307CFFF7ADFEC4212800FFF7E9FE0021D9
:100FC0002800FFF7E5FE01210400307CFFF7A0FEBA
:100FD00043461C700021307CFFF79AFEC221280096
:100FE000FFF7D6FE00212800FFF7D2FE0121040002
:100FF000307CFFF78DFE434600205C70C0BCB946D4
:10100000B046F8BD0320F9E7781E0020F0B557463A
:10101000DE464E464546E0B587B09A4612AB1B7891
:1010200006009B4613AB1B780F000393119B904661
:10103000002B00D135E11B785A4612019B18DBB218
:101040000021307C9946FFF763FEA24C022120006C
:10105000FFF79EFE00212000FFF79AFE0121307C61
:10106000FFF756FE0021307CFFF752FE08212000DA
:10107000FFF78EFE7F212000FFF78AFE0121307CE2
:10108000FFF746FE0021307CFFF742FE14212000CE
:10109000FFF77EFE80212000FFF77AFE0121307CE1
:1010A000FFF736FE0021307CFFF732FE12212000D0
:1010B000FFF76EFE43460025002B08D00135397836
:1010C0002000EDB2FFF764FE0137A845F6D10121FB
:1010D000307CFFF71DFE0021307CFFF719FE1A213E
:1010E0002000FFF755FE49462000FFF751FE012181
:1010F000307CFFF70DFE0021307CFFF709FE022156
:101100002000FFF745FE0C212000FFF741FE0121E2
:10111000307CFFF7FDFD0021307CFFF7F9FD9A21BF
:101120002000FFF735FE00212000FFF731FE0121EE
:101130000500307CFFF7ECFD0021307CFFF7E8FD77
:101140001A212000FFF724FE802149422943C9B219
:101150002000FFF71DFE0121307CFFF7D9FDFFF7CE
:10116000EBFD302324300700984609E0ED0700D559
:101170008EE0FFF7F1FDFFF7DFFD874200D887E043
:101180000021307CFFF7C4FD88212000FFF700FE1E
:1011900000212000FFF7FCFD01210500307CFFF756
:1011A000B7FD43462B42E1D00021307CFFF7B0FD74
:1011B0008C212000FFF7ECFD00212000FFF7E8FD67
:1011C00001210700307CFFF7A3FD13231D003D40E4
:1011D0003B426DD15346002B65D0109B002B62D053
:1011E0000021307CFFF794FD94212000FFF7D0FD13
:1011F00000212000FFF7CCFD80460121307CFFF765
:1012000087FD109B1B7843455CD34246109B1A70A8
:10121000002A4FD10021307CFFF77AFD9821200071
:10122000FFF7B6FD00212000FFF7B2FD0121040009
:10123000307CFFF76DFD07200823119A20403B40CA
:10124000002A00D01070002B3ED1039B002B20D031
:10125000109B1B78012B39D018D9002816D1023BDE
:1012600005ACDAB2514623003000FFF70DFE00282E
:101270000ED1109B1B7853449A1E1178227891420C
:1012800004D1013B1A7863789A4202D0072500E026
:101290000325280007B0F0BCBB46B246A946A046CD
:1012A000F0BD0023C8E63D07ED0F6D00EDB2F0E79D
:1012B0000125EEE75B461221009330005346FFF70D
:1012C0008FFDA7E70425E4E70225E2E70428DDD146
:1012D000FF25DEE7781E0020F0B5DE46574645467E
:1012E0004E46E0B58FB00792069107008A46007C13
:1012F00000211500FFF70CFDCE489C218046FFF72A
:1013000047FD00214046FFF743FD01210400387CE2
:10131000FFF7FEFC0021387CFFF7FAFC1C21404659
:10132000FFF736FD7F2140462140FFF731FD0121C7
:10133000387CFFF7EDFC93230BAE3370002D0CD0FF
:101340006BB2994653461B78042B00D85DE101230C
:1013500000220993089200233AE100230893013305
:1013600009930023994606A98C46122262449346AB
:1013700013226244924607244D465A4602332540C2
:10138000DBB215701A01AA182C0072706A1E954102
:101390005D19EAB204920922F518D31A2201A218A3
:1013A000DBB20592524613700021387CFFF7B0FC87
:1013B0001A214046FFF7ECFC05994046FFF7E8FC90
:1013C0000121387CFFF7A4FC002303935B460193C3
:1013D00053460294009331002B003800049AFFF723
:1013E00015FE040002282ED0002800D09FE04B46B6
:1013F0001F2B5CDC202399467023F2787370B3783E
:10140000310053403279380053407279534006AA74
:101410009446B3711B2307226344FFF735FD041E76
:1014200000D01FE106AA94461223092263449B467A
:101430001A251870002304920A32624405939246DA
:1014400003336544AEE70021387CFFF761FC9C2143
:101450004046FFF79DFC00214046FFF799FC050040
:101460000121387CFFF754FCAB0660D41F231A001F
:101470002A402B4208D14B461F2B57DC8023727920
:101480005B4213437371B5E74A454FDD072053B202
:10149000511E9946D3081A000140284200D1FAE0B3
:1014A000063888400232B15C0143B15463E7B27838
:1014B000089B882A00D1D7E006998C4663445A706D
:1014C000F2789A703279DA7072791A7153461B7811
:1014D0000893032B00D0D1E05B461B78002B00D093
:1014E000CCE006AA94461633012229003800634452
:1014F000FFF7CAFC002800D0B4E0B2786B789A42BB
:1015000000D0BDE0F278AB789A4200D0B8E0042277
:1015100014002B781C401A4200D1B3E0099B013320
:10152000DBB20993022B41D0032B08D00524200005
:101530000FB0F0BCBB46B246A946A046F0BD97230B
:10154000079A3370303A53B2DB43DB1713405BB278
:1015500006229946062308924A464846D110CAB246
:10156000400769D006998C4663445978B170002AC7
:1015700016D09978F170012A12D00132111CD2B222
:10158000042A00D90421022000240425C9B2DA78F3
:1015900003307255042901D11B793354002C43D1F7
:1015A0004B461F2B00DD27E7DB10DCE6952333706D
:1015B000079B002B26D01A00183A53B2DB43DB17E7
:1015C0001340069A5BB2127899460323072AC3D9BF
:1015D0008822B2704A464846D210D1B240071AD08B
:1015E000069A944663445A78F27000291CD09A787F
:1015F0000131C9B23271022916D903200124010038
:101600000525C4E700239946B5E601230022099386
:1016100008920023A0E7002A07D0069A9446634464
:101620005A78F27001293DD14A46083253B29946A0
:10163000B6E7C046781E0020002938D0111C042AC5
:1016400000D904210698C9B2844663445878B07022
:10165000012AA5D098780425F07002200024824247
:1016600095D19DE7032462E7069A9446F278634495
:101670005A7032799A707279DA7027E7012456E746
:10168000072454E70999069A8C46D3724B006344A9
:10169000013313704BE780210132B05C49420143B2
:1016A000B15468E69A7832710229A6D8BCE70023C3
:1016B000994658E610B5502A02D8FFF70DFE10BD26
:1016C0000620FCE7010008C9074A1B6810B59342D1
:1016D00006D10022FFF700FE43425841C0B210BDC0
:1016E00000229847F8E7C046B5160010F0B511275C
:1016F0000223040087B06F443B700021007CFFF799
:1017000007FB394D24212800FFF742FB0021280068
:10171000FFF73EFB0121207CFFF7FAFA0021207C35
:10172000FFF7F6FA26212800FFF732FB00212800F8
:10173000FFF72EFB0121207CFFF7EAFA0021207C35
:10174000FFF7E6FA48212800FFF722FB26212800B0
:10175000FFF71EFB0121207CFFF7DAFA26236A46F9
:1017600093740021207CFFF7D3FA9C212800FFF717
:101770000FFB00212800FFF70BFB01210600207C56
:10178000FFF7C6FA0021207CFFF7C2FA1C212800CF
:10179000FFF7FEFA7F2128003140FFF7F9FA132501
:1017A0000121207CFFF7B4FA07236D442B7012212E
:1017B000002301220393029320000195009705ABBB
:1017C0006944FFF723FC002808D13B78022B01D0A5
:1017D00007B0F0BD287843425841F9E70238434248
:1017E0005841C0B2F4E7C046781E0020F0B5C646A6
:1017F0000423040000B58D4D82B0022228008C49DC
:101800000093013BFFF7D6FA0121207CFFF7B0FAE5
:10181000207C0121FFF77CFA607CFF2808D00021A2
:10182000FFF7A6FA607CFFF77DFA002800D1EAE016
:101830000021207CFFF76CFA02212800FFF7A8FAAC
:101840000F212800FFF7A4FA0121207CFFF760FA9E
:101850001023032798463220FFF786FA0021207CC8
:10186000FFF756FA82212800FFF792FA002128009C
:10187000FFF78EFA01210600207CFFF749FA434664
:10188000334200D0B9E00021207CFFF741FA242147
:101890002800FFF77DFA00212800FFF779FA0121DF
:1018A000207CFFF735FA0021207CFFF731FA262152
:1018B0002800FFF76DFA00212800FFF769FA0121DF
:1018C000207CFFF725FA0021207CFFF721FA482130
:1018D0002800FFF75DFA26212800FFF759FA0121B9
:1018E000207CFFF715FA0021207CFFF711FA542124
:1018F0002800FFF74DFA80212800FFF749FA01215F
:10190000207CFFF705FA0021207CFFF701FA562121
:101910002800FFF73DFAA9212800FFF739FA012135
:10192000207CFFF7F5F90021207CFFF7F1F9582121
:101930002800FFF72DFA03212800FFF729FA0121DB
:10194000207CFFF7E5F90021207CFFF7E1F95A211F
:101950002800FFF71DFAE8212800FFF719FA0121F6
:10196000207CFFF7D5F90021207CFFF7D1F92A214F
:101970002800FFF70DFA40212800FFF709FA01219E
:10198000207CFFF7C5F90021207CFFF7C1F9222157
:101990002800FFF7FDF93D212800FFF7F9F90121A3
:1019A000207CFFF7B5F90021207CFFF7B1F9A821D1
:1019B0002800FFF7EDF900212800FFF7E9F90600FC
:1019C0000121207CFFF7A4F9F3439B0711D00021EC
:1019D000207CFFF79DF928212800FFF7D9F9032380
:1019E0001E43F1B22800FFF7D3F90121207CFFF755
:1019F0008FF902B080BCB846F0BD013FFFB2002FA6
:101A000000D028E73FE7607C0121FFF7B1F9002112
:101A1000607CFFF77DF90220FFF7A0F9607C0121CF
:101A2000FFF776F93220FFF79FF92CE7781E0020A8
:101A300000093D00094A83009A1810B51468402235
:101A4000544080322240064CC000A44663441A60D1
:101A5000044B9C466044416010BDC04604C0014038
:101A600004D00140004001400123D02283401206EF
:101A700093629361094A83009A1811684022514089
:101A800080320A400649C0008C4663441A60054B08
:101A90009C460523604443607047C04604C0014033
:101AA00004D00140004001400FB400B5084883B0A5
:101AB00001F008FD049B002B07D005A91800019137
:101AC00001F084FB034801F0FDFC012001F096FBCE
:101AD000086700101867001070B5EFF3108C72B62D
:101AE0000D4D2B68002BFCD0BFF35F8F0724CB0874
:101AF000C618C05C01230C40A3401C0004400342F4
:101B000007D118433070BFF35F8F2C608CF31088BF
:101B100070BD1000FFF7C8FF2C0100D0044A1078F8
:101B2000431CDBB2172B00D9102313707047C0463B
:101B3000101200200021044B044ABFF35F8F02C340
:101B40009342FAD17047C046000100D0800100D016
:101B5000054B064A1360064A136053609360D360D6
:101B600013615361936170478080808000E400E0DE
:101B700004E400E01F2318401E3B8340002905D0E9
:101B8000C021044A49005350136070478022014924
:101B90008B50FAE700E100E070B50D00EFF310861E
:101BA00072B60F4A1368002BFCD0BFF35F8F0D4B4A
:101BB00010309B6884001B590B4A934203D09D420E
:101BC00001D000F099FE074B9B681D51BFF35F8F5A
:101BD000BFF35F8F0022024B1A6086F3108870BD3E
:101BE000240100D000ED00E0C1010010024B9C4632
:101BF00061448900016070474000003470B5114CA9
:101C0000114DAC420FD2FF262368002B0CD0FFF7FA
:101C100085FF01002000FFF7E9FFA680BFF35F8F7B
:101C20000834AC42F0D370BDFFF778FF010020000C
:101C3000FFF7DCFF2671BFF35F8F0834AC42E3D3BC
:101C4000F1E7C046C4170020CC1700200A4B1968E2
:101C5000EFF3108072B60A68002AFCD0BFF35F8FE2
:101C60001B68BFF35F8F00221A6080F3108840BFAB
:101C7000002000217047C046F81E0020F0B5DE4667
:101C800057464E464546E0B587B0EFF3058303223D
:101C900001251A40954091008846A946B34B03920E
:101CA0005C58B34B1D60B34B04934B46B24843633F
:101CB0000823E55E002D37DAA3881BB2002B00DB7A
:101CC000ADE0A379002B00D0EEE00823E05E002811
:101CD00020DB430062691B18DB00D3189E68DD68B7
:101CE000731C00D111E1A44801004144826A0B69D0
:101CF000B71A9B1A9F4215D30123026A03988340A7
:101D00001A420FD09C4800F0BDFB8D4202DCCCD1C2
:101D10008642CAD940BF07B0F0BCBB46B246A9460E
:101D2000A046F0BD0E61EDE762696B0092465B195B
:101D3000DB009A4453469E68DF6800F0A3FB8F42A5
:101D4000BADC00D103E1002F00DAE8E05246534646
:101D500052691B699346049A934200D1D9E05246D6
:101D60000821605E5288000459461043984700904D
:101D700001910099019A0B001000134300D1CEE0AD
:101D800013000A00B61A9F41002806DB7A4800F0CB
:101D900079FB009E019F36184F4153469E60DF60DD
:101DA00000229A5E002A00DA86E7530099186069DB
:101DB000C900411802938B68C9689B46B94200DD8F
:101DC0007AE702D1B34200D976E708239C46A444BF
:101DD000059565462281A446029B2C0006E053002F
:101DE0009918C90041188D68C968AB469B18DB007B
:101DF000C318B94206DC00D1B3E01C000023E25E48
:101E0000002AECDA230064469C4653461A80634657
:101E1000059D1D80A3881BB2002B00DA51E72269C3
:101E2000EFF3108172B61368002BFCD0BFF35F8F05
:101E30000123A7885B42A3803FB22369BFF35F8F72
:101E400000221A6081F31088002F00DA39E723009E
:101E5000083322009A4666697B00DB19DB00F31821
:101E6000996850468C460824115FDD68002910DB14
:101E7000029306E0AB4244D00023E15E200000293B
:101E800006DB4C006418E4003419E368AB42F1DD72
:101E9000029B078000201F5E1980002FDCDA1400EF
:101EA000A379002B00D110E70023A371260008239B
:101EB000E15E08364B1C00D12CE70800A24665699C
:101EC00002E03E004B1C1AD04B005B18DB00EF1801
:101ED0000A008C46E95E7B881BB2002BF1DA0123F5
:101EE0005B42DC17BB60FC60824205D05346318008
:101EF0001B893B8053461A8160464B1CE4D15446F3
:101F0000E5E6A3686345B7D9C2E76B1C00D0EAE6F3
:101F1000F8E65B4658461B69984700281BD1534694
:101F20001B8822692381EFF3108372B611680029A0
:101F3000FCD0BFF35F8F514662880A8022696580BA
:101F4000BFF35F8F0021116083F31088B4E68642EF
:101F500000D8F8E6B0E65B461A685B680092019329
:101F600007E7B34500D848E74CE7C046E41E002029
:101F70003C7005407D1C00100040054070B52E4CA3
:101F80002569002D04D00A212C48FFF72FFE70BDD3
:101F90002B4E0321300000F06BFAE660FFF7BEFD28
:101FA000284B03229C46D02322701B061B6801216C
:101FB0006370254B6044A3600F23800020610220E2
:101FC000638063694942A1801980023119864731D3
:101FD0001D83585218315A5275325C399952183251
:101FE0000131995218320131995218320131995206
:101FF000083518329D520231183299521832013187
:1020000099521832013199521832013199521832CD
:10201000013199521832013199520C4B0C49DC6054
:1020200001303562FFF7B8FD01210320FFF7A2FD63
:10203000084B1D60A7E7C04614120020F81E0020C0
:102040000040054040000034FFFF1000E41E002067
:102050007D1C00103860054070B501000469EFF385
:10206000108C72B620680028FCD0BFF35F8F02206E
:102070000D5E4C6968004019C00024180869002DE5
:1020800036DB26884E80BFF35F8F002606608CF318
:102090001088E36063880498013320615B0405982D
:1020A0005B0CA26060611A1C002B1FD093B2280445
:1020B000628018430A69EFF3108C72B61368002B24
:1020C000FCD0BFF35F8F8B8823808D800B69BFF3BB
:1020D0005F8F00221A608CF310880B7801329A40CF
:1020E000CB6808498C4663441A6070BD0122DDE765
:1020F000BFF35F8F002303608CF310880120404200
:10210000F3E7C0463C20000010B543890A1493420F
:102110001ADD53009B184269DB00D3180469EFF302
:10212000108C72B62268002AFCD0BFF35F8F5A88E9
:10213000090494B2090C8A4208D00369BFF35F8F87
:1021400000221A608CF31088002010BD8022120239
:1021500014435C80012302698371BFF35F8F002108
:1021600011608CF31088044902788C469340C26851
:10217000012062441360E8E73C200000F0B5C64649
:1021800000B582B004000D0000F084F924184D4120
:10219000002D02DA01242F4D644206267642F717FD
:1021A00036196F41AF4214D811D000F073F93200E4
:1021B0003B00121A8B41002B15DC002B46D020006F
:1021C000290000F0F3F902B080BCB846F0BDA64289
:1021D000EBD90026002700F05DF932003B00121A0F
:1021E0008B41002BE9DD00F055F932003B00121A5B
:1021F0008B41002B0ADB00230193174B3200009325
:1022000016483B00FFF728FF0130D8D000233900E3
:10221000B0469C46124A1348536A994204D8966ABB
:102220004645CCD29942CAD10668EFF3108772B600
:102230003368002BFCD0BFF35F8F0368BFF35F8F61
:1022400066461E6087F3108820BFE5E7002AB6D0F7
:10225000C9E7C046FFFFFF7F4D1C0010141200208D
:1022600000400540F81E0020F0B5C64600B582B01B
:10227000040000F00FF9FA2206000F0020000023EE
:102280000021920000F002FF8019794104000D1E28
:1022900002DA01242E4D644206267642F7173619DB
:1022A0006F41AF4214D811D000F0F4F832003B0077
:1022B000121A8B41002B15DC002B46D02000290080
:1022C00000F074F902B080BCB846F0BDA642EBD96C
:1022D0000026002700F0DEF832003B00121A8B4186
:1022E000002BE9DD00F0D6F832003B00121A8B41DA
:1022F000002B0ADB00230193164B32000093164893
:102300003B00FFF7A9FE0130D8D000233900B046CA
:102310009C46124A1248536A994204D8966A464526
:10232000CCD29942CAD10668EFF3108772B63368EF
:10233000002BFCD0BFF35F8F0368BFF35F8F66464F
:102340001E6087F3108820BFE5E7002AB6D0C9E7F2
:10235000FFFFFF7F4D1C00101412002000400540BD
:10236000F81E0020F0B557464E46DE464546E0B51D
:1023700006000F0085B0EFF3058399468B46002BCE
:1023800012D0384900204B6ABB4206D38A6ADB1B55
:10239000591E8B41B2424041184305B0F0BCBB46C8
:1023A000B246A946A046F0BD2F4B9A46DB68984638
:1023B00053461B784046039300F064F84246039B63
:1023C000040004339B009B580D001B1A3900300099
:1023D000001BA941894510DC0DD020BF214A0020F7
:1023E000536A5B45D9D3926ADB1B591E8B41B242BB
:1023F00040411843D1E78342EFD900F04BF8320057
:102400003B00121A8B41002B1ADB00230193174B60
:102410003200009350463B00FFF71EFE011E0FDD09
:10242000104B5A6A5A451BD39B6AB34216D3504687
:10243000FFF76AFE0B4A0020536A5B45ADD3D2E733
:10244000084A0020536A5B45A7D30020926ADB1B31
:10245000B24240415A1E934118439EE75A45E6D185
:1024600020BFE4E700400540141200204D1C00107E
:1024700010B5024A0248FFF72FFB10BD1C67001081
:10248000A81E00200300416A0A00986A596A8A421D
:10249000FAD17047034B596A0A00986A596A914207
:1024A000FAD170470040054070B504000D00174A8E
:1024B000536A1900966A536A8B42FAD130001900A8
:1024C00024184D41AB4216D813D0104B2A005B6A3A
:1024D0009D4203D90D494B6A9342FCD3934207D1E5
:1024E0000A4A02E0516A994202D1916AA142F9D3A3
:1024F00070BDA642E9D9054B5B6A1C005A1CEFD09F
:10250000012201246442E5175242E3E700400540FE
:10251000244B70B598420BD843011B1A224A9B00EA
:102520001818916AC000936A5B1A9842FBD870BD74
:10253000FA2200239200002100F0A8FD04000D0003
:10254000194A536A1900966A536A8B42FAD13000CD
:10255000190024184D41AB4218D9134B5B6A1C007B
:102560005A1C0AD0012301246442E5175B420E493C
:102570004A6A9A42FCD39A42D9D10B4A02E0516A84
:102580009942D4D1916AA142F9D3D0E7AB4205D0A8
:10259000054A2B00526A9542E9D8ECE7A642F7D9E2
:1025A000DBE7C0469BC4200000400540064A536A52
:1025B0009942FCD807D1044B02E05A6A914202D1F9
:1025C0009A6A9042F9D8704700400540F8B5DE4657
:1025D0004E4657464546E0B58B4605000A99180019
:1025E000160000F0B3FA0A9B6C001F02324B64190C
:1025F0009C46A4006444636881469F4200D967609A
:102600002B1FDBB29846012B30D9C02380229B01BF
:10261000E31812011A60294BAD0059599A46002956
:102620001BD17301E026226853401E40802342469E
:102630005B01E3181E60012A30D9802380229B01B0
:10264000E31812011A6053464A4667605A51F0BCBB
:10265000BB46B246A946A046F8BD586900F076FAD6
:10266000013043001B18033BFDD2DAE75B46012B28
:10267000CBD1C02303229B01E3181A60023AA3685E
:102680001A42FCD07301E0262268AD0053401E4080
:1026900080230A4A5B019246E3181E605A4621686D
:1026A000514003220A401A6001225B469A40A36807
:1026B0001A42FCD0C1E7C04600800040AC1E00209A
:1026C000F0B546464F46D646C0B51F00344B4400D1
:1026D0009C462418A4006444636888461600FF2BB7
:1026E00002D880235B006360031FDBB29A46012B94
:1026F00030D9C02380229B01E31812011A60294BB4
:1027000085005959994600291BD17301E02622689A
:1027100053401E40802352465B01E3181E60012A8D
:1027200030D9802380229B01E31812011A60802394
:102730005B0063604B465F51E0BCBA46B146A846B9
:10274000F0BD586900F002FA013043001B18033B4A
:10275000FDD2DAE74346012BCBD1C02303229B01F4
:10276000E3181A60023AA3681A42FCD07301E0260B
:102770002268850053401E4080230A4A5B0191462F
:10278000E3181E6042462168514003220A401A6045
:10279000012342469340A2681342FCD0C1E7C046E1
:1027A00000800040AC1E0020014B8000C0587047E4
:1027B000AC1E0020F8B5040021481E0017000D00D3
:1027C00000F0C4F90100380000F0C0F9069B36049F
:1027D0001B031E432368002B20DB1A4B1A49E31806
:1027E0005A1E93418022920194465B421B0B174A6A
:1027F0001B0363441360164A13601F000A68974363
:10280000FBD1144B2560E2182123A06013602368DC
:10281000002BFCDA0823E6601360F8BD3F23226832
:102820001340AB42D9D1A3681B051B0D8342D4D101
:10283000EE22E368D2021340B342CED1EDE7C046A8
:10284000001BB7000040FDBF08C0004000E0004092
:1028500000F00040043000008023024A9B000B433C
:10286000D362704700800540002310B50100988AAC
:102870001B8B984710BDC046162310B50100188861
:1028800002331B88984710BDF8B54746CE4680B541
:102890000F1E18D014239946043304000025012686
:1028A00098464B461888434621681B88984701C4C0
:1028B000431E984101350640AF42F2D13000C0BC02
:1028C000B946B046F8BD0126F8E7C046AA23064A35
:1028D0001B0113608D235B00D3600449044B196016
:1028E0005368002BFCDA70470040024000B0FA0049
:1028F000006002407047C04610B50148FFF7D4F8A9
:102900004067001070B5074D074EB54209D200244C
:10291000013E761BB60808CD984723000134B34228
:10292000F9D170BDD865001014660010054B064A39
:1029300006491A60064A074B1A6010000B68984354
:10294000FBD1704700E00040BFCDFBFE08C0004057
:10295000FE7F3C0000F00040044BDB6C002B03D1F9
:102960008022034BD2021A607047C046000011500B
:102970004C201150044A054B1A60054A1368DB01CC
:102980008033FBD17047C046FFFFFF0100F00040DD
:1029900008C000404022034B9A675A671A67DA66FC
:1029A0007047C04600F0014010B5FFF7C3F810BDF6
:1029B000F8B52749274C284D641AA6103200302E4E
:1029C00000D930222800920000F0E6FBBC2C3BD856
:1029D00030202F232C196407204A801BE40F9B1BF7
:1029E000052B16D93700002C02D0B300771CEA5013
:1029F000001B33199B004108EB18C900C9181A6065
:102A00005A6008339942FAD1012303421CD09843FB
:102A1000C619B300EA50731C2F2E15D09B00EA5044
:102A2000B31C2E2E10D09B00EA50F31C2D2E0BD081
:102A30009B00EA50331D2C2E06D09B00EA50731DDC
:102A40002B2E01D09B00EA50054B9D60F8BDC0467F
:102A500000010010C001001000000020C1010010A2
:102A600000ED00E0002310B5294C82B0A367FFF70A
:102A70002DFF0122274B1A60636C012BFCD103222E
:102A8000254B1A60224A936B012BFCD10133009332
:102A90000121224A22480433FFF78CFE052301213D
:102AA0000093204A2048FFF785FE002202210420DF
:102AB0001E4BFFF705FE0022012105201C4BFFF7EE
:102AC000FFFD0022002107201A4BFFF7F9FD00222D
:102AD00000210820174BFFF7F3FD8023DB00009354
:102AE000002200210920134BFFF770FD0022104B3C
:102AF00000210620FFF7E4FD0420FFF755FE0E49F4
:102B000000F024F801000020FFF7A6FE02B010BD7F
:102B1000008000403CB0004030B00040002F6859B9
:102B200000800240008C864700C00240001BB700B6
:102B300040597307006CDC0240420F000148042139
:102B4000014B18473012002089280010114A936F5A
:102B50009B0813D210665166002905D0FFE7FFE7F6
:102B6000FFE7516F106F704704B5002801D00020B7
:102B7000C04303F0E1FC002104BDC046F0B5146E73
:102B8000556E576F166FFFF7E5FF1466556657676A
:102B90001667F0BD000000D094464A4A926F920832
:102BA000624601D228E0C046F0B5464E346E756EDE
:102BB000776F366F00F020F89446424A14665566E7
:102BC000576716676246F0BD94463E4A926F920878
:102BD000624601D254E0C046F0B53A4E346E756E8E
:102BE000776F366F00F04CF89446364A1466556697
:102BF000576716676246F0BD002B24DB11D0002911
:102C00003EDA00B5C943404200D1013100F038F846
:102C1000C943404200D10131DB43524200D101336C
:102C200000BD002AEBD1002801D1002905D00020E9
:102C3000C90FC90701D1C043410800B503F054FCD6
:102C40000022002300BD00B500290ADBDB4352420D
:102C500000D1013300F014F8C943404200D10131E2
:102C600000BDC943404200D10131DB43524200D193
:102C7000013300F005F8DB43524200D1013300BDBF
:102C8000002923D1002B18D1002A0CD0BC460D4FAF
:102C900038667A6600210023FFE7FFE7FFE77A6FD7
:102CA000386F67467047002801D00748010000B51B
:102CB00003F01AFC0022002300BD02000B000020DC
:102CC00000217047000000D0FFFFFFFF002B00D065
:102CD000BFE0130C28D1002AE7D080B4114F396629
:102CE0007A66FFE7FFE730B4040C7B6F396F1B0493
:102CF00023433B667A66FFE7FFE7FFE7C04684B2FF
:102D00007B6F3D6F1B0423433B667A66FFE7FFE75B
:102D1000C04600232C042D0C7A6F386F00196941CE
:102D2000B0BC7047000000D0F0B594460025140EEA
:102D300001D112020835140F01D112010435940F8C
:102D400001D192000235D40F01D152000135D40BCC
:102D50000134254F7C66254C3C660E0C93B2FFE790
:102D6000FFE7FFE73C6F6643360C7703BE467343CD
:102D7000DF0B5B04C01AB941130C7343DB18C91A8B
:102D8000CE086643360CB64493B273431F0F1B0143
:102D9000C01AB941130C73431F0B1B05C01AB9416C
:102DA000860D8F023E436643360C092D24DB520A02
:102DB0007243801A7703460A6643360C16235B1B60
:102DC000DE40DF40BF1964466643821B704604350F
:102DD00006330100D940A840C01900D30131A242F6
:102DE00006D20023F0BD0000000000D0FFFFFFFF6F
:102DF000121B0130F3D3F1E709277F1BFE40644625
:102E0000A2B27243801A00D20139220C7243130C11
:102E10001204821A99410B007046043513370100E1
:102E2000F940A840801900D30131002B02D1A24201
:102E30000AD2F0BD013000D30131121BFAD2013B9E
:102E4000F8D1A24200D2F0BD013000D30131121BF3
:102E5000F7E7F0B51C0C00D080E00CB400251C0A8C
:102E600004D11B02160E3343120208351C0B04D189
:102E70001B01160F3343120104359C0B04D19B0038
:102E8000960F334392000235DC0B02D192185B415E
:102E900001351C00971864410134464F7C66464C4E
:102EA0003C660E0CFFE7FFE7FFE7C0463C6F66435A
:102EB000360C7703BE4697B27743C01B00D2013968
:102EC000C01B00D201399FB27743C91BC91B170C25
:102ED00077437E04FF0B801BB941CE086643360C56
:102EE0000C2D33DBB644120B1F053A431B0B97B274
:102EF0007743C01B00D201399FB27743C91B170C1F
:102F000077433E043F0C801BB941860D8F023E4340
:102F1000664329277F1BFE400C3D7746AF40BF1913
:102F200030BCA2B2ABB272437343801A9941220CF7
:102F30007243130C1204801A994102000B000137EE
:102F4000001BA941F9D2781E0021F0BD0C277F1B80
:102F5000FE4077467F0BAF40FF19E0E700245D1C81
:102F600007D0144F7D663966FFE7FFE7FFE7FFE70D
:102F70003C6F95B29EB265436643401BB141150C50
:102F80001E0C6543664336042F0C3E432D04401B44
:102F9000B141994204D202000B0020000021F0BD93
:102FA00001D19042F7D3801A994101349942F2D36A
:102FB000F6E70000000000D0FFFFFFFF132370B50D
:102FC0001D78012D19D014DD1F48FFF755FC0600B0
:102FD0001E48FFF751FC1E4C80223100200000F0FB
:102FE000DBF8022D2DD01B48FFF73EFC1A4B186072
:102FF00070BD1A4B164CA364F5E7184B144C2360B4
:103000006360A360E36023616361A361E3612362A2
:103010006362A362E36223636363A363E363236482
:103020006364A364E36423656365A365E365236662
:103030006366A366E36623676367A367E367A364C6
:10304000D1E7064BA364CEE753440000534600008B
:10305000501900204C330000F41E00206130001095
:1030600007B5604601880A0A0230DF2AFAD1C9B2E0
:10307000820804D3028840880004104300E00068FE
:10308000014A5050039007BD50190020514343435B
:10309000C9188C46110C83B24B4310B4040C614325
:1030A00092B280B2504362431C041B0C001910BC46
:1030B00059411304120CC01851416144704700007B
:1030C000132310B512481C78FFF7D6FB0100012C22
:1030D0000AD003DD80220F4800F05EF80E48FFF7AB
:1030E000C3FB0E4B186010BD0A4C5422200000F0A8
:1030F00053F80B4B6365A365E36523666366A366BC
:10310000E36623676367A367E3672362E361E5E739
:1031100053460000501A00204C330000F41E0020DB
:103120002531001007B5604601880A0A0230DF2AFF
:10313000FAD1C9B2820804D302884088000410433F
:1031400000E00068014A5050039007BD501A00206B
:1031500010B5040002F056FD002804D0034B0419FA
:103160009C4200D810BD0248FEF79EFC00000420DF
:103170004C67001010B502F04FFD10BD014804214E
:10318000014B18474012002089280010014B1B6892
:103190001847000040120020014B5B6818470000F0
:1031A0004012002010B5FFF7D3FF10BD10B5FFF798
:1031B000E1FF10BD10B5FFF7DDFF10BD10B5002811
:1031C00000D110BD00F034F9FBE7C04610B5094A44
:1031D0000300146884B0002C08D001220091064836
:1031E000524203A9A047012004B010BD00F06AF9C3
:1031F0000020F9E7E01E0020BD31001000BEFDE711
:10320000094A03001068002805D00849C3188B42FA
:1032100007D81360704706480449C31810608B42F2
:10322000F7D901204042F5E7DC1E00200000042011
:10323000FC1E002000207047012040427047C0461D
:1032400010B5FFF7DBFFC04670B5FFF75BFB074D1E
:10325000074EB54209D20024013E761BB60808CDC0
:10326000984723000134B342F9D170BD14660010B1
:1032700024660010030010B5080011001B68984771
:1032800010BDC046F0B5C64600B5437D07000C0032
:103290001600002B46D0002A17DD0B780A2B24D00D
:1032A00000239846012E13D001252900635C0135C7
:1032B0000A2B26D0B542F8D1464509DCA419013CB9
:1032C00023780D3B5A4253413B7580BCB846F0BD54
:1032D0004346E018A419F11A013C3B68984723784B
:1032E0000D3B5A4253413B75EFE7037D002BD7D18D
:1032F00002210F483B689847012EDFD001239846F2
:10330000D2E7631E5B5C0D2BD4D0884504DA4346BC
:10331000C91AE0183B689847022105483B68A8464F
:103320009847C7E70368110020009847CDE7C046DB
:10333000D46F0010F0B54546DE464E465746E0B520
:1033400083B091461C0080460D00FFF7A3F80023D0
:10335000304A12184B41002B02DA01222E4B524206
:103360002E4908008A4603F00FF907006B1C03D1B1
:10337000404601F08FFE0500002C27D0284E294B37
:103380001C68002C18D04B46002B21D1264B9946A7
:1033900002E02469002C0FD02368002BF9D04B46A3
:1033A0001B68002B01D09C42F3D120002A0041462B
:1033B000B0472469002CEFD1002F26D1280003B09C
:1033C000F0BCBB46B246A946A046F0BD174ED6E7B4
:1033D000154B99460A239B4602E02469002CEBD04A
:1033E0002368002BF9D04B461B68002B01D0A34269
:1033F000F3D12A0041462000B0476B465A462000D0
:10340000DA71D91D0122B047E7E7504603F064F8AE
:10341000D4E7C04640420F00FFFFFF7FC4170020E3
:1034200085320010D41E0020D81E002075320010F6
:10343000F0B5CE46474680B583B06B460600DD1D2D
:103440002870FFF727F80023194A12184B41002B68
:1034500002DA0122174B524217490800884603F04E
:1034600093F8164B81461C68002C14D0144F02E0D0
:103470002469002C0FD02368002BF9D03B68002B67
:1034800001D09C42F4D1200001222900FFF7FAFE6E
:103490002469002CEFD14B46002B05D1300003B03E
:1034A000C0BCB946B046F0BD404603F015F8F5E79C
:1034B00040420F00FFFFFF7FC4170020D41E0020F2
:1034C000D81E002070B5040001F0E4FD01230100C6
:1034D000050001222000FFF72DFF084B1C68002C7F
:1034E00006D06368002B05D098472469002CF8D1DA
:1034F000280070BD2469002CF3D1F9E7D41E002008
:10350000F0B5DE4657464E46454690460022E0B5A9
:1035100085B01E000EAB1B7807009B460368DA6679
:1035200001325960DA66002E60DD02795946920256
:10353000924601224A4052029446802291465A46BF
:10354000802403926246BB46002010214746B446C1
:10355000751EA4000192421B160072427241019E28
:103560005242164002963E5CB046564642461643CC
:103570003200029E16431E61019E5A6B1142FCD01E
:103580004A469A5801969246002A0AD1A84228D063
:103590000022013092468445DDD1039B5F469B4665
:1035A00016E05A6D012290465A6B2242FCD01A6EE8
:1035B00042460196002AEBD0039B5F469B4653464A
:1035C000002B15D05346DB0712D453461B070FD5EB
:1035D0005B463B7105B0F0BCBB46B246A946A0466F
:1035E000F0BD039A002AD3D19046DDE70020EFE733
:1035F00001204042ECE7C046F8B5DE4657464E464D
:1036000045468346E0B505200C00FFF7CDF80600DF
:10361000600821008019FFF799FA4300984680441A
:10362000070005214046FFF791FA3B1A9A461E4BC8
:103630008146700080199C4231D81C49FFF786FAF8
:10364000451C5B461C680023E366226804335A402D
:103650000233134080225201A21813605346E361E3
:103660004B462362434601204F2B03D9502140464D
:10367000FFF76CFAA023E050E36F39005D400C4B7C
:103680002D042D0CE3181D6001233000E366FFF7C5
:103690005DFAF0BCBB46B246A946A046F8BD054956
:1036A000FFF754FA451CCCE73F420F008096980084
:1036B0007C10000040787D010F4A70B5821A531EBD
:1036C0009A410E4BD20008321A600D4B0D4C1A6015
:1036D000150023689D432B1EFAD166240268FF342F
:1036E0000571D5661460633C8833FF3CD5639563F0
:1036F000D450FFF781FF70BD5012002000E0004061
:1037000000F0004008C0004010B582B06C46247C38
:103710000094FFF7F5FE02B010BDC046F0B54E466E
:103720008146474ADE464A44531E9A418023574603
:1037300045465B029C46E0B5424B1204624485B0AC
:103740001A60414B0C0041491A6010000B68984305
:10375000FBD180460620FFF727F84B465A68022324
:103760001A4001924A460090802004320292384A60
:10377000E70D4A446602136093463B00320002257F
:10378000400007E00099914206D3023592197B412F
:10379000854201D0002BF5D0434680260393009B41
:1037A0002F02AA4698467F1B760003E05346FF1A75
:1037B000012E3FD0390040463500013EFFF7C6F9E3
:1037C0008442F3D22B0055469A465046330298461F
:1037D00068434B4642461D611B6880265340FF22CA
:1037E0007601120213404E44336080239B019C46B5
:1037F000029A019B6244136002215C464B465B685F
:1038000021604C46276807246740C8343C40346038
:1038100003240B4013600F4B4B441C6011600100EC
:103820000098FFF793F905B0F0BCBB46B246A94635
:10383000A046F0BD5546039B28009846C9E7C04600
:103840000040FCBF00E0004000F0004008C0004025
:10385000043000002420000070B50500082000F0AE
:1038600069F92900040001F0C5F82000044A05495F
:1038700000F042FF200000F073F900F00FFAC0469C
:10388000ED4800103471001070B50500082000F0FC
:1038900051F92900040001F0F1F82000044A05491B
:1038A00000F02AFF200000F05BF900F0F7F9C046B5
:1038B0002D4900105471001010B580240B68E405E8
:1038C000A34210D2581C934207D95200934204D20B
:1038D000A24205D32000054B0B60FFF763FC10BD2F
:1038E0000A60501CF9E70248FFF7CEFFFFFFFF3FD9
:1038F0009867001003000068083310B5984201D0A3
:10390000FFF754FC10BDC046F0B54F464646DE46B4
:10391000C0B51F0043680E00891882B08946591A45
:1039200088460A9904008A1AD21808239B4603681D
:10393000834401929B453BD08268200001A9FFF798
:10394000BBFF0500002E05D02168012E2DD03200CE
:10395000FFF722FC002F09D00A9B002B06D0A819E4
:10396000012B27D039000A9AFFF716FC4346002B9B
:103970000AD00A9B2168F018434628184944012BB5
:1039800010D04246FFF708FC2068834501D0FFF7BE
:103990000DFC019B2560A36002B0E0BCBB46B146B4
:1039A000A846F0BD0B780370EEE70B780370D1E703
:1039B0000F22C2E73B780370D8E7C04670B5060017
:1039C000036882B00836040001919E421FD08268CD
:1039D000019B934201D802B070BD200001A9FFF7FE
:1039E0006BFF636805005A1C2068002B11D0002A69
:1039F00005D1FFF7DBFB019B2560A360EBE701002E
:103A00002800FFF7C9FB20688642F2D1F3E70F22B6
:103A1000DEE703782B70F6E770B5040023004668F4
:103A20000068083382B09519984219D0A368AB4258
:103A30000DD3002A05D08019012A13D0FFF7ACFB63
:103A40002068002365604355200002B070BD0B0064
:103A50002000009231000022FFF756FF2068F0E7B7
:103A60000F23E4E70B7803702068EAE770B51B4C7E
:103A700008386268002A22D006688519AA421ED832
:103A8000536822D00434002B06D124E05968141D59
:103A90001A00002909D00B009D42F7D81BD15368AA
:103AA00019685B687618536023681A689918884209
:103AB00008D05B68066043602368586001E042609C
:103AC000606070BD92191A60FBE71268436092193A
:103AD00002606060F5E71300E7E7C046881E00203B
:103AE000020030B50832083000D3082207231049FD
:103AF000073248689A430431002804D110E0011DC0
:103B0000406800280CD003689A42F8D80868036817
:103B100045689C1A072C04D803602B000B60083002
:103B200030BD83185D6008681C600260F6E7C0461F
:103B3000881E002070B580300500FFF709FB041EC9
:103B400007D0802200212000FFF720FB20008030DA
:103B500070BD2800FFF7C4FF041EF2D100F06CFD19
:103B6000074B80389A68DB6810B5D318984201D2A9
:103B7000824202D3FFF7FEFA10BDFFF777FFFBE7A3
:103B8000881E0020F0B5CE464746002580B53E4F42
:103B900089B03E487D60BD60FD6001F06FFA08238A
:103BA00002933B4B02AE73600923F360394B040070
:103BB00033610423B5607361002842D0364D237809
:103BC00028003A3B5A425341E4180F22210001F0E9
:103BD000EFFF002802D1E37B2E2B16D020003A21E4
:103BE00001F086FA041EEAD1079C402C27DCB3685A
:103BF000002B00D106333E335C43A400FC6023D18C
:103C000009B0C0BCB946B046F0BDB046103443461A
:103C10001B689946002B07D043464A462100586846
:103C200001F0C6FF002803D14B46E35C3D2B16D0C4
:103C30000C239C4608ABE0444345E8D1CEE7402442
:103C4000D5E78824E400FC602000FFF781FAB86023
:103C5000002816D00023786004604360D0E748460F
:103C600001302018002201A901F056FB019C2378A5
:103C70003A2B01D0002BB1D10028AFDB434698602E
:103C8000ACE7F860BCE7C046881E0020B0670010B3
:103C9000C4670010D0670010DC6700101EB400F08D
:103CA00093F81EBC02F050FCF0B5C64600B51E00ED
:103CB00003780C0082B0472B1FD00020284D2B68C2
:103CC00001909B682800984701239846002804D05B
:103CD000019B1B68019302239846236829001F69F2
:103CE0002000012301AAB847002826D100239846C6
:103CF000404602B080BCB846F0BD43784E2BDCD1C4
:103D00008378552BD9D1C378432BD6D10379462B51
:103D10001BD0432BD1D143792B2BCED183792B2BA5
:103D2000CBD1C279012AC8D8002301930300203BDC
:103D30001D68012A04D05830C1E7019B3360D7E7E2
:103D40002B00783B28001D68B9E743794F2BB4D18D
:103D50008379522BB1D1C079024D0028AFD0ACE7A6
:103D60005C7000103070001010B5040000F0FAF81C
:103D700022002378203A472B05D08368002B20D1DE
:103D80008260012010BD63784E2BF6D1A378552BAD
:103D9000F3D1E378432BF0D12379432BEDD1637931
:103DA0002B2BEAD1A3792B2BE7D1E379012BE4D894
:103DB000D3690133D361012BE3D1836893618260BE
:103DC000DFE700F039FCC04610B500F0CBF8030087
:103DD000806800282DD02022825C472A03D0002250
:103DE0009A60203010BD263A825C4E2AF7D12C3AD8
:103DF000825C552AF3D1323A825C432AEFD11F3AD2
:103E0000825C432AEBD11E3A825C2B2AE7D1053A29
:103E1000825C2B2AE3D1043A825C012ADFD8C26992
:103E2000013AC261002ADCD182699A600023836171
:103E3000D7E700F001FCC04670B5040000F092F82E
:103E4000220023780568203A472B04D0002D2BD17F
:103E50000260280070BD63784E2BF7D1A378552BF4
:103E6000F4D1E378432BF1D12379432BEED163795D
:103E70002B2BEBD1A3792B2BE8D1E379012BE5D8C0
:103E80005369002B0DDB013353614368013B4360F1
:103E9000954201D0156102602000656A02F05CFB6A
:103EA000D7E70121CB1AEFE700F0C6FB10B500F011
:103EB00055F80368002B09D020229A5C472A06D0C7
:103EC000002220330260180002F026FB10BD263AC3
:103ED0009A5C4E2AF4D12C3A9A5C552AF0D1323AA7
:103EE0009A5C432AECD11F3A9A5C432AE8D11E3AE5
:103EF0009A5C2B2AE4D1053A9A5C2B2AE0D1043A49
:103F00009A5C012ADCD85A69002A06DB511E012A74
:103F10000AD04A1C0FD05961D8E7511C0132FAD19E
:103F20001A6902605961D1E71A69203302601800EA
:103F300002F0F2FACAE700F07FFBC0467047C046C5
:103F40007047C04600487047EC67001010B5040089
:103F50000421FFF72FF9200010BDC046004870472C
:103F60007C1E0020004870477C1E0020F0B5D6461D
:103F700046464F468A46C0B50600502824D00F2436
:103F800004400C2C00D96FE03848A4000059874643
:103F90005478107824020443907800042043D478A5
:103FA00024060443101D002C08D070253540102D28
:103FB00000D1924676B25444002E0ADB1C60E0BC6D
:103FC000BA46B146A846F0BDD01C0322904310C8A3
:103FD000F4E72468F2E754781078240204439078D8
:103FE00000042043D4782406044310000830DAE7A4
:103FF0005478107824020443901CD4E75478107845
:104000002402044324042414901CCCE77F211500CF
:104010000024002788464046297801350840B840EA
:10402000044348B207370028F5DB28001F2FBAD811
:104030004D06B8D50125BD406D422C43B5E70021A2
:104040008C467F3115000024884647466146287813
:10405000013507408F400721894640B23C43CC449C
:104060000028F2DB28009EE701F076F97870001056
:10407000030010B50800FF2B10D070221340302B26
:1040800013D004D8202B07D102F01EFA07E0402BF2
:1040900006D102F069FA02E0202B04D8002010BDFE
:1040A0000020502BFBD001F057F902F03DFAF6E763
:1040B000F8B505000E0014000020002D02D02800E5
:1040C00002F052FA2060771C3678FF2E28D160600B
:1040D0003B78781CFF2B32D01023002500217F264F
:1040E00023753200037801301A408A405BB21543D1
:1040F0000731002BF5DB4519E560002200257F26FE
:104100000378013063753100037801301940914024
:104110005BB20D430732002BF5DB45192561F8BD75
:1041200029003000FFF7A4FF3A000100231D3000F2
:10413000FFF71CFF07003B78781CFF2BCCD1002534
:104140002375D9E7F0B557464546DE464E4600236F
:10415000E0B597B003930C930333884617000340F0
:10416000012B00D1BAE0022B0ED13900404602F0FB
:10417000CBF9002800D0AFE0082017B0F0BCBB4658
:10418000B246A946A046F0BD002B00D047E2083356
:104190001C0004400342E8D110AB01259A46434677
:1041A000109353460C22002100933800002302F0A4
:1041B000A3F9380002F008FA05900028D5D00023B2
:1041C0005246139313615346039A2C431A7505996B
:1041D000524638000494FFF76BFF139B3900069397
:1041E00053461D69040002951B7D18000393FFF7D9
:1041F0003FFF534698600FAB0F22079000939B46FA
:1042000000210023380002F0C7F901220F9B9343DD
:10421000013B9946AC4244D2534639005E7D109B27
:10422000524627007F254C469A468946089200212F
:104230003000FFF71DFF3A0001000DAB3000FFF723
:1042400095FE002107003000FFF712FF3A00010041
:104250000EAB3000FFF78AFE002107003000FFF7A9
:1042600007FF3A0001005B463000FFF77FFE0021A8
:1042700000222F00037801301F4097405BB2394382
:104280000732002BF5DB0D9B5344A34208D80E9A4E
:104290009B18A34200D982E0029B07008342C6D844
:1042A0004F46049BDB0771D5002600250C9B02932B
:1042B0005B460D22009300210023380002F06CF9C8
:1042C00042460F9B062013624346029A9E625A6240
:1042D000059A1D63DA6250E709204EE708231C00A7
:1042E00010AA92460440034201D0022557E70D6A06
:1042F0000023009200210D22380002F04DF9109B9E
:104300009D42F2D14346109353460C220093002164
:104310000023380002F0F0F843461D6B002D3BD01F
:104320009E6ADB6A05930FAB9B46002E00DAB7E06E
:10433000032443460F935B4600220021009338007C
:10434000002302F0D9F85B460122002100933800D7
:1043500000230F9602F0D0F85B460F220021009355
:104360003800002302F018F901230F9A00211340AE
:104370002B430F935B460F2200933800002302F07B
:10438000BBF8022C00D186E00720F6E60823049A49
:10439000134201D000F050F9404600F0D8FD089BD0
:1043A0004F469A460F9B002B00D1DEE652465568D9
:1043B0005D19002900D104E1029B4C1E9C46644417
:1043C000002D00D1D1E6049A0823110019400A916A
:1043D000134200D103E142463F3313700733537059
:1043E00007339370123BD370033313710933537146
:1043F000033393710023D3710023039A9946073343
:104400001A405346BA46089209950B93002600229B
:104410007F210B0020780134034093401E4343B2B8
:104420000732002BF5DB1F2A05D8400603D50123F0
:1044300093405B421E432100002500227F273B0062
:1044400008780131034093401D4343B20732002BEB
:10445000F5DB1F2A54D8400652D5012393405B4216
:104460001D43002E7ED0049B022B12D0002E4EDC6A
:10447000069BF7439C464346BF0067443968002BC0
:1044800002D00A9B002B71D0002900D1BBE0002D87
:1044900029D06419BAE74046FFF766FC07206CE6AE
:1044A000069B039A1393534605991A753800524692
:1044B000FFF7FEFD53463900187D139CFFF7D8FD2A
:1044C000F3439B00E4182368002B05D0002301333D
:1044D0009A00A258002AFAD1424693620423D0627D
:1044E0001363546324E74B465746099D002B00D1C4
:1044F0003BE6049BDB0700D537E60026022418E7DD
:10450000002E2CD0049B022BC1D0002EB0DD039BCB
:10451000FF2B54D0089B022B47D04AD9089B032B72
:1045200049D0042B7BD1069BF2009A1A07995B466F
:104530000398FFF71BFD0F99002909D04346002B74
:10454000A5D0002240460CABFFF7AEFB00289ED062
:10455000049B5746099DDB0700D4E9E6A6E6012344
:10456000994694E70123641999464FE70C9B0293FF
:104570000F9300293ED043465A46A046AB461C0046
:10458000150003E07968043700291DD02B000022B4
:1045900020007918FFF788FB0028F3D022002B00B9
:1045A00044465D4690469B4671E7069B72009A1A08
:1045B000BCE7002B33D1069BB2009A1AB6E7069AE5
:1045C000B4E7002D95D1D0E50B9B57469A46049B46
:1045D000AB46A046099DDB0700D4A6E666E6434647
:1045E000DA795833012A01D00C9305E7783B1B6830
:1045F0000C9301E70B9B57469A46049B099DDB07EA
:1046000000D555E691E6049B5746099DDB0700D58A
:104610004CE60324002E00D18BE600F019F800F0E0
:104620009BFEFFF709FCB5E610B5804700F094FE4D
:10463000FFF702FC00F090FE024B10B51868FFF780
:10464000F3FFC0466412002010B58047FFF7F4FF67
:10465000024B10B51868FFF7F7FFC046581200204C
:10466000014B18687047C04664120020014B18685F
:104670007047C0465812002010B5012812D80B0010
:10468000283B1A68501E1860012A00D010BDDB6854
:1046900058310C00002B01D0080098472000FFF78C
:1046A0005FFAF3E728394869FFF7BEFF70B50500E8
:1046B0000026803DEA602E60A9600400FFF7D6FF67
:1046C0002861FFF7CDFF23004722583B68611A702D
:1046D00007325A7007329A7022004323553A1370FA
:1046E0005370183B9370D370024B513C28002670D6
:1046F0002B6370BD7946001070B504000D001600E4
:10470000FFF730FC4368320001332900436020008A
:10471000FFF7CCFF0400012328340360200001F0E0
:104720004BFF2000FFF788FBFFF786FF10B5FFF770
:1047300019FC4268046801324260002C0CD020222F
:10474000A25C472A0AD0002202602034200001F037
:104750002BFF2000FFF770FBFFF76EFF263AA25CED
:104760004E2AF0D12C3AA25C552AECD1323AA25C06
:10477000432AE8D11F3AA25C432AE4D11E3AA25C44
:104780002B2AE0D1053AA25C2B2ADCD1043AA25CA8
:10479000012AD8D8626952426261D6E710B5040096
:1047A000024B036000F05EFB200010BDE8700010BB
:1047B00010B50400044B036000F054FB20000C21F2
:1047C000FEF7F8FC200010BDE8700010F0B583B0D3
:1047D0001E00089B05000F00140093420AD0A86831
:1047E000089A036800921D6A220033003900A84726
:1047F00003B0F0BD310000F05FF80028EFD00620D4
:10480000F6E7C046F0B50E0085B0190004001700A9
:104810001D0000F051F8002814D10A9B0C9A934215
:104820002AD0A0680D9A036803920C9A3100029274
:104830000B9A01920A9A0092DC693A002B00A04779
:1048400005B0F0BD0D9B0A9A1F711A60002E0CDB9B
:1048500093190C9AD31A5A1E934104225B42934334
:104860000D9A063393710020EAE70236FBD101234B
:104870000D9A00209371E3E720000B9900F01CF8DB
:104880000028CED00D9B00205F71D9E7F8B5070056
:104890000C0015001E0000F01DFB002806D1B868B2
:1048A0002A00036821009F693300B847F8BDC0465D
:1048B0007047C0460020704710B5814211D0406853
:1048C00003782A2B0BD049680B782A3B5A42534174
:1048D000C91801F081FA43425841C0B210BD00200E
:1048E000FCE70120FAE7C0464068704710B50D4B61
:1048F00082B003604368040018000B4A0C389042F1
:1049000005D12000FFF71AFB200002B010BD043BC8
:104910001A68511E1960002AF3DC01A900F02CF975
:10492000EFE7C04668710010981E002010B50D4BCF
:1049300082B003604368040018000B4A0C389042B0
:1049400005D12000FFF7FAFA200002B010BD043BA9
:104950001A68511E1960002AF3DC01A900F00CF955
:10496000EFE7C04668710010981E002010B50E4B8E
:1049700082B003604368040018000C4A0C3890426F
:1049800008D12000FFF7DAFA2000FEF70FFC200024
:1049900002B010BD043B1A68511E1960002AF0DCF9
:1049A00001A900F0E9F8ECE768710010981E0020FA
:1049B00010B50E4B82B003604368040018000C4A27
:1049C0000C38904208D12000FFF7B8FA2000FEF71B
:1049D000EDFB200002B010BD043B1A68511E1960A7
:1049E000002AF0DC01A900F0C7F8ECE768710010BC
:1049F000981E0020F0B5C64600B51C4B82B00400DE
:104A00000D1E03602ED0080000F044FB061E18D0D7
:104A1000002101AA00F076F80C2398460700804494
:104A2000012E11D0320029004046FEF7B5FB104B95
:104A30009F420CD143462000636002B080BCB84660
:104A4000F0BD0C4B9846F5E72B780373EFE7002396
:104A50003E60BB60BF193B73ECE72000FFF76EFAC6
:104A6000FFF71CF90448FEF7F7FEC0466871001016
:104A7000981E0020A41E00200068001010B504003D
:104A8000FFF7B8FF014B2000236010BD7C710010C0
:104A9000F0B5C64600B505000E00140082B0002A2D
:104AA0001ED0002925D00021200001AA00F02AF8FC
:104AB0000C23984607008044012C0ED022003100C0
:104AC0004046FEF769FB0C4B9F420CD14346280041
:104AD0002B6002B080BCB846F0BD33780373F2E7B8
:104AE000064B9846F2E700233C60BB603F193B73DE
:104AF000ECE70348FEF7B0FE981E0020A41E00203D
:104B0000006800101A4B10B5040098422CD8884257
:104B100014D94B00984219D32300200080221D3362
:104B20000D30520193420BD9A14209D294461B0584
:104B30001B0D6444E41A0E4B9C4211D820000D302A
:104B4000FEF730FB00234460836010BD1C0023008F
:104B5000200080221D330D3052019342F0D9E3E74B
:104B60001C0020000D30EBE70248FEF78DFEC0462A
:104B7000FCFFFF3F2C68001010B5FEF717FB10BDBF
:104B80000048704744680010136810B50400002006
:104B9000994204D15068001B43425841C0B210BD35
:104BA0007047C046004870474C68001010B5742A22
:104BB00018DC572A0DDC4D2A11DC3B2A23DC242A81
:104BC0001CDC0F2A01DC0E2A09D8124B026043605C
:104BD00007E01400104B583CE340DB07F5D40260BB
:104BE000416010BD1400763C182CF8D80B4BE34004
:104BF000DB07F4D5074B02604360F2E713002D3B5F
:104C0000012BE2D9EBE71400054B3C3CE340DB070A
:104C1000E5D5DAE7601200209D00BF1FBF07F10154
:104C20008F0802007047C046026041607047C0466E
:104C300010B54C680023844201D0180010BD0B68E9
:104C40009B1A5A425341DBB2F7E7C0467047C04651
:104C50007047C046F0B5CE464746030080B50833DE
:104C600085B003600023040090463C2599464360CC
:104C700003720CE03B78002B28D0380000F00AFAD1
:104C80004A46236860601A546368002B18D12900D3
:104C90002000FEF793FE4B4627682A003900404665
:104CA0003B7001F06BF80028E7D02228E2D1002009
:104CB0004A46236860601A5463686D00002BE6D092
:104CC000200005B0C0BCB946B046F0BD6A460B4BEB
:104CD00043CB43C21B886946138038000D22FEF780
:104CE0005BFA0D20CCE72000FEF704FEFEF7D6FFAE
:104CF0000023226863601370F5E7C0465468001013
:104D000010B50400FEF752FA200010BD10B50400E3
:104D1000FEF74CFA200010BD30B504000B6887B0D8
:104D200068461B6998472000019A00996D46FFF775
:104D3000AFFE009802AB984201D0FEF737FA200090
:104D400007B030BD2800FEF7D5FDFEF7A7FFC0462F
:104D500010B5742922DC572914DC4D2918DC3B29B5
:104D60002CDC242924DC0F2901DC0E2910D8174B58
:104D7000546800209C4210D11068401A43425841A8
:104D8000C0B20AE00C00124B583CE340DB07EED403
:104D90005468030000209C42EED010BD0C00763C0D
:104DA000182CF5D80B4BE340DB07F1D5074BDFE7B9
:104DB0000B002D3B012BEBD8044BD9E70C00064B25
:104DC0003C3CE340DB07E3D5004BD1E76012002019
:104DD0009D00BF1FBF07F1018F08020010B5064CF0
:104DE00006492200064800F011F82200054906484D
:104DF00000F00CF810BDC0460C1200204D4C001005
:104E000060120020514C00105C120020030010B50D
:104E10000800190000F0C4FE10BDC046002370B5A4
:104E20001500102284B000930193039303686C462D
:104E30009E6902926B462A68B047062322790020B9
:104E40001340062B02D1009B01302B6004B070BDD3
:104E5000009B05209A1A53425A4152421040013099
:104E60007047C04610B50400024B0360FFF720FDF9
:104E7000200010BDA472001010B50400044B0360A4
:104E8000FFF716FD20000821FEF794F9200010BD61
:104E9000A472001070B516001D00069A049B040051
:104EA00093420ED029002000FFF706FD002806D00F
:104EB000079B049A1E711A600123079A93710020C0
:104EC00070BD0599FFF7F8FC0028EBD0079B5E71D9
:104ED000F5E7C04670B515001C00FFF7EDFC002893
:104EE00004D00823E360023B2560237170BDC046F7
:104EF000F8B505000C0017001E00FFF7DDFC0028C8
:104F000007D1032E05D823683A00290020005B69E9
:104F10009847F8BD027803000020472A16D15A7836
:104F20004E2A13D19A78552A10D1DA78432A0DD116
:104F30001A79432A0AD15A792B2A07D19A792B2A2E
:104F400004D1DB792A3A9A424041C0B2704710B589
:104F5000041E0AD0FEF770FF2000FFF7DBFF0028D9
:104F600003D0203CE068FFF75FFBFFF765FB000024
:104F7000F0B5DE464E4657464546E0B585B00600DC
:104F8000FFF7C8FF041E0BD03300203B9F68DC688E
:104F9000B36A00259946336B9846736B9A4604E0D2
:104FA000070001258246804681463000FEF744FF17
:104FB000002D01D0FFF74CFB3800FFF745FBFEF753
:104FC0003BFF002D01D0FFF737FBFEF7C7FF27227D
:104FD0000368995C1A007832012900D11A6802929C
:104FE000424692080027904620330193B9451EDDC2
:104FF00043467B439B0053441E68002E00D0F618A6
:1050000000223100019802ABFEF74EFE002801D0CD
:10501000FFF78CFB336803901B6930009B460E49F9
:10502000012303AAD8470543EDB20137DEE7002D7F
:1050300008D00420FEF77EFD084B094A06490360AC
:10504000FFF75AFB2000FFF7EFFAFEF72FFFFEF7FE
:105050002DFFFEF723FEC046047000106C70001098
:10506000413F0010030010B50A0003490868190009
:1050700000F018FE10BDC0466812002000B5044BB9
:1050800083B0010001AA186800F00CFE03B000BD57
:105090006812002010B583070AD00300032102E044
:1050A00001330B4205D01A78002AF9D1181A10BD25
:1050B000030019680C4A0D4C8A188A4322420FD10A
:1050C0005968094A04338A188A43224208D1596828
:1050D000054A04338A188A432242F1D000E00133A2
:1050E0001A78002AFBD1E1E7FFFEFEFE8080808077
:1050F0000323CAB2F0B50340002A35D00324002BA5
:105100002DD1FF230B401D02ED182B04ED182C00B0
:105110000168264E4C408B198B43A119A143244EA4
:105120000B43334211D14168204F0C00CB196C4026
:105130008B43E119A1430B4304303342F3D003788E
:10514000002B05D09A4204D001300378002BF9D10E
:105150000020F0BD9342FCD001302042D1D0037832
:10516000002BF7D10020F4E7002B08D0032202E047
:105170000130104203D00378002BF9D1E9E702682F
:105180000A4B0B49D31893430B4206D14268074B95
:105190000430D31893430B42F8D00378002BD8D0B7
:1051A00043780130002BFBD1D3E7C046FFFEFEFE63
:1051B00080808080F0B557464E464546DE4688469C
:1051C000E0B50C0092461E00082183B001904648CD
:1051D00023001D780134425D1142F9D12D2D5ED09E
:1051E000002293462B2D33D0002E07D1302D62D0D4
:1051F0000A23052199463D4F0A360DE0102E53D063
:10520000012031004042FDF7A1FC070001203100E0
:105210004042B146FDF79AFC002200202B00303BB3
:10522000092B07D9113B192B03D92B00613B192BF3
:1052300011D80A339E420EDD551C06D0B84221D843
:105240001ED04A4650430122181825780134E5E75C
:1052500025789C1CC8E7531C17D05B46002B00D058
:1052600040425346002B04D0002A15D153464246F3
:105270001A6003B0F0BCBB46B246A946A046F0BDDA
:105280008B42DEDD01225242DFE72223019910002A
:105290000B605346002BECD0631E9846E6E725785A
:1052A0009C1C01239B469FE7302D0FD010230F211C
:1052B00099460F4FB0E7202223789343582B0AD00A
:1052C00008230721994608260A4FA5E720222378BC
:1052D0009343582BEAD1102365780F219946102665
:1052E000034F023498E7C046C97200109999991982
:1052F000FFFFFF0FFFFFFF1F10B5FFF75BFF10BDA4
:1053000010B504001300034A10680A002100FFF7DB
:1053100051FF10BD6812002010B504001300034AAD
:1053200010680A002100FFF745FF10BD6812002039
:1053300070B5074C074D641BA41005D0013CA300B9
:10534000EB589847002CF9D101F0BAF870BDC0466F
:105350002466001024660010062010B500F01AFE26
:105360000120FDF74BFFC046F0B54E464546DE46F0
:105370005746E0B50D000B35060085B0162D27D831
:10538000102900D9DAE000F0DBFC102518230221F7
:10539000C74FFB181A005C68083A944200D146E1F6
:1053A00003226368A1689343E268CA6091600121A7
:1053B000E3185A6830000A435A6000F0C3FC20002A
:1053C000083005B0F0BCBB46B246A946A046F0BDC9
:1053D00007239D4300D5B1E0A94200D9AEE000F01B
:1053E000AFFCFC235B009D4200D294E1690A00D12E
:1053F000A8E0042900D94FE138239846A909884438
:105400003931CB00082252429446A94FFB189C44E4
:105410006346DC68A44514D0032399460B0061461B
:105420009C4607E0E068002A00DBFAE0814200D1F8
:10543000FBE004004A46636893435A1B0F2AF1DDE0
:1054400041463A003C690832944200D1D8E003203A
:1054500063688343581B0F2800DD60E13A617A617D
:105460000028A4DA7A68904680229200934200D302
:10547000E3E0DA0858090123834040461843804698
:10548000D300DB199A687860E360A2609C60D46006
:1054900001208B10984040455CD8434603420AD116
:1054A00003239943434640000431034203D14000A3
:1054B00004310342FBD00323B3469C460E00B8469A
:1054C0000190F00040440100B246CB680BE0644616
:1054D0005A681F00A243DB68541B0F2C00DDEDE06F
:1054E000002C00DB07E19942F1D101239946CA441F
:1054F000534608319B07E8D1032205E003680838CA
:10550000013E834200D001E23242F7D14346019A84
:105510005B68934342465360019A520001929A425B
:1055200016D8002A06D113E004229146019ACA44F3
:10553000520001921342F7D05646C2E70C230020D6
:1055400033603EE780233F22402190469B0059E78D
:105550005E4647460322BC68636893439846AB4265
:1055600002D35A1B0F2A4EDC230043440293514BB3
:1055700008209A461B6810335B19019300F0F0FD78
:105580004D4903900B688B46013306D08446019B3E
:105590004242013B6344134001933000019900F003
:1055A000D3FB03008146013300D1D6E0029B834246
:1055B00000D9D0E053465A68019B51469C4662444C
:1055C0004A60029803990139484500D0E3E0484613
:1055D000084200D0DFE0B9684344894601210B430B
:1055E00049464B605146C96A914201D25146CA624E
:1055F0005146096B914201D251460A634C46AEE0D6
:105600007B68984644E7012329001A43194365192A
:1056100061603000BD606A6000F094FB20000830DB
:10562000CFE6A268D0608260C1E6614609E7DC6827
:105630000231A34200D104E7B2E65A0A042A00D894
:1056400082E0142A00D907E110005B3082465C3208
:10565000D200082040428446BA18944462469268B8
:105660000B308146944500D1DEE00800A246614639
:10567000844602E09268914204D04C465068A043B0
:105680009842F7D8D368614654469C466346A26068
:10569000E3609C60D460FBE614296DD9542900D9DD
:1056A000E3E06E239846290B88446F31CB00A9E6CE
:1056B000B8130020A81C0020B0130020BA46012017
:1056C000514684464919054350464560856847461A
:1056D0006046EB605E469D605346396179612043C8
:1056E00008374860CF6030008F609C5000F02AFB84
:1056F0005046083065E6BA4601205E46524451687D
:1057000001435160BA683000D3609A6000F01AFB20
:105710003800083055E62B00E908083338E66119EF
:10572000884601218C460D434146656039617961A7
:10573000CA608A60624602434A60E050300000F06E
:1057400001FB200008303CE69A091000393238305D
:105750008246D2007DE7BC4214D0BC686368032255
:1057600093435A1BAB4202D30F2A00DD4BE73000B4
:1057700000F0E8FA002024E65B23984688445C3178
:10578000CB003FE653465A68019B9C465346624411
:105790005A60039B591E5B461B68013370D04B4611
:1057A00002981B1A9B185246536007234A464846E4
:1057B0001A400292184240D00398013384469B1A43
:1057C000019A99444A44019263440A409B1A194041
:1057D00030008B4600F0B8FA431C77D04B46C01A15
:1057E00003005B44019353465A6801205A445A60AF
:1057F0004B464946BB60019B03434B60BC4200D112
:10580000F0E643460F2B3FD907210C3B8B436168E1
:105810000140052019436160E118486088600F2B42
:1058200049D84B465B68DDE6534698100123834018
:10583000404618438046786028E7019B039A4B4412
:105840000B40D31A194030008B4600F07DFA431C00
:10585000C4D100239B46C6E7542A17D81A0B100060
:105860006F326E308246D200F3E6AA235B00994283
:1058700017D8DD3B9846E90B88447831CB00C1E569
:105880005B464A461A6090E7486070E7AA204000ED
:10589000824226D8DA0B1000783277308246D20066
:1058A000D7E61C4B994226D87C239846A90C8844FD
:1058B0007D31CB00A6E521003000083100F086F8EC
:1058C00053465A68BB6899465B688BE6019A029B0F
:1058D00094464A46083B63449B1A019300239B4627
:1058E00081E70C4882420CD89A0C10007D327C3043
:1058F0008246D200ADE6FE237E227F2190469B00A9
:1059000080E5FE227E2092008246A2E643465B6846
:1059100002E6C04654050000F0B5C646060000B5D4
:1059200008200D0000F01CFC0400300000F008FA14
:10593000234B210098469B685F6803239F433800F0
:105940001138401B0019FDF701F9451E6543AC42B3
:1059500008DC0021300000F0F7F943469B68DB19B2
:10596000984206D0300000F0EDF9002080BCB84627
:10597000F0BD3000694200F0E7F901300ED001229D
:1059800043467F1B9B6817430E4A5F6013683000D5
:105990005B1B136000F0D6F90120E7E7002130001F
:1059A00000F0D2F943469A68831A0F2BDADD064CD1
:1059B00004492468001B086001210B435360D1E7B0
:1059C000B8130020AC1C0020B0130020F8B5CE4660
:1059D000474605000C0080B5002957D000F0B0F90B
:1059E000012321009C4608394868624603000324CD
:1059F0009343CF187A68654EA243B468BC4200D185
:105A000070E0BC18A14664467A60044221D108685F
:105A1000091A1B18886880464846406820403400B0
:105A200008348146A04551D04046CC68C460A0608F
:105A30004846002811D19B185548BA68824200D1C7
:105A40007FE0F868D060826001221A434A60CB5040
:105A500007E0484640682042EDD062461A434A605B
:105A60003B6080229200934214D2DA085809012345
:105A70008340706803437360D3009B199A68CB60BE
:105A80008A609960D160280000F05CF9C0BCB9461A
:105A9000B046F8BD5C0A042C3DD89C09200039347E
:105AA0003830E40034192268083C0327944203D1BB
:105AB00040E09268944203D05068B8439842F8D8C6
:105AC000D468CC608A60A160D160DCE7002858D13E
:105AD000B868D218FB68C3609860634613434B6094
:105AE0008A50D0E79A186346034206D10B68C91A58
:105AF0008868D218CB68C3609860012313434B6059
:105B0000244BB1601B689342BDD8234B2800196811
:105B1000FFF702FFB7E7142C07D9542C1AD81C0B37
:105B200020006F346E30E400BCE720005C345B3052
:105B3000E400B7E70123801083407068034373607B
:105B4000BFE7D1609160CA608A6001221A434A604F
:105B5000CB5098E7AA225200944205D8DC0B2000D3
:105B600078347730E4009DE70C4A944205D89C0CC9
:105B700020007D347C30E40094E7FE247E20A400E5
:105B800090E762461A434A603B607CE7B813002006
:105B9000C0130020B4130020A81C002054050000EE
:105BA00010B513000A000100022000F03FF810BDFC
:105BB00030B5032A1AD90B0003439B0711D0551E99
:105BC000002303E05A1C9D4213D01300C25CCC5C3E
:105BD000A242F7D0101B0DE0043A04300431032A2E
:105BE00004D904680B689C42F6D0E8E7551E002AE9
:105BF000E6D1002030BDC046014B18687047C04652
:105C00006812002010B5034B01001868FFF7ACFBC9
:105C100010BDC0466812002010B5034B0100186883
:105C2000FFF7D4FE10BDC04668120020F0B5C6468E
:105C30001A4C00B52568002D2AD06C681F2C2ADC70
:105C4000002808D10020631C0234A4006B6061515D
:105C500080BCB846F0BD8827A600AE19F2510137C6
:105C6000FF37BC460122AC446746A2403F689046DD
:105C700017436246176084277F00F3510228E1D161
:105C8000280042468D30FF30036813430360D9E794
:105C9000034D2560D1E701204042D9E7741E002062
:105CA000DC1C0020F0B5D64646464F46C0B58246BD
:105CB0000E00904600F016FA1C4B1D689946002D08
:105CC0000AD033783400002B04D12DE063780134FE
:105CD000002B0AD03D2BF9D1504600F005FA0020E8
:105CE000E0BCBA46B146A846F0BDA41B286800280F
:105CF000F2D02200310000F0F9F9002804D12B681D
:105D00001F191B5D3D2B04D0686804350028F0D1B5
:105D1000E2E74B4642461B685046EB1A9B10136065
:105D200000F0E2F9781CDBE70024DFE7C017002071
:105D300000B583B001AAFFF7B5FF03B000BDC046B0
:105D40007047C0467047C046002370B5064C05003A
:105D500008002360FDF754FA431C00D070BD23688F
:105D6000002BFBD02B60F9E7701E002010B501005E
:105D7000002300220020FFF759FF10BDF0B50026D8
:105D800083B005000F00141E019620D0114B29008E
:105D90001868012201AB00F0FDF90500FFF77AF960
:105DA000A0420DD22900380000F068FB01980028BD
:105DB00001D003B0F0BD2B78002BFAD11630F8E7F4
:105DC000013C220029003800FDF7E6F93E5522206B
:105DD000EFE7C04668120020024670B50A439207FA
:105DE0002AD11E4DEE0104C808C9541B9443344007
:105DF00017D0D0B2D9B2401A2106014310D190B2C7
:105E000099B2401A210401430AD110021902000A72
:105E1000090A401A2102014302D1100E190E401A3C
:105E200070BD9A42DFD010BA19BA884201D9012058
:105E300070BD0020C04370BD02780B780130013185
:105E4000002A09D09A4207D102780B78013001313B
:105E5000002A01D09A42EFD0D01A70BD0101010191
:105E600070B59C256D0043590400002B01D0002023
:105E700070BD8021FFF778FA6051002806D002003B
:105E80000023803208C09042FCD1F0E7012040425C
:105E9000EEE7C046F8B505000C0016001F2909D82A
:105EA0009C277F00C359002B09D0A4001B19186838
:105EB0001E60F8BD1623036001204042F9E78021EF
:105EC000FFF752FA002103000200E8518030002B56
:105ED000F2D002C28242FCD1E7E7C04670B50500AD
:105EE0000C001F2920D89C235B00C358002B0ED028
:105EF0008A009B181A68002A09D0012A05D0511C73
:105F00000ED00021200019609047002070BD2800AD
:105F100000F0D0FA22000100280000F0B7FAF5E7FF
:105F2000162303600120F1E716230360012040429D
:105F3000ECE7C04670B505000C001F2926D89C264A
:105F400076008359002B14D0A2009B181A68002AEF
:105F500009D0511C0BD0012A07D000212000196064
:105F60009047002070BD0120FCE70320FAE70220E3
:105F7000F8E78021FFF7F8F9031EA85106D00021A9
:105F80000200803002C28242FCD1DDE701204042A3
:105F9000E8E7C046154B70B504001D681F281FD8E0
:105FA0009C235B00EB58002B0DD082009B181A68D5
:105FB000002A08D0012A04D0511C0DD000211960FC
:105FC0009047002070BD280000F074FA2200010004
:105FD000280000F05BFAF5E7162301202B60F1E7BB
:105FE000162301202B604042ECE7C04668120020D7
:105FF000F8B5124B04000E001D681F2809D89C2715
:106000007F00E859002809D0A40004192068266000
:10601000F8BD16232B6001204042F9E780212800BB
:10602000FFF7A2F9010003000022E85180310028A7
:10603000F1D004C39942FCD1E6E7C04668120020C3
:1060400070B59C250C4B6D001C686359002B01D06A
:10605000002070BD80212000FFF786F960510028E4
:1060600006D002000023803208C09042FCD1EFE746
:1060700001204042EDE7C04668120020184B70B581
:1060800004001D681F2827D89C267600AB59002BDA
:1060900014D0A2009B181A68002A09D0511C0BD0FA
:1060A000012A07D00021200019609047002070BD10
:1060B0000120FCE70320FAE70220F8E7802128000E
:1060C000FFF752F9031EA85106D0002102008030CC
:1060D00002C29042FCD1DCE701204042E7E7C04623
:1060E000681200207047C0467047C04630B5002A8D
:1060F00026D003000B439B0724D1032A22D9164D37
:106100000BE0043A002A1BD0144C1C199C432C426F
:1061100016D104300431032A14D903680C68A34251
:10612000EFD004780D78A54213D1012306E0C45CBA
:10613000CD5CAC420DD101339A4201D0002CF6D196
:10614000002030BD04780D78AC4202D1012AECD198
:10615000F6E7601BF5E7C04680808080FFFEFEFE0C
:10616000802310B55B01082801D1180010BDFFF78E
:1061700043FD16230360173BF7E7C046034B10B5FA
:10618000002B02D00248FFF7F1FD10BD0000000017
:106190003153001070B50C0011008E2C03D8594AF1
:1061A000A50052599746002B00D1A9E01A00200003
:1061B00000F084F9002800D1A0E070BD5248FCE74F
:1061C0005248FAE75248F8E75248F6E75248F4E7EF
:1061D0005248F2E75248F0E75248EEE75248ECE7FF
:1061E0005248EAE75248E8E75248E6E75248E4E70F
:1061F0005248E2E75248E0E75248DEE75248DCE71F
:106200005248DAE75248D8E75248D6E75248D4E72E
:106210005248D2E75248D0E75248CEE75248CCE73E
:106220005248CAE75248C8E75248C6E75248C4E74E
:106230005248C2E75248C0E75248BEE75248BCE75E
:106240005248BAE75248B8E75248B6E75248B4E76E
:106250005248B2E75248B0E75248AEE75248ACE77E
:106260005248AAE75248A8E75248A6E75248A4E78E
:106270005248A2E75248A0E752489EE752489CE79E
:1062800052489AE7524898E7524896E7524894E7AE
:10629000524892E7524890E752488EE752488CE7BE
:1062A00052488AE7524888E7524886E7524884E7CE
:1062B000524882E7524880E752487EE752487CE7DE
:1062C00052487AE7524878E7524876E7524874E7EE
:1062D000524872E7524870E752486EE752486CE7FE
:1062E00052486AE7524868E7524866E7524864E70E
:1062F000524862E7524860E752485EE752485CE71E
:10630000030053E7CC730010D86E0010C06E00106D
:10631000786E0010906E00107C6A00103C6E0010C9
:10632000B06C0010386F0010446900100C69001048
:10633000AC6E0010106F0010086C0010406B001065
:10634000146A0010146B0010046A00104C6F0010E7
:10635000586A00102C6C0010546E0010246E00104F
:10636000F46D0010DC6D0010BC6D00109C6D001011
:106370006C6D0010486D0010086E0010EC6E00107F
:10638000306D0010146D0010006D0010E46C0010F2
:10639000D86C0010C46C0010A06C0010886C001049
:1063A000746C00105C6C0010646D00104C6C00107C
:1063B000446C0010206C0010F46B0010D86B0010BF
:1063C000C46B0010946B0010886B0010786B001089
:1063D000606B0010506B0010286B0010046B0010F5
:1063E000F46A0010DC6A0010BC6A00109C6A00109D
:1063F000446A0010346A0010F4690010E469001067
:10640000D0690010C4690010AC690010A0690010C8
:106410008C690010786900106469001038690010F8
:1064200028690010F8680010E4680010C8680010BF
:10643000BC680010A4680010946800107868001010
:106440006C680010646800100467001010B5044BFD
:106450000100186800220023FFF79CFE10BDC04613
:106460006812002010B5044B0100186800220023B8
:10647000FFF790FE10BDC0466812002003000A78A6
:1064800001311A700133002AF9D17047002370B529
:10649000074D0400080011002B60FCF7CDFE431CE3
:1064A00000D070BD2B68002BFBD02360F9E7C046FD
:1064B000701E002010B5FCF7BDFE10BD0020704717
:1064C000F8B5C0460000000001B40248844601BC93
:1064D000604700BF8711002001B40248844601BC18
:1064E000604700BF5901002001B40248844601BC46
:1064F000604700BF3102002001B40248844601BC5D
:10650000604700BF3106002001B40248844601BC48
:10651000604700BF3911002001B40248844601BC25
:10652000604700BFC505002001B40248844601BC95
:10653000604700BF8111002001B40248844601BCBD
:10654000604700BF3102002001B40248844601BC0C
:10655000604700BF310D002001B40248844601BCF1
:10656000604700BFC105002001B40248844601BC59
:10657000604700BF6111002001B40248844601BC9D
:10658000604700BF8101002001B40248844601BC7D
:10659000604700BFC100002001B40248844601BC2E
:1065A000604700BFD505002001B40248844601BC05
:1065B000604700BF610D002001B40248844601BC61
:1065C000604700BF010D002001B40248844601BCB1
:1065D000604700BF6D1100202D29001059290010BF
:1065E0003D2B00107D310010BD2F0010C130001078
:1065F000652A00107529001095290010A92900109E
:10660000FD1B0010B12900107D1F0010F52800109F
:10661000511B00107D610010FD020010853B001031
:04662000DD4D00103C
:1066240062617369635F737472696E673A3A617029
:1066340070656E6400000000303030313032303329
:10664400303430353036303730383039313031311C
:106654003132313331343135313631373138313902
:1066640032303231323232333234323532363237FA
:1066740032383239333033313332333333343335E0
:1066840033363337333833393430343134323433C6
:1066940034343435343634373438343935303531AC
:1066A4003532353335343535353635373538353992
:1066B400363036313632363336343635363636378A
:1066C4003638363937303731373237333734373570
:1066D4003736373737383739383038313832383356
:1066E400383438353836383738383839393039313C
:1066F4003932393339343935393639373938393922
:10670400000000000A2A2A2A2050414E4943202A28
:106714002A2A0A000A0000004861726477617265DF
:1067240020616C61726D20256420616C7265616406
:106734007920636C61696D6564000000486172646E
:1067440020617373657274004F7574206F66206DD9
:10675400656D6F727900000052656C656173650048
:10676400626F6F74325F77323571303830000000F9
:10677400322E322E300000007069636F000000007A
:106784006D61696E000000004A756E20203520326C
:106794003032360062617369635F737472696E6765
:1067A4003A3A5F4D5F63726561746500474C4942D4
:1067B4004358585F54554E41424C45530000000025
:1067C4006F626A5F73697A65000000006F626A5FD6
:1067D400636F756E74000000676C69626378782E6D
:1067E40065685F706F6F6C007374643A3A626164D9
:1067F4005F657863657074696F6E000062617369C8
:10680400635F737472696E673A3A5F535F636F6E66
:10681400737472756374206E756C6C206E6F742063
:1068240076616C696400000062617369635F73740C
:1068340072696E673A3A5F535F63726561746500AB
:1068440067656E657269630073797374656D0000C2
:10685400556E6B6E6F776E206572726F72000000FA
:1068640053756363657373004E6F74206F776E6541
:10687400720000004E6F20737563682066696C6552
:10688400206F72206469726563746F72790000000E
:106894004E6F20737563682070726F636573730045
:1068A400496E74657272757074656420737973745B
:1068B400656D2063616C6C00492F4F206572726FA7
:1068C400720000004E6F20737563682064657669FA
:1068D4006365206F722061646472657373000000E5
:1068E400417267206C69737420746F6F206C6F6ED3
:1068F400670000004578656320666F726D617420DF
:106904006572726F72000000536F636B657420616F
:106914006C726561647920636F6E6E65637465641F
:10692400000000004261642066696C65206E756D2C
:10693400626572004E6F206368696C6472656E00F4
:1069440044657374696E6174696F6E206164647206
:106954006573732072657175697265640000000067
:106964004E6F206D6F72652070726F63657373650F
:10697400730000004E6F7420656E6F756768207336
:1069840070616365000000005065726D697373691E
:106994006F6E2064656E6965640000004261642066
:1069A4006164647265737300446576696365206F1E
:1069B40072207265736F75726365206275737900F6
:1069C40046696C65206578697374730043726F73EC
:1069D400732D646576696365206C696E6B000000D5
:1069E4004E6F207375636820646576696365000083
:1069F4004E6F742061206469726563746F727900EC
:106A0400486F737420697320646F776E0000000010
:106A1400436F6E6E656374696F6E20616C7265613D
:106A2400647920696E2070726F67726573730000F9
:106A340049732061206469726563746F7279000020
:106A4400496E76616C696420617267756D656E74F8
:106A5400000000004E6574776F726B20696E746578
:106A64007266616365206973206E6F7420636F6E54
:106A74006669677572656400436F6E6E65637469F9
:106A84006F6E2061626F72746564206279206E6536
:106A940074776F726B000000546F6F206D616E79B4
:106AA400206F70656E2066696C657320696E207353
:106AB400797374656D00000046696C6520646573C4
:106AC40063726970746F722076616C756520746F7F
:106AD4006F206C61726765004E6F7420612063687B
:106AE4006172616374657220646576696365000030
:106AF400546578742066696C65206275737900004A
:106B040046696C6520746F6F206C61726765000064
:106B1400486F737420697320756E72656163686170
:106B2400626C65004E6F207370616365206C6566EE
:106B340074206F6E20646576696365004E6F7420FF
:106B4400737570706F72746564000000496C6C65D5
:106B540067616C207365656B0000000052656164B9
:106B64002D6F6E6C792066696C652073797374651A
:106B74006D000000546F6F206D616E79206C696E3A
:106B84006B73000042726F6B656E207069706500F4
:106B94004D617468656D61746963732061726775B2
:106BA4006D656E74206F7574206F6620646F6D61FF
:106BB400696E206F662066756E6374696F6E00007F
:106BC400526573756C7420746F6F206C61726765A5
:106BD400000000004E6F206D657373616765206F60
:106BE4006620646573697265642074797065000059
:106BF4004964656E7469666965722072656D6F7645
:106C040065640000496C6C6567616C206279746529
:106C14002073657175656E63650000004465616489
:106C24006C6F636B000000004E6574776F726B20AD
:106C3400697320756E726561636861626C650000DA
:106C44004E6F206C6F636B004E6F74206120737401
:106C54007265616D0000000053747265616D206996
:106C64006F63746C2074696D656F75740000000047
:106C74004E6F2073747265616D207265736F7572E7
:106C8400636573005669727475616C20636972631D
:106C940075697420697320676F6E650050726F7434
:106CA4006F636F6C206572726F720000556E6B6E4D
:106CB4006F776E2070726F746F636F6C00000000EA
:106CC4004D756C7469686F7020617474656D70744F
:106CD40065640000426164206D65737361676500DB
:106CE40046756E6374696F6E206E6F7420696D7083
:106CF4006C656D656E7465640000000044697265BE
:106D040063746F7279206E6F7420656D707479008E
:106D140046696C65206F722070617468206E616DC5
:106D24006520746F6F206C6F6E670000546F6F2066
:106D34006D616E792073796D626F6C6963206C6923
:106D44006E6B73004E6F2062756666657220737099
:106D540061636520617661696C61626C6500000045
:106D64004E6F2064617461004164647265737320C2
:106D740066616D696C79206E6F7420737570706FC5
:106D8400727465642062792070726F746F636F6CC3
:106D94002066616D696C790050726F746F636F6CFB
:106DA4002077726F6E67207479706520666F722029
:106DB400736F636B65740000536F636B6574206F4E
:106DC4007065726174696F6E206F6E206E6F6E2DC8
:106DD400736F636B6574000050726F746F636F6CD4
:106DE400206E6F7420617661696C61626C6500006D
:106DF400436F6E6E656374696F6E2072656675733A
:106E040065640000436F6E6E656374696F6E207213
:106E140065736574206279207065657200000000F6
:106E24004164647265737320616C72656164792076
:106E3400696E207573650000416464726573732024
:106E44006E6F7420617661696C61626C650000002C
:106E5400536F66747761726520636175736564202E
:106E6400636F6E6E656374696F6E2061626F7274B6
:106E740000000000536F636B6574206973206E6FAC
:106E84007420636F6E6E656374656400536F636B27
:106E9400657420697320616C726561647920636F25
:106EA4006E6E6563746564004F7065726174696FBA
:106EB4006E2063616E63656C656400005374617475
:106EC40065206E6F74207265636F76657261626CA3
:106ED4006500000050726576696F7573206F776E78
:106EE40065722064696564004F7065726174696FCE
:106EF4006E206E6F7420737570706F727465642089
:106F04006F6E20736F636B657400000056616C755F
:106F14006520746F6F206C6172676520666F7220E4
:106F2400646566696E656420646174612074797057
:106F3400650000004D65737361676520746F6F2091
:106F44006C6F6E6700000000436F6E6E656374695A
:106F54006F6E2074696D6564206F757400000000A5
:106F6400080052501AD61A00000000000000000069
:106F7400B5160010ED160010C5160010060052508C
:106F8400D3F075425C67001006005250E182887F9E
:106F94006467001006005250ABB36053746700106E
:106FA40006005250BBFF3CB67C67001006005250EE
:106FB400861C030284670010060052505422A29DCE
:106FC4008C67001005005250DE65F468A490001030
:106FD4000D0A0000537439657863657074696F6EC7
:106FE40000000000A4720010D86F001053743133F5
:106FF4006261645F657863657074696F6E00000038
:10700400E8700010F06F0010E86F00104E31305F30
:107014005F637878616269763131355F5F666F727C
:107024006365645F756E77696E644500A4720010D1
:10703400107000104E31305F5F637878616269765A
:107044003131395F5F666F726569676E5F6578635A
:10705400657074696F6E4500A4720010387000107A
:107064000000000004700010413F00104D3F00106C
:10707400453F0010903F00103E400010F03F0010CC
:10708400903F0010D63F0010684000106840001088
:1070940068400010684000100C400010FC3F0010D5
:1070A400903F0010D63F00104E31305F5F63787818
:1070B400616269763132305F5F73695F636C6173FB
:1070C400735F747970655F696E666F4500000000D8
:1070D400E8700010AC700010907200100000000006
:1070E400D47000109D470010B1470010B54800103F
:1070F400B5480010F14E00101D4E00108D480010D0
:1071040005480010CD470010537439747970655FD9
:10711400696E666F00000000A47200100C7100100C
:10712400537431316C6F6769635F6572726F72009B
:10713400E870001024710010E86F001053743132AD
:107144006C656E6774685F6572726F720000000030
:10715400E87000104071001034710010000000004D
:1071640034710010ED4800106D490010E94800101A
:1071740000000000547100102D490010B1490010A6
:10718400E94800104E5374335F56323134657272DD
:107194006F725F63617465676F7279450000000008
:1071A400A472001088710010E8700010B87100100B
:1071B400A47100102A4E31325F474C4F42414C5F5C
:1071C4005F4E5F31323267656E657269635F657207
:1071D400726F725F63617465676F72794500000056
:1071E400E8700010F0710010A47100102A4E3132C2
:1071F4005F474C4F42414C5F5F4E5F313231737990
:107204007374656D5F6572726F725F6361746567D5
:107214006F7279450000000000000000AC7100109E
:10722400A14B0010014D0010814B0010194D0010AE
:10723400554C0010294C0010894B0010314C0010A3
:1072440000000000E4710010254C00100D4D0010EA
:10725400A54B0010194D0010554C0010AD4B0010FB
:10726400514D0010314C00104E31305F5F6378781F
:10727400616269763131375F5F636C6173735F7428
:107284007970655F696E666F45000000E8700010F4
:107294006C7200101C71001000000000907200104D
:1072A400654E0010794E0010B5480010B548001026
:1072B400F14E00101D4E0010D54E0010954E0010DA
:1072C400514E00100020202020202020202028289B
:1072D4002828282020202020202020202020202092
:1072E40020202020208810101010101010101010D2
:1072F4001010101010040404040404040404041002
:10730400101010101010414141414141010101018F
:107314000101010101010101010101010101010159
:107324001010101010104242424242420202020265
:107334000202020202020202020202020202020229
:1073440010101010200000000000000000000000D9
:107354000000000000000000000000000000000029
:107364000000000000000000000000000000000019
:107374000000000000000000000000000000000009
:1073840000000000000000000000000000000000F9
:1073940000000000000000000000000000000000E9
:1073A40000000000000000000000000000000000D9
:1073B40000000000000000000000000000000000C9
:1073C4000000000000000000F8620010F4620010E9
:1073D400F0620010EC620010E8620010E462001039
:1073E400E0620010DC620010D8620010D462001069
:1073F400D0620010CC620010C8620010C462001099
:10740400C0620010A6610010BC620010B8620010D7
:10741400B4620010B0620010AC620010A8620010E8
:10742400A4620010A06200109C6200109862001018
:1074340094620010906200108C6200108862001048
:1074440084620010806200107C6200107862001078
:1074540074620010706200106C620010A66100106B
:10746400A6610010A6610010A6610010A6610010BC
:10747400A6610010A6610010A661001068620010E9
:1074840064620010A6610010A6610010A6610010DD
:10749400A6610010A6610010A6610010A66100108C
:1074A400A6610010A6610010A6610010A66100107C
:1074B400A6610010A6610010606200105C620010FA
:1074C4005862001054620010A6610010A6610010FA
:1074D400A661001050620010A6610010A6610010A1
:1074E400A66100104C620010A6610010A661001095
:1074F40048620010A6610010A661001044620010EA
:10750400A6610010A6610010A6610010A66100101B
:10751400A6610010A6610010A6610010A66100100B
:10752400A6610010A661001040620010A661001060
:107534003C6200103862001034620010A661001032
:10754400A661001030620010A6610010A661001050
:10755400A6610010A6610010A6610010A6610010CB
:10756400A6610010A66100102C62001028620010B1
:1075740024620010206200101C62001018620010C7
:10758400A661001014620010106200100C6200105A
:10759400086200100462001000620010FC61001018
:1075A400F8610010F4610010E0610010DC6100106B
:1075B400D8610010D4610010A6610010D0610010E1
:1075C400CC610010C8610010C4610010A6610010F5
:1075D400A6610010A6610010A6610010A66100104B
:1075E400F0610010A6610010A6610010A6610010F1
:1075F400EC610010E8610010E4610010C06100104B
:04760400BC61001055
:107608003DCBFF7FB0B0AA00FFFF01080E041C00AD
:10761800180E000029CBFF7FB0B0AA00FFFF0108B9
:107628000E041C00180E000080010181B0B0ABB040
:107638000000000080010181B0B0AB100000000024
:10764800FDCAFF7FB0B0AA00FFFF0100F1CAFF7FAB
:10765800F0801601B0B0B0ABFF101901102AAA08CB
:107668000000D60904DE0901DA090400000100005F
:1076780000000000C9CAFF7FB0B0A800FF100D01CC
:10768800040206080101000000000000B1CAFF7FE3
:1076980010800101B0B0B0ABFFFF010C2004660000
:1076A8006C0400007204660080010181B0B0AB1068
:1076B8000000000089CAFF7F30800401B0B0B0AB81
:1076C800FFFF010F3E049201004E049C0100980147
:1076D8000400000069CAFF7FB0A90600FFFF010C83
:1076E8000C02000016042C003204000051CAFF7F6F
:1076F800F0800401B0B0B0ABFF1019010F440A4E7E
:107708000198013CDA0100E20104000001000000D8
:107718000000000076B20181B0ABF08000000000EC
:107728000FB20181B0AB108000000000800A018117
:10773800B0B0ABF0000000003F010181B0AB708039
:107748000000000080040181B0B0ABF00000000030
:1077580000C1FF7FACFEFF7F28C1FF7FB8FEFF7F1F
:1077680050C1FF7FB0B0A88084C1FF7F0100000036
:1077780090C1FF7FB4FEFF7F3CC2FF7FB0AA0180AB
:10778800E4C2FF7F0100000018C5FF7FA8FEFF7F4D
:10779800D0C5FF7F0100000098C6FF7FA4FEFF7FD1
:1077A80004C7FF7FB0B0A8808CC7FF7F010000002E
:1077B800B4C7FF7FAB708080B0C8FF7FB0B0A8802F
:1077C800E8C8FF7FAB08B18074C9FF7F80FEFF7FE8
:1077D80050CEFF7FA0FEFF7F58CEFF7F0100000044
:1077E80060CEFF7FB0B0A88070CEFF7F01000000A0
:1077F80080CEFF7FB0B0A880ACCEFF7F0100000034
:10780800F0CEFF7FB0B0AA801CCFFF7FB0B0A880B9
:1078180084CFFF7F01000000ACCFFF7FB0AB0280B8
:10782800DCCFFF7FB0AB04805CD0FF7FAB08B180BA
:1078380078D0FF7F01000000B4D1FF7F50FEFF7FAA
:1078480034D2FF7FB0B0A88040D2FF7F5CFEFF7FBC
:10785800ACD2FF7FB0B0A88018D3FF7F0100000032
:10786800ECD3FF7F50FEFF7F90D4FF7F0100000024
:10787800A0D4FF7F60FEFF7FD0D4FF7F010000000F
:1078880094D5FF7FB0AA0380C0D5FF7F0100000018
:1078980058D6FF7FAB08B18074D6FF7F0100000087
:1078A800C8D6FF7F48FEFF7FB4D7FF7F01000000E6
:1078B8002C8AFF0FB0A90480B88AFF0FB0B0A88047
:1078C8000C8BFF0F01000000148BFF0FB0B0AA80D3
:1078D800448BFF0F40FEFF7F148CFF0F0100000058
:1078E800108CFF0FAB3F3A805C8CFF0FB0B0A880C4
:1078F800688CFF0FB0B0AA80A48CFF0FB0B0A8802E
:10790800B88CFF0F01000000B48CFF0FB0B0A88046
:10791800BC8CFF0F010000006C8DFF0F04FEFF7F81
:10792800DC8DFF0F08FEFF7FAC90FF0FB0B0A88082
:10793800C890FF0F04FEFF7F6C93FF0F010000004B
:10794800DC94FF0F00840480EC94FF0FB0B0A88093
:10795800EC94FF0FF0FDFF7FD897FF0FB0A80380CE
:10796800F897FF0FB0B0A8801098FF0F0100000033
:10797800646F0010806F00108C6F0010986F0010FB
:10798800A46F0010B06F0010BC6F0010C86F00101B
:10799800F0B5C646150000B504001E000268EFF3F6
:1079A800108172B61368002BFCD0BFF35F8F0423DD
:1079B800E3562268002B2BDBBFF35F8F002010609B
:1079C80081F31088D02212061278002752B290460E
:1079D8009A420ED1002080BCB846F0BDBFF35F8F3D
:1079E800176081F310882800310001F059F8002849
:1079F800F0D12268EFF3108172B61368002BFCD027
:107A0800BFF35F8F237922687F2BE7D9434602E0D3
:107A1800D0231B061B682371BFF35F8F00231360FD
:107A280081F310880120D6E70268EFF3108172B65F
:107A38001368002BFCD0BFF35F8FFF23037103682B
:107A4800BFF35F8F00221A6081F3108840BF704730
:107A5800F0B5CE46474605001E0018001C0004235A
:107A680080B5894602279C46002831D0002E33D0A5
:107A7800EB681F421AD033000833A3420FD8002CFA
:107A88002DD10223E9680B4236D1002E20D0EB68B5
:107A980000241F42FBD033000833A342EFD94B46E2
:107AA8001B78013EAB6001239846C144002CECD002
:107AB8006146EB68194215D1002ED9D10421EB6833
:107AC8001942FCD0AB68013C13700132002CF5D18F
:107AD800C0BCB946B046F0BD002CF9D0EEE7EB6863
:107AE8005B07C5D5AB68013C13702300511C884661
:107AF8003343EDD04246B9E731000831CFD1C1E771
:107B08007047C04603685A0004D580221206134302
:107B1800C01870475B005B08FAE7C046F8B54E46E8
:107B28004546DE46574680469146E0B500292AD0AC
:107B38004B1E9B469A4600275346FB18DC0FE41859
:107B480043466410E5005E193000FFF7DBFFA345EC
:107B580010D0484509D8083528004044FFF7D2FF1F
:107B68000138484508D2671CE6E7A7420BD0631ED8
:107B78009A46E1E74845F8D83000F0BCBB46B24623
:107B8800A946A046F8BD0026F6E7C046030001282E
:107B980008D0022804D00020002B00D102487047EA
:107BA8000248FCE70248FAE7DD090020F509002051
:107BB800E909002030B5214B050085B08C1E002B4B
:107BC80026D0200003A900E000BF00281DD003999B
:107BD8002200FFF7A3FF041E17D0FFF793FF636887
:107BE800A864012B27D0201D002B22DBFFF78AFF7A
:107BF80000232B650368E864002B0FDBFFF782FF87
:107C0800030000202B6105B030BD00230920F9E7EF
:107C18000B4B0C481B1AD9100391D9E71801000F18
:107C2800FFF7B4FF03005A425A410920524210405C
:107C3800E8E70123DDE700230520E3E70000000073
:107C48007879001058770010036810B50400DA0737
:107C580005D49B070AD5503000F0AAFC23685A07C0
:107C68000AD51A070FD5DB0615D510BD503000F020
:107C78009BFC23685A07F4D42000D83000F09CFC01
:107C880023681A07EFD420005930FF3000F098FC21
:107C98002368DB06E9D42000D930FF3000F094FCDB
:107CA800E3E7C04603000068002800D0C01870470A
:107CB8007047C04670B504000D002000296CFFF71E
:107CC80079FF002811D12B6C2A0063612100012063
:107CD800236998470828F0D0072806D10020296C86
:107CE800FFF7E6FF281D00F049FCFFDEF0B5DE4691
:107CF8004E4657464546E0B5C368314C9946A544BB
:107D08008369050016000431402203A89A4600F052
:107D1800AFFE002302937CAB9B4602AC23E0F42227
:107D2800236C21006B615200584600F0A1FE5A46B0
:107D380029002B69404698475B469B6B0700A36464
:107D480053462A00019331002B0001200094C847B4
:107D580000282CD1F42259462000520000F088FE59
:107D68000026082F21D12800216CFFF723FF0936B0
:107D7800F3B2071E9846D2D0A36B1021A3644346E2
:107D88000B43190053462A00019301202B0000944D
:107D9800C84700280BD13800F7239B009D44F0BC4E
:107DA800BB46B246A946A046F0BD072F01D0092719
:107DB800F1E73000216CFFF77BFF03A800F0DEFB42
:107DC80024FCFFFF806C7047F0B5CB6BFBB005005F
:107DD8000B640F004022043101A800F049FE012382
:107DE8005B426E46009306E0320029002B699847F3
:107DF8000400082808D12800316CFFF7DBFE0028B2
:107E0800F2D009207BB0F0BD3000FFF71DFF062C33
:107E1800F7D139002800FFF74DFFC04610B5826141
:107E2800DA6BC1601A6419000022FFF75FFF10BD0A
:107E3800436970B50B64C36804000D00002B13D1AF
:107E48000A000369010002209847072805D008287E
:107E58000ED129002000FFF72DFF0020296CFFF725
:107E680027FF281D00F08AFB0122FFF73FFFFFDEF6
:107E7800FFDEC046C36810B5002B05D0CB6B0022CF
:107E88000B64FFF733FF10BDFFF79EFF0920FAE7E9
:107E98007047C0468368010010B5002B01D001204F
:107EA800984710BD042908D802291AD800290BD0F0
:107EB800481E431E98410130704705290FD1436C75
:107EC800009A00201360F7E7002B08D10F2A06D884
:107ED800920080184368009A00201360ECE70220A3
:107EE800EAE70120E8E7C04600B585B003AB0A0021
:107EF800009300210023FFF7D5FF039805B000BDCC
:107F0800042908D802291AD800290BD0481E431E74
:107F180098410130704705290FD1009B1B684364C5
:107F28000020F7E7002B08D10F2A06D8009B920003
:107F38001B68801843600020ECE70220EAE7012074
:107F4800E8E7C04600B585B003AB039200930A008A
:107F580000230021FFF7D4FF05B000BDF0B5C646E9
:107F680000B51B4CD36BA544070013640E0017A87B
:107F7800111D402200F07CFD01235B426D461693E3
:107F880016AC13E00C2120002A00FFF7DBFF3100BC
:107F98002000B84700280FD1220029002B6908309B
:107FA80098478046052809D0092805D02800216C63
:107FB800FFF700FE0028E5D0092398462000FFF7C8
:107FC80043FE404690239B009D4480BCB846F0BDCC
:107FD800C0FDFFFFF0B5454657464E46DE46E0B5C4
:107FE8000D000321EC6C8BB0160004CC07AF94464F
:107FF800B84601400894002B21D0170C424657720E
:10800800624612040792FF223A409200A418022204
:1080180047463A72022900D1AC6B2A6DD20713D5B4
:108028004146300000F076FB002800D0D6E008205A
:108038000BB0F0BCBB46B246A946A046F0BD120242
:1080480007927B720322E3E722689346002AE7D06F
:1080580008220240039200220127AA46B146049250
:1080680002910193019B022B48D0238865889B4687
:10807800043453462E009B6C0F214846BE43F61825
:10808800FFF732FF0023864205D85B46BB439B19A6
:1080980098429B415B4202226D0015405A463A4085
:1080A8001543012D44D0022D2BD0002D00D095E092
:1080B800029A002A02D0002B00D0B8E004342368CA
:1080C8009B46002BCED14E464146300000F022FBA5
:1080D800002800D082E0049B002BA8D00F2130009C
:1080E800FFF702FF0E2102003000FFF72BFF3000E0
:1080F8000F216D4AFFF726FF072099E765680834C6
:10810800B7E725686A0052089346029A002A49D1BF
:10811800002B05D0039B002B62D05B46002B5FD061
:10812800002D00DA04345B4601339B00E418C6E7EF
:10813800029A002A19D1002B15D025686368ED0F23
:108148009A1C4BD0524658320692013300D19AE01D
:10815800201DFFF7A7FD2A00010006AB504600F0DE
:108168008FFC002877D10834A9E753460D214846EB
:108178001D6AFFF7B9FE8542F5D153469B6A9C42BA
:10818800F1D155464E462000FFF7BCFC0F210200F6
:108198003000FFF7D7FE30002A000021FFF7D2FE9B
:1081A800072045E753460D2148461E6AFFF79CFE07
:1081B8008642B5D153469B6A9C42B1D153465A4632
:1081C8009A6252460023D36204331363231D536318
:1081D8002368002B61DB01230493A4E7092027E728
:1081E8005823534405935B46261DA34600251C00CF
:1081F8000EE0059B30000693FFF754FD00220100B6
:1082080006AB504600F03CFC01350436002835D159
:10821800A542EED14E460D213000FFF765FE5546CA
:108228005C46069B28626B620620AC6200E7200071
:10823800FFF768FC554604340700AC6328004E4637
:1082480000F026FC0028C9D030003A000F21FFF7C3
:1082580079FE0720ECE64E4681460D213000FFF7F7
:1082680043FE55464B46069F2862022B02D1EF6219
:108278002F002C3706206F62AC62D9E623005C46DB
:108288009B4625684CE74E460D21300055469246E0
:10829800FFF72AFE57462862ECE75846013080006F
:1082A80055464E4620186FE7714F001010B5002351
:1082B800FFF790FE10BDC04610B50123FFF78AFEF8
:1082C80010BDC04610B50223FFF784FE10BDC0469E
:1082D800F0B54646D6464F46C0B5050014001E0008
:1082E800C2B0052907D8A44B89005B589F461B19C3
:1082F800102B00D8B2E0022042B0E0BCBA46B1462A
:10830800A846F0BD836B002AF5D104CB4264836391
:108318000020F1E7002EEED1002301271604826B1E
:10832800360C011D38009840064201D001CA086089
:1083380001330431102BF5D1A404E9D40020AA6339
:10834800DAE7032ED7D11404160C240C3319102B9A
:10835800D1D8082203681A4200D0D6E020AF3800EE
:1083680000F030F9AB6B61009C46F6004A1E00290C
:108378000AD0F61A043EBE19180000680433985152
:10838800013AF9D2E400A44463463800AB6300F034
:1083980017F90020B0E7130C14049846240C012E9A
:1083A800A5D0052EA7D11F19202FA4D80F2B00D890
:1083B8008CE0002CACD004220368A2461A4204D0F8
:1083C80093430360D83000F0F9F8E946684600F0B6
:1083D800F5F8A96B534647465C00102F00D21027CA
:1083E800013C22000023103FFF004F44C858F850BA
:1083F8000433013AFAD20431A400091920AF012E3E
:1084080000D1A5E04346A9630F2B00D8A7E0484652
:1084180000F0D2F800206FE7002E00D06BE7102A9A
:1084280000D968E7102203681A4267D120AF3800E4
:1084380000F0CCF8012639000023AA6B30009840E0
:10844800044201D001CA086001330431042BF5D17C
:108458003800AA6300F0B8F800204DE74346102B17
:1084680000D148E703681E4206D003222800934340
:108478002B60503000F09AF820AF380000F096F8E2
:10848800A96B002C64D000239A4643466200DC00A6
:10849800531E99461A0000233C19C858E05004336B
:1084A800013AFAD24B4604319B0059185346E94623
:1084B800002B8FD1012E4BD04346A9630F2B00D937
:1084C80026E7380000F074F8002015E701221100B3
:1084D80003681940102F1FD8002907D093430222A0
:1084E800280013432B60503000F064F820AF3800A8
:1084F80000F060F8002CE4D0A96BC4E79343036054
:10850800D930FF3000F062F890E7934303605930A8
:10851800FF3000F057F821E7002907D093430222E3
:1085280013430360503000F045F82B685A071AD4FB
:1085380010235B429A46BA4420AF380000F03AF85C
:10854800684600F03BF810244346A96BE41A9CE700
:1085580004313800A96300F027F80020CCE620A8F1
:1085680000F026F853E70422280093432B60D83004
:1085780000F024F8DCE7C046E011002001003431A7
:1085880038C9043B9C461D60A646010020313CC901
:1085980090469946A246AB4601000831FCC941689D
:1085A8000068E54600BDC0467047C0467047C046F3
:1085B8007047C0467047C0467047C0467047C046BF
:1085C8007047C0467047C0467047C0467047C046AF
:1085D80001B401A801B585B0FFB408A841464A46D0
:1085E80053465C4665463EC001A83EC80F980090B9
:1085F80000230CB401A9FFF7E7FB109B12B0184742
:1086080001B401A801B585B0FFB408A841464A469F
:1086180053465C4665463EC001A83EC80F98009088
:1086280000230CB401A9FFF703FC109B12B01847F4
:1086380001B401A801B585B0FFB408A841464A466F
:1086480053465C4665463EC001A83EC80F98009058
:1086580000230CB401A9FFF70DFC109B12B01847BA
:1086680001B401A801B585B0FFB408A841464A463F
:1086780053465C4665463EC001A83EC80F98009028
:1086880000230CB401ABFFF7C9FB109B12B01847CD
:1086980001B401A801B585B0FFB408A841464A460F
:1086A80053465C4665463EC001A83EC80F980090F8
:1086B80000230CB401AAFFF751FC109B12B0184715
:1086C800027A0300002A0BD1427A002A0FD0013A1D
:1086D80042724268111D416003211268017202E072
:1086E800013A02720268100E12021A607047B02036
:1086F800FCE7C04600B585B003AB00930C2200230D
:108708000021FFF7CFFB039805B000BD10B5FFF7B8
:10871800F1FF10BDF0B50023454657464E46DE46EC
:108728009846E0B506000D000F2785B02800FFF732
:10873800C7FF0400B02800D128E1030637D503009D
:10874800BB43DBB2A02B00D18DE012D8802B69D0BF
:10875800902B24D10D2303400D2B20D00F2202ACE7
:1087680002400023002130000094FFF79BFB009497
:1087780033E0B02B6DD0C02B39D0072203009343D0
:10878800DBB2D02B0BD18023024001321B031A43EA
:10879800012105233000FFF79BFD0028C6D00920E2
:1087A80005B0F0BCBB46B246A946A046F0BDFF23C3
:1087B8008200134004339A4602AB0D220093994677
:1087C800002100233000FFF76DFB5346029A9B18E7
:1087D800640609D402934B46009300230D2200211E
:1087E8003000FFF78DFBA1E75346D31AF2E7C628FE
:1087F80000D1ACE0C72800D1CDE0F8230340C02B5E
:1088080000D1DAE0C82800D1DDE0C928C7D12800A6
:10881800FFF756FFF0220303120313400F22024012
:108828000132B4E704022800FFF74AFF802304431B
:108838001B029C42B3D02405002300213000220CE7
:10884800FFF746FD0028AAD14346E40F2343984684
:108858006CE703004F33DBB2042B00D98BE0694A85
:108868009B00D3589F46FF21072309010A00834331
:108878001A410A40240702D58023DB011A4300234A
:1088880000213000FFF724FD002800D14EE786E7DD
:108898000023002205213000FFF71AFD002800D12F
:1088A80044E77CE72800FFF70BFFF02203031203DD
:1088B80013400F22024001321A43012101233000E4
:1088C800FFF706FD002800D130E768E702AB0D226C
:1088D80000210093994630000023FFF7E3FA2800AF
:1088E800FFF7EEFE43B2029C002B00DB87E0022379
:1088F8009A467D339B465B4618405346984007236B
:108908009C46241828000294E244FFF7D9FE43B29B
:10891800002BF0DB5346984081239B009C464B4636
:10892800644400190290009357E72800FFF7C8FE37
:10893800431EDBB202000E2BA1D930E703AB009334
:108948000D22002300213000FFF7ACFAEEE62800E4
:10895800FFF7B6FEF0220303120313400F22024072
:1089680001321A43032103233000FFF7B1FC00282A
:1089780000D1DBE613E7FC230340B42B00D10EE75C
:108988000723802203400133120395E74346002B57
:1089980025D0002004E72800FFF792FE431EDBB233
:1089A80002000E2B00D9FAE6002304213000FFF75D
:1089B8008FFC002800D1B9E6F1E6A022B13B0340C4
:1089C80001331203CDE72800FFF77AFE0F230200D8
:1089D8009A43D2B21032034012030133D7E602ACF5
:1089E8000E22002130000094FFF75CFA00230F22CA
:1089F800002130000094FFF783FA0020D0E602231C
:108A08009A4687E7F8110020030010B5DA6C84B0A5
:108A18005368080008320292032201A91C021B0EA7
:108A280001940A724B72FFF775FE04B010BDC04680
:108A380010B5FFF76BFE806C10BDC04610B5FFF790
:108A480065FEC06CC3799B000833C01810BDC046D2
:108A580010B500F005F810B5FFF7FAFF00000000A8
:108A680001B40248844601BC604700BF5953001056
:108A780001B40248844601BC604700BF9931001028
:108A880001B40248844601BC604700BFA93C0010FD
:108A980001B40248844601BC604700BF693D00102C
:108AA80001B40248844601BC604700BF652300103A
:108AB800440A0020C60A0020260A0020720A002064
:108AC800480B0020340A00205A100020FC0F002018
:108AD800D40F0020C00F00206C1000200000000000
:108AE800100000000000000000000000000000006E
:108AF8000000000000000000D01700200000000067
:108B0800503300004C33000054330000523300004F
:108B18004D5300004D43000053340000433400001F
:108B28000040044000000000394600104C7200105C
:108B38002472001059530010701200200000000029
:108B480000000000701B0020D81B0020401C0020E3
:108B5800000000000000000000000000000000000D
:108B680000000000000000000000000000000000FD
:108B780000000000000000000000000000000000ED
:108B880000000000000000000000000000000000DD
:108B980000000000000000000000000000000000CD
:108BA80000000000000000000000000000000000BD
:108BB80000000000000000000000000000000000AD
:108BC800000000000000000000000000000000009D
:108BD800000000000000000001000000000000008C
:108BE8000E33CDAB34126DE6ECDE05000B00000051
:108BF800000000000000000000000000000000006D
:108C0800000000000000000000000000000000005C
:108C1800000000000000000000000000000000004C
:108C2800000000000000000000000000000000003C
:108C3800000000000000000000000000000000002C
:108C4800000000000000000000000000000000001C
:108C5800000000000000000000000000000000000C
:108C680000000000000000000000000000000000FC
:108C780000000000000000000000000000000000EC
:108C8800FFFFFFFF000002000000000000000000DE
:108C9800B8130020B8130020C0130020C013002010
:108CA800C8130020C8130020D0130020D0130020C0
:108CB800D8130020D8130020E0130020E013002070
:108CC800E8130020E8130020F0130020F013002020
:108CD800F8130020F81300200014002000140020CE
:108CE800081400200814002010140020101400207C
:108CF800181400201814002020140020201400202C
:108D080028140020281400203014002030140020DB
:108D1800381400203814002040140020401400208B
:108D2800481400204814002050140020501400203B
:108D380058140020581400206014002060140020EB
:108D4800681400206814002070140020701400209B
:108D5800781400207814002080140020801400204B
:108D680088140020881400209014002090140020FB
:108D78009814002098140020A0140020A0140020AB
:108D8800A8140020A8140020B0140020B01400205B
:108D9800B8140020B8140020C0140020C01400200B
:108DA800C8140020C8140020D0140020D0140020BB
:108DB800D8140020D8140020E0140020E01400206B
:108DC800E8140020E8140020F0140020F01400201B
:108DD800F8140020F81400200015002000150020C9
:108DE8000815002008150020101500201015002077
:108DF8001815002018150020201500202015002027
:108E080028150020281500203015002030150020D6
:108E18003815002038150020401500204015002086
:108E28004815002048150020501500205015002036
:108E380058150020581500206015002060150020E6
:108E48006815002068150020701500207015002096
:108E58007815002078150020801500208015002046
:108E680088150020881500209015002090150020F6
:108E78009815002098150020A0150020A0150020A6
:108E8800A8150020A8150020B0150020B015002056
:108E9800B8150020B8150020C0150020C015002006
:108EA800C8150020C8150020D0150020D0150020B6
:108EB800D8150020D8150020E0150020E015002066
:108EC800E8150020E8150020F0150020F015002016
:108ED800F8150020F81500200016002000160020C4
:108EE8000816002008160020101600201016002072
:108EF8001816002018160020201600202016002022
:108F080028160020281600203016002030160020D1
:108F18003816002038160020401600204016002081
:108F28004816002048160020501600205016002031
:108F380058160020581600206016002060160020E1
:108F48006816002068160020701600207016002091
:108F58007816002078160020801600208016002041
:108F680088160020881600209016002090160020F1
:108F78009816002098160020A0160020A0160020A1
:108F8800A8160020A8160020B0160020B016002051
:108F9800B8160020B8160020C0160020C016002001
:108FA800C8160020C8160020D0160020D0160020B1
:108FB800D8160020D8160020E0160020E016002061
:108FC800E8160020E8160020F0160020F016002011
:108FD800F8160020F81600200017002000170020BF
:108FE800081700200817002010170020101700206D
:108FF800181700201817002020170020201700201D
:1090080028170020281700203017002030170020CC
:10901800381700203817002040170020401700207C
:10902800481700204817002050170020501700202C
:1090380058170020581700206017002060170020DC
:10904800681700206817002070170020701700208C
:10905800781700207817002080170020801700203C
:1090680088170020881700209017002090170020EC
:109078009817002098170020A0170020A01700209C
:10908800A8170020A8170020B0170020B01700204C
:0C9098006C1E0020000000000000000022
:04000005100001E9FD
:00000001FF
