
/home/black/Desktop/work/software/CPP_ON_RP2040/build/main.elf:     file format elf32-littlearm

Sections:
Idx Name          Size      VMA       LMA       File off  Algn
  0 .boot2        00000100  10000000  10000000  00001000  2**0
                  CONTENTS, ALLOC, LOAD, READONLY, CODE
  1 .text         0000888c  10000100  10000100  00001100  2**3
                  CONTENTS, ALLOC, LOAD, READONLY, CODE
  2 .rodata       0000114c  10008990  10008990  00009990  2**3
                  CONTENTS, ALLOC, LOAD, READONLY, DATA
  3 .ARM.extab    0000015c  10009adc  10009adc  0000aadc  2**2
                  CONTENTS, ALLOC, LOAD, READONLY, DATA
  4 .ARM.exidx    00000230  10009c38  10009c38  0000ac38  2**2
                  CONTENTS, ALLOC, LOAD, READONLY, DATA
  5 .binary_info  00000020  10009e68  10009e68  0000ae68  2**2
                  CONTENTS, ALLOC, LOAD, READONLY, DATA
  6 .ram_vector_table 000000c0  20000000  20000000  0000d000  2**2
                  ALLOC
  7 .uninitialized_data 00000000  200000c0  200000c0  0000c97c  2**0
                  CONTENTS
  8 .data         000018bc  200000c0  10009e88  0000b0c0  2**4
                  CONTENTS, ALLOC, LOAD, READONLY, CODE
  9 .tdata        00000000  2000197c  2000197c  0000c97c  2**0
                  CONTENTS, ALLOC, LOAD, DATA, THREAD_LOCAL
 10 .tbss         00000000  2000197c  2000197c  00000000  2**0
                  ALLOC, THREAD_LOCAL
 11 .bss          00000c18  20001980  1000b744  0000c980  2**3
                  ALLOC
 12 .heap         00000800  20002598  1000b744  0000d598  2**2
                  ALLOC, READONLY
 13 .scratch_x    00000000  20040000  20040000  0000c97c  2**0
                  CONTENTS
 14 .scratch_y    00000000  20041000  20041000  0000c97c  2**0
                  CONTENTS
 15 .stack_dummy  00000800  20041000  20041000  0000d000  2**5
                  ALLOC, READONLY
 16 .ARM.attributes 00000028  00000000  00000000  0000c97c  2**0
                  CONTENTS, READONLY
 17 .comment      0000004c  00000000  00000000  0000c9a4  2**0
                  CONTENTS, READONLY
 18 .debug_info   000a2ef7  00000000  00000000  0000c9f0  2**0
                  CONTENTS, READONLY, DEBUGGING, OCTETS
 19 .debug_abbrev 00012fd2  00000000  00000000  000af8e7  2**0
                  CONTENTS, READONLY, DEBUGGING, OCTETS
 20 .debug_loclists 000419b5  00000000  00000000  000c28b9  2**0
                  CONTENTS, READONLY, DEBUGGING, OCTETS
 21 .debug_aranges 00002b90  00000000  00000000  00104270  2**3
                  CONTENTS, READONLY, DEBUGGING, OCTETS
 22 .debug_rnglists 000093fa  00000000  00000000  00106e00  2**0
                  CONTENTS, READONLY, DEBUGGING, OCTETS
 23 .debug_line   0003ac00  00000000  00000000  001101fa  2**0
                  CONTENTS, READONLY, DEBUGGING, OCTETS
 24 .debug_str    000206bb  00000000  00000000  0014adfa  2**0
                  CONTENTS, READONLY, DEBUGGING, OCTETS
 25 .debug_frame  00006dac  00000000  00000000  0016b4b8  2**2
                  CONTENTS, READONLY, DEBUGGING, OCTETS
 26 .debug_line_str 00000392  00000000  00000000  00172264  2**0
                  CONTENTS, READONLY, DEBUGGING, OCTETS

/home/black/Desktop/work/software/CPP_ON_RP2040/build/main.elf:     file format elf32-littlearm


Disassembly of section .boot2:

10000000 <__boot2_start__>:
10000000:	4b32b500 	.word	0x4b32b500
10000004:	60582021 	.word	0x60582021
10000008:	21026898 	.word	0x21026898
1000000c:	60984388 	.word	0x60984388
10000010:	611860d8 	.word	0x611860d8
10000014:	4b2e6158 	.word	0x4b2e6158
10000018:	60992100 	.word	0x60992100
1000001c:	61592102 	.word	0x61592102
10000020:	22f02101 	.word	0x22f02101
10000024:	492b5099 	.word	0x492b5099
10000028:	21016019 	.word	0x21016019
1000002c:	20356099 	.word	0x20356099
10000030:	f844f000 	.word	0xf844f000
10000034:	42902202 	.word	0x42902202
10000038:	2106d014 	.word	0x2106d014
1000003c:	f0006619 	.word	0xf0006619
10000040:	6e19f834 	.word	0x6e19f834
10000044:	66192101 	.word	0x66192101
10000048:	66182000 	.word	0x66182000
1000004c:	f000661a 	.word	0xf000661a
10000050:	6e19f82c 	.word	0x6e19f82c
10000054:	6e196e19 	.word	0x6e196e19
10000058:	f0002005 	.word	0xf0002005
1000005c:	2101f82f 	.word	0x2101f82f
10000060:	d1f94208 	.word	0xd1f94208
10000064:	60992100 	.word	0x60992100
10000068:	6019491b 	.word	0x6019491b
1000006c:	60592100 	.word	0x60592100
10000070:	481b491a 	.word	0x481b491a
10000074:	21016001 	.word	0x21016001
10000078:	21eb6099 	.word	0x21eb6099
1000007c:	21a06619 	.word	0x21a06619
10000080:	f0006619 	.word	0xf0006619
10000084:	2100f812 	.word	0x2100f812
10000088:	49166099 	.word	0x49166099
1000008c:	60014814 	.word	0x60014814
10000090:	60992101 	.word	0x60992101
10000094:	2800bc01 	.word	0x2800bc01
10000098:	4700d000 	.word	0x4700d000
1000009c:	49134812 	.word	0x49134812
100000a0:	c8036008 	.word	0xc8036008
100000a4:	8808f380 	.word	0x8808f380
100000a8:	b5034708 	.word	0xb5034708
100000ac:	20046a99 	.word	0x20046a99
100000b0:	d0fb4201 	.word	0xd0fb4201
100000b4:	42012001 	.word	0x42012001
100000b8:	bd03d1f8 	.word	0xbd03d1f8
100000bc:	6618b502 	.word	0x6618b502
100000c0:	f7ff6618 	.word	0xf7ff6618
100000c4:	6e18fff2 	.word	0x6e18fff2
100000c8:	bd026e18 	.word	0xbd026e18
100000cc:	40020000 	.word	0x40020000
100000d0:	18000000 	.word	0x18000000
100000d4:	00070000 	.word	0x00070000
100000d8:	005f0300 	.word	0x005f0300
100000dc:	00002221 	.word	0x00002221
100000e0:	180000f4 	.word	0x180000f4
100000e4:	a0002022 	.word	0xa0002022
100000e8:	10000100 	.word	0x10000100
100000ec:	e000ed08 	.word	0xe000ed08
	...
100000fc:	7a4eb274 	.word	0x7a4eb274

Disassembly of section .text:

10000100 <__VECTOR_TABLE>:
10000100:	20042000 	.word	0x20042000
10000104:	100001f7 	.word	0x100001f7
10000108:	100001cb 	.word	0x100001cb
1000010c:	100001cd 	.word	0x100001cd
10000110:	100001c9 	.word	0x100001c9
10000114:	100001c9 	.word	0x100001c9
10000118:	100001c9 	.word	0x100001c9
1000011c:	100001c9 	.word	0x100001c9
10000120:	100001c9 	.word	0x100001c9
10000124:	100001c9 	.word	0x100001c9
10000128:	100001c9 	.word	0x100001c9
1000012c:	100001cf 	.word	0x100001cf
10000130:	100001c9 	.word	0x100001c9
10000134:	100001c9 	.word	0x100001c9
10000138:	100001d1 	.word	0x100001d1
1000013c:	100001d3 	.word	0x100001d3
10000140:	100001c1 	.word	0x100001c1
10000144:	100001c1 	.word	0x100001c1
10000148:	100001c1 	.word	0x100001c1
1000014c:	100001c1 	.word	0x100001c1
10000150:	100001c1 	.word	0x100001c1
10000154:	100001c1 	.word	0x100001c1
10000158:	100001c1 	.word	0x100001c1
1000015c:	100001c1 	.word	0x100001c1
10000160:	100001c1 	.word	0x100001c1
10000164:	100001c1 	.word	0x100001c1
10000168:	100001c1 	.word	0x100001c1
1000016c:	100001c1 	.word	0x100001c1
10000170:	100001c1 	.word	0x100001c1
10000174:	100001c1 	.word	0x100001c1
10000178:	100001c1 	.word	0x100001c1
1000017c:	100001c1 	.word	0x100001c1
10000180:	100001c1 	.word	0x100001c1
10000184:	100001c1 	.word	0x100001c1
10000188:	100001c1 	.word	0x100001c1
1000018c:	100001c1 	.word	0x100001c1
10000190:	100001c1 	.word	0x100001c1
10000194:	100001c1 	.word	0x100001c1
10000198:	100001c1 	.word	0x100001c1
1000019c:	100001c1 	.word	0x100001c1
100001a0:	100001c1 	.word	0x100001c1
100001a4:	100001c1 	.word	0x100001c1
100001a8:	100001c1 	.word	0x100001c1
100001ac:	100001c1 	.word	0x100001c1
100001b0:	100001c1 	.word	0x100001c1
100001b4:	100001c1 	.word	0x100001c1
100001b8:	100001c1 	.word	0x100001c1
100001bc:	100001c1 	.word	0x100001c1

100001c0 <__unhandled_user_irq>:
100001c0:	f3ef 8005 	mrs	r0, IPSR
100001c4:	3810      	subs	r0, #16

100001c6 <unhandled_user_irq_num_in_r0>:
100001c6:	be00      	bkpt	0x0000

100001c8 <isr_invalid>:
100001c8:	be00      	bkpt	0x0000

100001ca <isr_nmi>:
100001ca:	be00      	bkpt	0x0000

100001cc <isr_hardfault>:
100001cc:	be00      	bkpt	0x0000

100001ce <isr_svcall>:
100001ce:	be00      	bkpt	0x0000

100001d0 <isr_pendsv>:
100001d0:	be00      	bkpt	0x0000

100001d2 <isr_systick>:
100001d2:	be00      	bkpt	0x0000

100001d4 <__default_isrs_end>:
100001d4:	7188ebf2 	.word	0x7188ebf2
100001d8:	10009e68 	.word	0x10009e68
100001dc:	10009e88 	.word	0x10009e88
100001e0:	10000238 	.word	0x10000238
100001e4:	e71aa390 	.word	0xe71aa390

100001e8 <_entry_point>:
100001e8:	481e      	ldr	r0, [pc, #120]	@ (10000264 <data_cpy_table+0x2c>)

100001ea <_enter_vtable_in_r0>:
100001ea:	491f      	ldr	r1, [pc, #124]	@ (10000268 <data_cpy_table+0x30>)
100001ec:	6008      	str	r0, [r1, #0]
100001ee:	c806      	ldmia	r0!, {r1, r2}
100001f0:	f381 8808 	msr	MSP, r1
100001f4:	4710      	bx	r2

100001f6 <_reset_handler>:
100001f6:	481d      	ldr	r0, [pc, #116]	@ (1000026c <data_cpy_table+0x34>)
100001f8:	6800      	ldr	r0, [r0, #0]
100001fa:	2800      	cmp	r0, #0
100001fc:	d001      	beq.n	10000202 <hold_non_core0_in_bootrom+0x4>

100001fe <hold_non_core0_in_bootrom>:
100001fe:	4819      	ldr	r0, [pc, #100]	@ (10000264 <data_cpy_table+0x2c>)
10000200:	e7f3      	b.n	100001ea <_enter_vtable_in_r0>
10000202:	a40d      	add	r4, pc, #52	@ (adr r4, 10000238 <data_cpy_table>)
10000204:	cc0e      	ldmia	r4!, {r1, r2, r3}
10000206:	2900      	cmp	r1, #0
10000208:	d002      	beq.n	10000210 <hold_non_core0_in_bootrom+0x12>
1000020a:	f000 f812 	bl	10000232 <data_cpy>
1000020e:	e7f9      	b.n	10000204 <hold_non_core0_in_bootrom+0x6>
10000210:	4917      	ldr	r1, [pc, #92]	@ (10000270 <data_cpy_table+0x38>)
10000212:	4a18      	ldr	r2, [pc, #96]	@ (10000274 <data_cpy_table+0x3c>)
10000214:	2000      	movs	r0, #0
10000216:	e000      	b.n	1000021a <bss_fill_test>

10000218 <bss_fill_loop>:
10000218:	c101      	stmia	r1!, {r0}

1000021a <bss_fill_test>:
1000021a:	4291      	cmp	r1, r2
1000021c:	d1fc      	bne.n	10000218 <bss_fill_loop>

1000021e <platform_entry>:
1000021e:	4916      	ldr	r1, [pc, #88]	@ (10000278 <data_cpy_table+0x40>)
10000220:	4788      	blx	r1
10000222:	4916      	ldr	r1, [pc, #88]	@ (1000027c <data_cpy_table+0x44>)
10000224:	4788      	blx	r1
10000226:	4916      	ldr	r1, [pc, #88]	@ (10000280 <data_cpy_table+0x48>)
10000228:	4788      	blx	r1
1000022a:	be00      	bkpt	0x0000
1000022c:	e7fd      	b.n	1000022a <platform_entry+0xc>

1000022e <data_cpy_loop>:
1000022e:	c901      	ldmia	r1!, {r0}
10000230:	c201      	stmia	r2!, {r0}

10000232 <data_cpy>:
10000232:	429a      	cmp	r2, r3
10000234:	d3fb      	bcc.n	1000022e <data_cpy_loop>
10000236:	4770      	bx	lr

10000238 <data_cpy_table>:
10000238:	10009e88 	.word	0x10009e88
1000023c:	200000c0 	.word	0x200000c0
10000240:	2000197c 	.word	0x2000197c
10000244:	1000b744 	.word	0x1000b744
10000248:	20040000 	.word	0x20040000
1000024c:	20040000 	.word	0x20040000
10000250:	1000b744 	.word	0x1000b744
10000254:	20041000 	.word	0x20041000
10000258:	20041000 	.word	0x20041000
1000025c:	00000000 	.word	0x00000000
10000260:	4770      	bx	lr
10000262:	0000      	.short	0x0000
10000264:	00000000 	.word	0x00000000
10000268:	e000ed08 	.word	0xe000ed08
1000026c:	d0000000 	.word	0xd0000000
10000270:	2000197c 	.word	0x2000197c
10000274:	20002598 	.word	0x20002598
10000278:	100052ed 	.word	0x100052ed
1000027c:	10000579 	.word	0x10000579
10000280:	100052e5 	.word	0x100052e5

10000284 <_init>:
10000284:	b5f8      	push	{r3, r4, r5, r6, r7, lr}
10000286:	46c0      	nop			@ (mov r8, r8)

10000288 <deregister_tm_clones>:
10000288:	4804      	ldr	r0, [pc, #16]	@ (1000029c <deregister_tm_clones+0x14>)
1000028a:	4b05      	ldr	r3, [pc, #20]	@ (100002a0 <deregister_tm_clones+0x18>)
1000028c:	b510      	push	{r4, lr}
1000028e:	4283      	cmp	r3, r0
10000290:	d003      	beq.n	1000029a <deregister_tm_clones+0x12>
10000292:	4b04      	ldr	r3, [pc, #16]	@ (100002a4 <deregister_tm_clones+0x1c>)
10000294:	2b00      	cmp	r3, #0
10000296:	d000      	beq.n	1000029a <deregister_tm_clones+0x12>
10000298:	4798      	blx	r3
1000029a:	bd10      	pop	{r4, pc}
1000029c:	2000197c 	.word	0x2000197c
100002a0:	2000197c 	.word	0x2000197c
100002a4:	00000000 	.word	0x00000000

100002a8 <register_tm_clones>:
100002a8:	4806      	ldr	r0, [pc, #24]	@ (100002c4 <register_tm_clones+0x1c>)
100002aa:	4907      	ldr	r1, [pc, #28]	@ (100002c8 <register_tm_clones+0x20>)
100002ac:	1a09      	subs	r1, r1, r0
100002ae:	108b      	asrs	r3, r1, #2
100002b0:	0fc9      	lsrs	r1, r1, #31
100002b2:	18c9      	adds	r1, r1, r3
100002b4:	b510      	push	{r4, lr}
100002b6:	1049      	asrs	r1, r1, #1
100002b8:	d003      	beq.n	100002c2 <register_tm_clones+0x1a>
100002ba:	4b04      	ldr	r3, [pc, #16]	@ (100002cc <register_tm_clones+0x24>)
100002bc:	2b00      	cmp	r3, #0
100002be:	d000      	beq.n	100002c2 <register_tm_clones+0x1a>
100002c0:	4798      	blx	r3
100002c2:	bd10      	pop	{r4, pc}
100002c4:	2000197c 	.word	0x2000197c
100002c8:	2000197c 	.word	0x2000197c
100002cc:	00000000 	.word	0x00000000

100002d0 <__do_global_dtors_aux>:
100002d0:	b510      	push	{r4, lr}
100002d2:	4c07      	ldr	r4, [pc, #28]	@ (100002f0 <__do_global_dtors_aux+0x20>)
100002d4:	7823      	ldrb	r3, [r4, #0]
100002d6:	2b00      	cmp	r3, #0
100002d8:	d109      	bne.n	100002ee <__do_global_dtors_aux+0x1e>
100002da:	f7ff ffd5 	bl	10000288 <deregister_tm_clones>
100002de:	4b05      	ldr	r3, [pc, #20]	@ (100002f4 <__do_global_dtors_aux+0x24>)
100002e0:	2b00      	cmp	r3, #0
100002e2:	d002      	beq.n	100002ea <__do_global_dtors_aux+0x1a>
100002e4:	4804      	ldr	r0, [pc, #16]	@ (100002f8 <__do_global_dtors_aux+0x28>)
100002e6:	e000      	b.n	100002ea <__do_global_dtors_aux+0x1a>
100002e8:	bf00      	nop
100002ea:	2301      	movs	r3, #1
100002ec:	7023      	strb	r3, [r4, #0]
100002ee:	bd10      	pop	{r4, pc}
100002f0:	200020e8 	.word	0x200020e8
100002f4:	00000000 	.word	0x00000000
100002f8:	1000898c 	.word	0x1000898c

100002fc <frame_dummy>:
100002fc:	4b05      	ldr	r3, [pc, #20]	@ (10000314 <frame_dummy+0x18>)
100002fe:	b510      	push	{r4, lr}
10000300:	2b00      	cmp	r3, #0
10000302:	d003      	beq.n	1000030c <frame_dummy+0x10>
10000304:	4904      	ldr	r1, [pc, #16]	@ (10000318 <frame_dummy+0x1c>)
10000306:	4805      	ldr	r0, [pc, #20]	@ (1000031c <frame_dummy+0x20>)
10000308:	e000      	b.n	1000030c <frame_dummy+0x10>
1000030a:	bf00      	nop
1000030c:	f7ff ffcc 	bl	100002a8 <register_tm_clones>
10000310:	bd10      	pop	{r4, pc}
10000312:	46c0      	nop			@ (mov r8, r8)
10000314:	00000000 	.word	0x00000000
10000318:	200020ec 	.word	0x200020ec
1000031c:	1000898c 	.word	0x1000898c

10000320 <_ZN9__gnu_cxx12__to_xstringINSt7__cxx1112basic_stringIcSt11char_traitsIcESaIcEEEcEET_PFiPT0_jPKS8_St9__va_listEjSB_z.constprop.0>:
10000320:	b408      	push	{r3}
10000322:	2320      	movs	r3, #32
10000324:	b5f0      	push	{r4, r5, r6, r7, lr}
10000326:	b082      	sub	sp, #8
10000328:	af00      	add	r7, sp, #0
1000032a:	b090      	sub	sp, #64	@ 0x40
1000032c:	0004      	movs	r4, r0
1000032e:	18fb      	adds	r3, r7, r3
10000330:	213a      	movs	r1, #58	@ 0x3a
10000332:	4668      	mov	r0, sp
10000334:	4a13      	ldr	r2, [pc, #76]	@ (10000384 <_ZN9__gnu_cxx12__to_xstringINSt7__cxx1112basic_stringIcSt11char_traitsIcESaIcEEEcEET_PFiPT0_jPKS8_St9__va_listEjSB_z.constprop.0+0x64>)
10000336:	603b      	str	r3, [r7, #0]
10000338:	f004 ff8c 	bl	10005254 <__wrap_vsnprintf>
1000033c:	0005      	movs	r5, r0
1000033e:	0020      	movs	r0, r4
10000340:	2300      	movs	r3, #0
10000342:	3008      	adds	r0, #8
10000344:	466e      	mov	r6, sp
10000346:	6020      	str	r0, [r4, #0]
10000348:	6063      	str	r3, [r4, #4]
1000034a:	607d      	str	r5, [r7, #4]
1000034c:	2d0f      	cmp	r5, #15
1000034e:	dc0f      	bgt.n	10000370 <_ZN9__gnu_cxx12__to_xstringINSt7__cxx1112basic_stringIcSt11char_traitsIcESaIcEEEcEET_PFiPT0_jPKS8_St9__va_listEjSB_z.constprop.0+0x50>
10000350:	002a      	movs	r2, r5
10000352:	0031      	movs	r1, r6
10000354:	f003 fb0a 	bl	1000396c <__wrap___aeabi_memcpy>
10000358:	2100      	movs	r1, #0
1000035a:	0020      	movs	r0, r4
1000035c:	46bd      	mov	sp, r7
1000035e:	687b      	ldr	r3, [r7, #4]
10000360:	6822      	ldr	r2, [r4, #0]
10000362:	6063      	str	r3, [r4, #4]
10000364:	54d1      	strb	r1, [r2, r3]
10000366:	b002      	add	sp, #8
10000368:	bcf0      	pop	{r4, r5, r6, r7}
1000036a:	bc08      	pop	{r3}
1000036c:	b001      	add	sp, #4
1000036e:	4718      	bx	r3
10000370:	2200      	movs	r2, #0
10000372:	0020      	movs	r0, r4
10000374:	1d39      	adds	r1, r7, #4
10000376:	f005 fac1 	bl	100058fc <_ZNSt7__cxx1112basic_stringIcSt11char_traitsIcESaIcEE9_M_createERjj>
1000037a:	687b      	ldr	r3, [r7, #4]
1000037c:	6020      	str	r0, [r4, #0]
1000037e:	60a3      	str	r3, [r4, #8]
10000380:	e7e6      	b.n	10000350 <_ZN9__gnu_cxx12__to_xstringINSt7__cxx1112basic_stringIcSt11char_traitsIcESaIcEEEcEET_PFiPT0_jPKS8_St9__va_listEjSB_z.constprop.0+0x30>
10000382:	46c0      	nop			@ (mov r8, r8)
10000384:	10008990 	.word	0x10008990

10000388 <_Z13lcd_send_bytehi.constprop.1>:
10000388:	230f      	movs	r3, #15
1000038a:	0002      	movs	r2, r0
1000038c:	b5f0      	push	{r4, r5, r6, r7, lr}
1000038e:	46de      	mov	lr, fp
10000390:	4657      	mov	r7, sl
10000392:	464e      	mov	r6, r9
10000394:	4645      	mov	r5, r8
10000396:	439a      	bics	r2, r3
10000398:	b5e0      	push	{r5, r6, r7, lr}
1000039a:	0013      	movs	r3, r2
1000039c:	2708      	movs	r7, #8
1000039e:	433b      	orrs	r3, r7
100003a0:	b2db      	uxtb	r3, r3
100003a2:	4698      	mov	r8, r3
100003a4:	0100      	lsls	r0, r0, #4
100003a6:	b245      	sxtb	r5, r0
100003a8:	432f      	orrs	r7, r5
100003aa:	b2fb      	uxtb	r3, r7
100003ac:	240f      	movs	r4, #15
100003ae:	2700      	movs	r7, #0
100003b0:	469a      	mov	sl, r3
100003b2:	4643      	mov	r3, r8
100003b4:	b085      	sub	sp, #20
100003b6:	4e31      	ldr	r6, [pc, #196]	@ (1000047c <_Z13lcd_send_bytehi.constprop.1+0xf4>)
100003b8:	446c      	add	r4, sp
100003ba:	7023      	strb	r3, [r4, #0]
100003bc:	4691      	mov	r9, r2
100003be:	2301      	movs	r3, #1
100003c0:	0022      	movs	r2, r4
100003c2:	2127      	movs	r1, #39	@ 0x27
100003c4:	0030      	movs	r0, r6
100003c6:	9700      	str	r7, [sp, #0]
100003c8:	f005 f9f0 	bl	100057ac <i2c_write_blocking>
100003cc:	2096      	movs	r0, #150	@ 0x96
100003ce:	2100      	movs	r1, #0
100003d0:	0080      	lsls	r0, r0, #2
100003d2:	f001 feef 	bl	100021b4 <sleep_us>
100003d6:	230c      	movs	r3, #12
100003d8:	469b      	mov	fp, r3
100003da:	464b      	mov	r3, r9
100003dc:	465a      	mov	r2, fp
100003de:	4313      	orrs	r3, r2
100003e0:	7023      	strb	r3, [r4, #0]
100003e2:	0022      	movs	r2, r4
100003e4:	2301      	movs	r3, #1
100003e6:	2127      	movs	r1, #39	@ 0x27
100003e8:	0030      	movs	r0, r6
100003ea:	9700      	str	r7, [sp, #0]
100003ec:	f005 f9de 	bl	100057ac <i2c_write_blocking>
100003f0:	2096      	movs	r0, #150	@ 0x96
100003f2:	2100      	movs	r1, #0
100003f4:	0080      	lsls	r0, r0, #2
100003f6:	f001 fedd 	bl	100021b4 <sleep_us>
100003fa:	4643      	mov	r3, r8
100003fc:	0022      	movs	r2, r4
100003fe:	7023      	strb	r3, [r4, #0]
10000400:	2127      	movs	r1, #39	@ 0x27
10000402:	2301      	movs	r3, #1
10000404:	0030      	movs	r0, r6
10000406:	9700      	str	r7, [sp, #0]
10000408:	f005 f9d0 	bl	100057ac <i2c_write_blocking>
1000040c:	2096      	movs	r0, #150	@ 0x96
1000040e:	2100      	movs	r1, #0
10000410:	0080      	lsls	r0, r0, #2
10000412:	f001 fecf 	bl	100021b4 <sleep_us>
10000416:	4653      	mov	r3, sl
10000418:	0022      	movs	r2, r4
1000041a:	7023      	strb	r3, [r4, #0]
1000041c:	2127      	movs	r1, #39	@ 0x27
1000041e:	2301      	movs	r3, #1
10000420:	0030      	movs	r0, r6
10000422:	9700      	str	r7, [sp, #0]
10000424:	f005 f9c2 	bl	100057ac <i2c_write_blocking>
10000428:	2096      	movs	r0, #150	@ 0x96
1000042a:	2100      	movs	r1, #0
1000042c:	0080      	lsls	r0, r0, #2
1000042e:	f001 fec1 	bl	100021b4 <sleep_us>
10000432:	465b      	mov	r3, fp
10000434:	431d      	orrs	r5, r3
10000436:	0022      	movs	r2, r4
10000438:	2301      	movs	r3, #1
1000043a:	7025      	strb	r5, [r4, #0]
1000043c:	2127      	movs	r1, #39	@ 0x27
1000043e:	0030      	movs	r0, r6
10000440:	9700      	str	r7, [sp, #0]
10000442:	f005 f9b3 	bl	100057ac <i2c_write_blocking>
10000446:	2096      	movs	r0, #150	@ 0x96
10000448:	2100      	movs	r1, #0
1000044a:	0080      	lsls	r0, r0, #2
1000044c:	f001 feb2 	bl	100021b4 <sleep_us>
10000450:	4653      	mov	r3, sl
10000452:	0022      	movs	r2, r4
10000454:	7023      	strb	r3, [r4, #0]
10000456:	2127      	movs	r1, #39	@ 0x27
10000458:	2301      	movs	r3, #1
1000045a:	0030      	movs	r0, r6
1000045c:	9700      	str	r7, [sp, #0]
1000045e:	f005 f9a5 	bl	100057ac <i2c_write_blocking>
10000462:	2096      	movs	r0, #150	@ 0x96
10000464:	2100      	movs	r1, #0
10000466:	0080      	lsls	r0, r0, #2
10000468:	f001 fea4 	bl	100021b4 <sleep_us>
1000046c:	b005      	add	sp, #20
1000046e:	bcf0      	pop	{r4, r5, r6, r7}
10000470:	46bb      	mov	fp, r7
10000472:	46b2      	mov	sl, r6
10000474:	46a9      	mov	r9, r5
10000476:	46a0      	mov	r8, r4
10000478:	bdf0      	pop	{r4, r5, r6, r7, pc}
1000047a:	46c0      	nop			@ (mov r8, r8)
1000047c:	20001400 	.word	0x20001400

10000480 <_Z8lcd_initv>:
10000480:	b570      	push	{r4, r5, r6, lr}
10000482:	b084      	sub	sp, #16
10000484:	2500      	movs	r5, #0
10000486:	2608      	movs	r6, #8
10000488:	466b      	mov	r3, sp
1000048a:	220f      	movs	r2, #15
1000048c:	4c39      	ldr	r4, [pc, #228]	@ (10000574 <_Z8lcd_initv+0xf4>)
1000048e:	73de      	strb	r6, [r3, #15]
10000490:	446a      	add	r2, sp
10000492:	2301      	movs	r3, #1
10000494:	2127      	movs	r1, #39	@ 0x27
10000496:	0020      	movs	r0, r4
10000498:	9500      	str	r5, [sp, #0]
1000049a:	f005 f987 	bl	100057ac <i2c_write_blocking>
1000049e:	2096      	movs	r0, #150	@ 0x96
100004a0:	2100      	movs	r1, #0
100004a2:	0080      	lsls	r0, r0, #2
100004a4:	f001 fe86 	bl	100021b4 <sleep_us>
100004a8:	466a      	mov	r2, sp
100004aa:	230c      	movs	r3, #12
100004ac:	73d3      	strb	r3, [r2, #15]
100004ae:	220f      	movs	r2, #15
100004b0:	3b0b      	subs	r3, #11
100004b2:	446a      	add	r2, sp
100004b4:	2127      	movs	r1, #39	@ 0x27
100004b6:	0020      	movs	r0, r4
100004b8:	9500      	str	r5, [sp, #0]
100004ba:	f005 f977 	bl	100057ac <i2c_write_blocking>
100004be:	2096      	movs	r0, #150	@ 0x96
100004c0:	2100      	movs	r1, #0
100004c2:	0080      	lsls	r0, r0, #2
100004c4:	f001 fe76 	bl	100021b4 <sleep_us>
100004c8:	466b      	mov	r3, sp
100004ca:	220f      	movs	r2, #15
100004cc:	73de      	strb	r6, [r3, #15]
100004ce:	446a      	add	r2, sp
100004d0:	2301      	movs	r3, #1
100004d2:	2127      	movs	r1, #39	@ 0x27
100004d4:	0020      	movs	r0, r4
100004d6:	9500      	str	r5, [sp, #0]
100004d8:	f005 f968 	bl	100057ac <i2c_write_blocking>
100004dc:	2096      	movs	r0, #150	@ 0x96
100004de:	2100      	movs	r1, #0
100004e0:	0080      	lsls	r0, r0, #2
100004e2:	f001 fe67 	bl	100021b4 <sleep_us>
100004e6:	466b      	mov	r3, sp
100004e8:	220f      	movs	r2, #15
100004ea:	3630      	adds	r6, #48	@ 0x30
100004ec:	73de      	strb	r6, [r3, #15]
100004ee:	446a      	add	r2, sp
100004f0:	2301      	movs	r3, #1
100004f2:	2127      	movs	r1, #39	@ 0x27
100004f4:	0020      	movs	r0, r4
100004f6:	9500      	str	r5, [sp, #0]
100004f8:	f005 f958 	bl	100057ac <i2c_write_blocking>
100004fc:	2096      	movs	r0, #150	@ 0x96
100004fe:	2100      	movs	r1, #0
10000500:	0080      	lsls	r0, r0, #2
10000502:	f001 fe57 	bl	100021b4 <sleep_us>
10000506:	466a      	mov	r2, sp
10000508:	233c      	movs	r3, #60	@ 0x3c
1000050a:	73d3      	strb	r3, [r2, #15]
1000050c:	220f      	movs	r2, #15
1000050e:	3b3b      	subs	r3, #59	@ 0x3b
10000510:	446a      	add	r2, sp
10000512:	2127      	movs	r1, #39	@ 0x27
10000514:	0020      	movs	r0, r4
10000516:	9500      	str	r5, [sp, #0]
10000518:	f005 f948 	bl	100057ac <i2c_write_blocking>
1000051c:	2096      	movs	r0, #150	@ 0x96
1000051e:	2100      	movs	r1, #0
10000520:	0080      	lsls	r0, r0, #2
10000522:	f001 fe47 	bl	100021b4 <sleep_us>
10000526:	466b      	mov	r3, sp
10000528:	220f      	movs	r2, #15
1000052a:	73de      	strb	r6, [r3, #15]
1000052c:	446a      	add	r2, sp
1000052e:	2301      	movs	r3, #1
10000530:	2127      	movs	r1, #39	@ 0x27
10000532:	0020      	movs	r0, r4
10000534:	9500      	str	r5, [sp, #0]
10000536:	f005 f939 	bl	100057ac <i2c_write_blocking>
1000053a:	2096      	movs	r0, #150	@ 0x96
1000053c:	2100      	movs	r1, #0
1000053e:	0080      	lsls	r0, r0, #2
10000540:	f001 fe38 	bl	100021b4 <sleep_us>
10000544:	2003      	movs	r0, #3
10000546:	f7ff ff1f 	bl	10000388 <_Z13lcd_send_bytehi.constprop.1>
1000054a:	2003      	movs	r0, #3
1000054c:	f7ff ff1c 	bl	10000388 <_Z13lcd_send_bytehi.constprop.1>
10000550:	2002      	movs	r0, #2
10000552:	f7ff ff19 	bl	10000388 <_Z13lcd_send_bytehi.constprop.1>
10000556:	2006      	movs	r0, #6
10000558:	f7ff ff16 	bl	10000388 <_Z13lcd_send_bytehi.constprop.1>
1000055c:	2028      	movs	r0, #40	@ 0x28
1000055e:	f7ff ff13 	bl	10000388 <_Z13lcd_send_bytehi.constprop.1>
10000562:	200c      	movs	r0, #12
10000564:	f7ff ff10 	bl	10000388 <_Z13lcd_send_bytehi.constprop.1>
10000568:	2001      	movs	r0, #1
1000056a:	f7ff ff0d 	bl	10000388 <_Z13lcd_send_bytehi.constprop.1>
1000056e:	b004      	add	sp, #16
10000570:	bd70      	pop	{r4, r5, r6, pc}
10000572:	46c0      	nop			@ (mov r8, r8)
10000574:	20001400 	.word	0x20001400

10000578 <main>:
10000578:	b5f0      	push	{r4, r5, r6, r7, lr}
1000057a:	46de      	mov	lr, fp
1000057c:	464e      	mov	r6, r9
1000057e:	4657      	mov	r7, sl
10000580:	4645      	mov	r5, r8
10000582:	b5e0      	push	{r5, r6, r7, lr}
10000584:	4b78      	ldr	r3, [pc, #480]	@ (10000768 <main+0x1f0>)
10000586:	b0a9      	sub	sp, #164	@ 0xa4
10000588:	0018      	movs	r0, r3
1000058a:	4978      	ldr	r1, [pc, #480]	@ (1000076c <main+0x1f4>)
1000058c:	469a      	mov	sl, r3
1000058e:	f005 f8e5 	bl	1000575c <i2c_init>
10000592:	2103      	movs	r1, #3
10000594:	200c      	movs	r0, #12
10000596:	f001 fa69 	bl	10001a6c <gpio_set_function>
1000059a:	2103      	movs	r1, #3
1000059c:	200d      	movs	r0, #13
1000059e:	f001 fa65 	bl	10001a6c <gpio_set_function>
100005a2:	f7ff ff6d 	bl	10000480 <_Z8lcd_initv>
100005a6:	2001      	movs	r0, #1
100005a8:	f7ff feee 	bl	10000388 <_Z13lcd_send_bytehi.constprop.1>
100005ac:	2083      	movs	r0, #131	@ 0x83
100005ae:	f7ff feeb 	bl	10000388 <_Z13lcd_send_bytehi.constprop.1>
100005b2:	4b6f      	ldr	r3, [pc, #444]	@ (10000770 <main+0x1f8>)
100005b4:	2468      	movs	r4, #104	@ 0x68
100005b6:	4699      	mov	r9, r3
100005b8:	2309      	movs	r3, #9
100005ba:	4656      	mov	r6, sl
100005bc:	469b      	mov	fp, r3
100005be:	2301      	movs	r3, #1
100005c0:	220f      	movs	r2, #15
100005c2:	469c      	mov	ip, r3
100005c4:	0023      	movs	r3, r4
100005c6:	465f      	mov	r7, fp
100005c8:	4393      	bics	r3, r2
100005ca:	4698      	mov	r8, r3
100005cc:	431f      	orrs	r7, r3
100005ce:	465b      	mov	r3, fp
100005d0:	0124      	lsls	r4, r4, #4
100005d2:	b264      	sxtb	r4, r4
100005d4:	4323      	orrs	r3, r4
100005d6:	b2db      	uxtb	r3, r3
100005d8:	9303      	str	r3, [sp, #12]
100005da:	2350      	movs	r3, #80	@ 0x50
100005dc:	2500      	movs	r5, #0
100005de:	aa0c      	add	r2, sp, #48	@ 0x30
100005e0:	b2ff      	uxtb	r7, r7
100005e2:	18d2      	adds	r2, r2, r3
100005e4:	7017      	strb	r7, [r2, #0]
100005e6:	3b4f      	subs	r3, #79	@ 0x4f
100005e8:	aa20      	add	r2, sp, #128	@ 0x80
100005ea:	2127      	movs	r1, #39	@ 0x27
100005ec:	0030      	movs	r0, r6
100005ee:	9500      	str	r5, [sp, #0]
100005f0:	44e1      	add	r9, ip
100005f2:	f005 f8db 	bl	100057ac <i2c_write_blocking>
100005f6:	2096      	movs	r0, #150	@ 0x96
100005f8:	2100      	movs	r1, #0
100005fa:	0080      	lsls	r0, r0, #2
100005fc:	f001 fdda 	bl	100021b4 <sleep_us>
10000600:	220d      	movs	r2, #13
10000602:	4692      	mov	sl, r2
10000604:	4642      	mov	r2, r8
10000606:	4651      	mov	r1, sl
10000608:	430a      	orrs	r2, r1
1000060a:	0013      	movs	r3, r2
1000060c:	2250      	movs	r2, #80	@ 0x50
1000060e:	a90c      	add	r1, sp, #48	@ 0x30
10000610:	188a      	adds	r2, r1, r2
10000612:	7013      	strb	r3, [r2, #0]
10000614:	2127      	movs	r1, #39	@ 0x27
10000616:	2301      	movs	r3, #1
10000618:	aa20      	add	r2, sp, #128	@ 0x80
1000061a:	0030      	movs	r0, r6
1000061c:	9500      	str	r5, [sp, #0]
1000061e:	f005 f8c5 	bl	100057ac <i2c_write_blocking>
10000622:	2096      	movs	r0, #150	@ 0x96
10000624:	2100      	movs	r1, #0
10000626:	0080      	lsls	r0, r0, #2
10000628:	f001 fdc4 	bl	100021b4 <sleep_us>
1000062c:	2350      	movs	r3, #80	@ 0x50
1000062e:	aa0c      	add	r2, sp, #48	@ 0x30
10000630:	18d2      	adds	r2, r2, r3
10000632:	7017      	strb	r7, [r2, #0]
10000634:	3b4f      	subs	r3, #79	@ 0x4f
10000636:	aa20      	add	r2, sp, #128	@ 0x80
10000638:	2127      	movs	r1, #39	@ 0x27
1000063a:	0030      	movs	r0, r6
1000063c:	9500      	str	r5, [sp, #0]
1000063e:	f005 f8b5 	bl	100057ac <i2c_write_blocking>
10000642:	2096      	movs	r0, #150	@ 0x96
10000644:	2100      	movs	r1, #0
10000646:	0080      	lsls	r0, r0, #2
10000648:	f001 fdb4 	bl	100021b4 <sleep_us>
1000064c:	2350      	movs	r3, #80	@ 0x50
1000064e:	aa0c      	add	r2, sp, #48	@ 0x30
10000650:	001f      	movs	r7, r3
10000652:	18d2      	adds	r2, r2, r3
10000654:	9b03      	ldr	r3, [sp, #12]
10000656:	2127      	movs	r1, #39	@ 0x27
10000658:	7013      	strb	r3, [r2, #0]
1000065a:	0030      	movs	r0, r6
1000065c:	2301      	movs	r3, #1
1000065e:	aa20      	add	r2, sp, #128	@ 0x80
10000660:	9500      	str	r5, [sp, #0]
10000662:	f005 f8a3 	bl	100057ac <i2c_write_blocking>
10000666:	2096      	movs	r0, #150	@ 0x96
10000668:	2100      	movs	r1, #0
1000066a:	0080      	lsls	r0, r0, #2
1000066c:	f001 fda2 	bl	100021b4 <sleep_us>
10000670:	4652      	mov	r2, sl
10000672:	4314      	orrs	r4, r2
10000674:	aa0c      	add	r2, sp, #48	@ 0x30
10000676:	19d2      	adds	r2, r2, r7
10000678:	7014      	strb	r4, [r2, #0]
1000067a:	2301      	movs	r3, #1
1000067c:	aa20      	add	r2, sp, #128	@ 0x80
1000067e:	2127      	movs	r1, #39	@ 0x27
10000680:	0030      	movs	r0, r6
10000682:	9500      	str	r5, [sp, #0]
10000684:	f005 f892 	bl	100057ac <i2c_write_blocking>
10000688:	2096      	movs	r0, #150	@ 0x96
1000068a:	2100      	movs	r1, #0
1000068c:	0080      	lsls	r0, r0, #2
1000068e:	f001 fd91 	bl	100021b4 <sleep_us>
10000692:	9b03      	ldr	r3, [sp, #12]
10000694:	aa0c      	add	r2, sp, #48	@ 0x30
10000696:	19d2      	adds	r2, r2, r7
10000698:	7013      	strb	r3, [r2, #0]
1000069a:	2127      	movs	r1, #39	@ 0x27
1000069c:	2301      	movs	r3, #1
1000069e:	aa20      	add	r2, sp, #128	@ 0x80
100006a0:	0030      	movs	r0, r6
100006a2:	9500      	str	r5, [sp, #0]
100006a4:	f005 f882 	bl	100057ac <i2c_write_blocking>
100006a8:	2096      	movs	r0, #150	@ 0x96
100006aa:	2100      	movs	r1, #0
100006ac:	0080      	lsls	r0, r0, #2
100006ae:	f001 fd81 	bl	100021b4 <sleep_us>
100006b2:	464b      	mov	r3, r9
100006b4:	781c      	ldrb	r4, [r3, #0]
100006b6:	2c00      	cmp	r4, #0
100006b8:	d181      	bne.n	100005be <main+0x46>
100006ba:	20fa      	movs	r0, #250	@ 0xfa
100006bc:	0080      	lsls	r0, r0, #2
100006be:	f001 fdef 	bl	100022a0 <sleep_ms>
100006c2:	ab0f      	add	r3, sp, #60	@ 0x3c
100006c4:	4698      	mov	r8, r3
100006c6:	2200      	movs	r2, #0
100006c8:	2101      	movs	r1, #1
100006ca:	0018      	movs	r0, r3
100006cc:	f000 fbf0 	bl	10000eb0 <_ZN7MFRC522C1Ehh>
100006d0:	4640      	mov	r0, r8
100006d2:	f001 f8a7 	bl	10001824 <_ZN7MFRC5228PCD_InitEv>
100006d6:	22fa      	movs	r2, #250	@ 0xfa
100006d8:	4b26      	ldr	r3, [pc, #152]	@ (10000774 <main+0x1fc>)
100006da:	0092      	lsls	r2, r2, #2
100006dc:	0018      	movs	r0, r3
100006de:	4926      	ldr	r1, [pc, #152]	@ (10000778 <main+0x200>)
100006e0:	9307      	str	r3, [sp, #28]
100006e2:	f003 f943 	bl	1000396c <__wrap___aeabi_memcpy>
100006e6:	4b25      	ldr	r3, [pc, #148]	@ (1000077c <main+0x204>)
100006e8:	aa0c      	add	r2, sp, #48	@ 0x30
100006ea:	9309      	str	r3, [sp, #36]	@ 0x24
100006ec:	4b24      	ldr	r3, [pc, #144]	@ (10000780 <main+0x208>)
100006ee:	4694      	mov	ip, r2
100006f0:	930a      	str	r3, [sp, #40]	@ 0x28
100006f2:	4b24      	ldr	r3, [pc, #144]	@ (10000784 <main+0x20c>)
100006f4:	46b2      	mov	sl, r6
100006f6:	930b      	str	r3, [sp, #44]	@ 0x2c
100006f8:	4b23      	ldr	r3, [pc, #140]	@ (10000788 <main+0x210>)
100006fa:	af1a      	add	r7, sp, #104	@ 0x68
100006fc:	930c      	str	r3, [sp, #48]	@ 0x30
100006fe:	230b      	movs	r3, #11
10000700:	4463      	add	r3, ip
10000702:	469b      	mov	fp, r3
10000704:	4b21      	ldr	r3, [pc, #132]	@ (1000078c <main+0x214>)
10000706:	930d      	str	r3, [sp, #52]	@ 0x34
10000708:	4640      	mov	r0, r8
1000070a:	f001 f80b 	bl	10001724 <_ZN7MFRC52221PICC_IsNewCardPresentEv>
1000070e:	2800      	cmp	r0, #0
10000710:	d0fa      	beq.n	10000708 <main+0x190>
10000712:	4640      	mov	r0, r8
10000714:	f000 fff2 	bl	100016fc <_ZN7MFRC52219PICC_ReadCardSerialEv>
10000718:	2800      	cmp	r0, #0
1000071a:	d0f5      	beq.n	10000708 <main+0x190>
1000071c:	2150      	movs	r1, #80	@ 0x50
1000071e:	2300      	movs	r3, #0
10000720:	aa0c      	add	r2, sp, #48	@ 0x30
10000722:	1852      	adds	r2, r2, r1
10000724:	7013      	strb	r3, [r2, #0]
10000726:	4643      	mov	r3, r8
10000728:	791c      	ldrb	r4, [r3, #4]
1000072a:	2c00      	cmp	r4, #0
1000072c:	d015      	beq.n	1000075a <main+0x1e2>
1000072e:	2400      	movs	r4, #0
10000730:	9d09      	ldr	r5, [sp, #36]	@ 0x24
10000732:	4643      	mov	r3, r8
10000734:	191b      	adds	r3, r3, r4
10000736:	795a      	ldrb	r2, [r3, #5]
10000738:	0029      	movs	r1, r5
1000073a:	0038      	movs	r0, r7
1000073c:	f004 fd74 	bl	10005228 <__wrap_sprintf>
10000740:	0039      	movs	r1, r7
10000742:	a820      	add	r0, sp, #128	@ 0x80
10000744:	f007 fa66 	bl	10007c14 <strcat>
10000748:	4643      	mov	r3, r8
1000074a:	791b      	ldrb	r3, [r3, #4]
1000074c:	3401      	adds	r4, #1
1000074e:	42a3      	cmp	r3, r4
10000750:	dcef      	bgt.n	10000732 <main+0x1ba>
10000752:	2250      	movs	r2, #80	@ 0x50
10000754:	ab0c      	add	r3, sp, #48	@ 0x30
10000756:	189b      	adds	r3, r3, r2
10000758:	781c      	ldrb	r4, [r3, #0]
1000075a:	9e07      	ldr	r6, [sp, #28]
1000075c:	25fa      	movs	r5, #250	@ 0xfa
1000075e:	46b4      	mov	ip, r6
10000760:	00ad      	lsls	r5, r5, #2
10000762:	9608      	str	r6, [sp, #32]
10000764:	4465      	add	r5, ip
10000766:	e017      	b.n	10000798 <main+0x220>
10000768:	20001400 	.word	0x20001400
1000076c:	000186a0 	.word	0x000186a0
10000770:	10008994 	.word	0x10008994
10000774:	20001980 	.word	0x20001980
10000778:	101ff000 	.word	0x101ff000
1000077c:	100089ac 	.word	0x100089ac
10000780:	10008990 	.word	0x10008990
10000784:	10005255 	.word	0x10005255
10000788:	100089b4 	.word	0x100089b4
1000078c:	100089a0 	.word	0x100089a0
10000790:	3614      	adds	r6, #20
10000792:	42b5      	cmp	r5, r6
10000794:	d100      	bne.n	10000798 <main+0x220>
10000796:	e22d      	b.n	10000bf4 <main+0x67c>
10000798:	0030      	movs	r0, r6
1000079a:	a920      	add	r1, sp, #128	@ 0x80
1000079c:	f007 fcc8 	bl	10008130 <strcmp>
100007a0:	2800      	cmp	r0, #0
100007a2:	d1f5      	bne.n	10000790 <main+0x218>
100007a4:	2500      	movs	r5, #0
100007a6:	2308      	movs	r3, #8
100007a8:	003a      	movs	r2, r7
100007aa:	4699      	mov	r9, r3
100007ac:	703b      	strb	r3, [r7, #0]
100007ae:	2127      	movs	r1, #39	@ 0x27
100007b0:	3b07      	subs	r3, #7
100007b2:	4650      	mov	r0, sl
100007b4:	9500      	str	r5, [sp, #0]
100007b6:	f004 fff9 	bl	100057ac <i2c_write_blocking>
100007ba:	2096      	movs	r0, #150	@ 0x96
100007bc:	2100      	movs	r1, #0
100007be:	0080      	lsls	r0, r0, #2
100007c0:	f001 fcf8 	bl	100021b4 <sleep_us>
100007c4:	230c      	movs	r3, #12
100007c6:	003a      	movs	r2, r7
100007c8:	703b      	strb	r3, [r7, #0]
100007ca:	2127      	movs	r1, #39	@ 0x27
100007cc:	3b0b      	subs	r3, #11
100007ce:	4650      	mov	r0, sl
100007d0:	9500      	str	r5, [sp, #0]
100007d2:	f004 ffeb 	bl	100057ac <i2c_write_blocking>
100007d6:	2096      	movs	r0, #150	@ 0x96
100007d8:	2100      	movs	r1, #0
100007da:	0080      	lsls	r0, r0, #2
100007dc:	f001 fcea 	bl	100021b4 <sleep_us>
100007e0:	464a      	mov	r2, r9
100007e2:	2301      	movs	r3, #1
100007e4:	703a      	strb	r2, [r7, #0]
100007e6:	2127      	movs	r1, #39	@ 0x27
100007e8:	003a      	movs	r2, r7
100007ea:	4650      	mov	r0, sl
100007ec:	9500      	str	r5, [sp, #0]
100007ee:	f004 ffdd 	bl	100057ac <i2c_write_blocking>
100007f2:	2096      	movs	r0, #150	@ 0x96
100007f4:	2100      	movs	r1, #0
100007f6:	0080      	lsls	r0, r0, #2
100007f8:	f001 fcdc 	bl	100021b4 <sleep_us>
100007fc:	2218      	movs	r2, #24
100007fe:	2301      	movs	r3, #1
10000800:	703a      	strb	r2, [r7, #0]
10000802:	2127      	movs	r1, #39	@ 0x27
10000804:	003a      	movs	r2, r7
10000806:	4650      	mov	r0, sl
10000808:	9500      	str	r5, [sp, #0]
1000080a:	f004 ffcf 	bl	100057ac <i2c_write_blocking>
1000080e:	2096      	movs	r0, #150	@ 0x96
10000810:	2100      	movs	r1, #0
10000812:	0080      	lsls	r0, r0, #2
10000814:	f001 fcce 	bl	100021b4 <sleep_us>
10000818:	231c      	movs	r3, #28
1000081a:	003a      	movs	r2, r7
1000081c:	703b      	strb	r3, [r7, #0]
1000081e:	2127      	movs	r1, #39	@ 0x27
10000820:	3b1b      	subs	r3, #27
10000822:	4650      	mov	r0, sl
10000824:	9500      	str	r5, [sp, #0]
10000826:	f004 ffc1 	bl	100057ac <i2c_write_blocking>
1000082a:	2096      	movs	r0, #150	@ 0x96
1000082c:	2100      	movs	r1, #0
1000082e:	0080      	lsls	r0, r0, #2
10000830:	f001 fcc0 	bl	100021b4 <sleep_us>
10000834:	2218      	movs	r2, #24
10000836:	2301      	movs	r3, #1
10000838:	703a      	strb	r2, [r7, #0]
1000083a:	2127      	movs	r1, #39	@ 0x27
1000083c:	003a      	movs	r2, r7
1000083e:	4650      	mov	r0, sl
10000840:	9500      	str	r5, [sp, #0]
10000842:	f004 ffb3 	bl	100057ac <i2c_write_blocking>
10000846:	2096      	movs	r0, #150	@ 0x96
10000848:	2100      	movs	r1, #0
1000084a:	0080      	lsls	r0, r0, #2
1000084c:	f001 fcb2 	bl	100021b4 <sleep_us>
10000850:	2288      	movs	r2, #136	@ 0x88
10000852:	2301      	movs	r3, #1
10000854:	703a      	strb	r2, [r7, #0]
10000856:	2127      	movs	r1, #39	@ 0x27
10000858:	003a      	movs	r2, r7
1000085a:	4650      	mov	r0, sl
1000085c:	9500      	str	r5, [sp, #0]
1000085e:	f004 ffa5 	bl	100057ac <i2c_write_blocking>
10000862:	2096      	movs	r0, #150	@ 0x96
10000864:	2100      	movs	r1, #0
10000866:	0080      	lsls	r0, r0, #2
10000868:	f001 fca4 	bl	100021b4 <sleep_us>
1000086c:	238c      	movs	r3, #140	@ 0x8c
1000086e:	003a      	movs	r2, r7
10000870:	703b      	strb	r3, [r7, #0]
10000872:	2127      	movs	r1, #39	@ 0x27
10000874:	3b8b      	subs	r3, #139	@ 0x8b
10000876:	4650      	mov	r0, sl
10000878:	9500      	str	r5, [sp, #0]
1000087a:	f004 ff97 	bl	100057ac <i2c_write_blocking>
1000087e:	2096      	movs	r0, #150	@ 0x96
10000880:	2100      	movs	r1, #0
10000882:	0080      	lsls	r0, r0, #2
10000884:	f001 fc96 	bl	100021b4 <sleep_us>
10000888:	2288      	movs	r2, #136	@ 0x88
1000088a:	2301      	movs	r3, #1
1000088c:	703a      	strb	r2, [r7, #0]
1000088e:	2127      	movs	r1, #39	@ 0x27
10000890:	003a      	movs	r2, r7
10000892:	4650      	mov	r0, sl
10000894:	9500      	str	r5, [sp, #0]
10000896:	f004 ff89 	bl	100057ac <i2c_write_blocking>
1000089a:	2096      	movs	r0, #150	@ 0x96
1000089c:	2100      	movs	r1, #0
1000089e:	0080      	lsls	r0, r0, #2
100008a0:	f001 fc88 	bl	100021b4 <sleep_us>
100008a4:	464a      	mov	r2, r9
100008a6:	2301      	movs	r3, #1
100008a8:	703a      	strb	r2, [r7, #0]
100008aa:	2127      	movs	r1, #39	@ 0x27
100008ac:	003a      	movs	r2, r7
100008ae:	4650      	mov	r0, sl
100008b0:	9500      	str	r5, [sp, #0]
100008b2:	f004 ff7b 	bl	100057ac <i2c_write_blocking>
100008b6:	2096      	movs	r0, #150	@ 0x96
100008b8:	2100      	movs	r1, #0
100008ba:	0080      	lsls	r0, r0, #2
100008bc:	f001 fc7a 	bl	100021b4 <sleep_us>
100008c0:	230c      	movs	r3, #12
100008c2:	003a      	movs	r2, r7
100008c4:	703b      	strb	r3, [r7, #0]
100008c6:	2127      	movs	r1, #39	@ 0x27
100008c8:	3b0b      	subs	r3, #11
100008ca:	4650      	mov	r0, sl
100008cc:	9500      	str	r5, [sp, #0]
100008ce:	f004 ff6d 	bl	100057ac <i2c_write_blocking>
100008d2:	2096      	movs	r0, #150	@ 0x96
100008d4:	2100      	movs	r1, #0
100008d6:	0080      	lsls	r0, r0, #2
100008d8:	f001 fc6c 	bl	100021b4 <sleep_us>
100008dc:	464b      	mov	r3, r9
100008de:	003a      	movs	r2, r7
100008e0:	703b      	strb	r3, [r7, #0]
100008e2:	2127      	movs	r1, #39	@ 0x27
100008e4:	3b07      	subs	r3, #7
100008e6:	4650      	mov	r0, sl
100008e8:	9500      	str	r5, [sp, #0]
100008ea:	f004 ff5f 	bl	100057ac <i2c_write_blocking>
100008ee:	2096      	movs	r0, #150	@ 0x96
100008f0:	2100      	movs	r1, #0
100008f2:	0080      	lsls	r0, r0, #2
100008f4:	f001 fc5e 	bl	100021b4 <sleep_us>
100008f8:	ab20      	add	r3, sp, #128	@ 0x80
100008fa:	4699      	mov	r9, r3
100008fc:	2c00      	cmp	r4, #0
100008fe:	d070      	beq.n	100009e2 <main+0x46a>
10000900:	4655      	mov	r5, sl
10000902:	9606      	str	r6, [sp, #24]
10000904:	2301      	movs	r3, #1
10000906:	220f      	movs	r2, #15
10000908:	469c      	mov	ip, r3
1000090a:	0023      	movs	r3, r4
1000090c:	2609      	movs	r6, #9
1000090e:	2109      	movs	r1, #9
10000910:	0124      	lsls	r4, r4, #4
10000912:	4393      	bics	r3, r2
10000914:	b262      	sxtb	r2, r4
10000916:	2400      	movs	r4, #0
10000918:	431e      	orrs	r6, r3
1000091a:	4311      	orrs	r1, r2
1000091c:	b2f6      	uxtb	r6, r6
1000091e:	b2c9      	uxtb	r1, r1
10000920:	703e      	strb	r6, [r7, #0]
10000922:	9303      	str	r3, [sp, #12]
10000924:	9204      	str	r2, [sp, #16]
10000926:	2301      	movs	r3, #1
10000928:	003a      	movs	r2, r7
1000092a:	9105      	str	r1, [sp, #20]
1000092c:	9400      	str	r4, [sp, #0]
1000092e:	2127      	movs	r1, #39	@ 0x27
10000930:	0028      	movs	r0, r5
10000932:	44e1      	add	r9, ip
10000934:	f004 ff3a 	bl	100057ac <i2c_write_blocking>
10000938:	2096      	movs	r0, #150	@ 0x96
1000093a:	2100      	movs	r1, #0
1000093c:	0080      	lsls	r0, r0, #2
1000093e:	f001 fc39 	bl	100021b4 <sleep_us>
10000942:	200d      	movs	r0, #13
10000944:	4682      	mov	sl, r0
10000946:	4650      	mov	r0, sl
10000948:	9b03      	ldr	r3, [sp, #12]
1000094a:	003a      	movs	r2, r7
1000094c:	4303      	orrs	r3, r0
1000094e:	703b      	strb	r3, [r7, #0]
10000950:	2127      	movs	r1, #39	@ 0x27
10000952:	2301      	movs	r3, #1
10000954:	9400      	str	r4, [sp, #0]
10000956:	0028      	movs	r0, r5
10000958:	f004 ff28 	bl	100057ac <i2c_write_blocking>
1000095c:	2096      	movs	r0, #150	@ 0x96
1000095e:	2100      	movs	r1, #0
10000960:	0080      	lsls	r0, r0, #2
10000962:	f001 fc27 	bl	100021b4 <sleep_us>
10000966:	2301      	movs	r3, #1
10000968:	003a      	movs	r2, r7
1000096a:	703e      	strb	r6, [r7, #0]
1000096c:	2127      	movs	r1, #39	@ 0x27
1000096e:	9400      	str	r4, [sp, #0]
10000970:	0028      	movs	r0, r5
10000972:	f004 ff1b 	bl	100057ac <i2c_write_blocking>
10000976:	2096      	movs	r0, #150	@ 0x96
10000978:	2100      	movs	r1, #0
1000097a:	0080      	lsls	r0, r0, #2
1000097c:	f001 fc1a 	bl	100021b4 <sleep_us>
10000980:	9e05      	ldr	r6, [sp, #20]
10000982:	2301      	movs	r3, #1
10000984:	003a      	movs	r2, r7
10000986:	2127      	movs	r1, #39	@ 0x27
10000988:	703e      	strb	r6, [r7, #0]
1000098a:	0028      	movs	r0, r5
1000098c:	9400      	str	r4, [sp, #0]
1000098e:	f004 ff0d 	bl	100057ac <i2c_write_blocking>
10000992:	2096      	movs	r0, #150	@ 0x96
10000994:	2100      	movs	r1, #0
10000996:	0080      	lsls	r0, r0, #2
10000998:	f001 fc0c 	bl	100021b4 <sleep_us>
1000099c:	4652      	mov	r2, sl
1000099e:	9b04      	ldr	r3, [sp, #16]
100009a0:	2127      	movs	r1, #39	@ 0x27
100009a2:	4313      	orrs	r3, r2
100009a4:	703b      	strb	r3, [r7, #0]
100009a6:	003a      	movs	r2, r7
100009a8:	2301      	movs	r3, #1
100009aa:	9400      	str	r4, [sp, #0]
100009ac:	0028      	movs	r0, r5
100009ae:	f004 fefd 	bl	100057ac <i2c_write_blocking>
100009b2:	2096      	movs	r0, #150	@ 0x96
100009b4:	2100      	movs	r1, #0
100009b6:	0080      	lsls	r0, r0, #2
100009b8:	f001 fbfc 	bl	100021b4 <sleep_us>
100009bc:	2301      	movs	r3, #1
100009be:	003a      	movs	r2, r7
100009c0:	2127      	movs	r1, #39	@ 0x27
100009c2:	703e      	strb	r6, [r7, #0]
100009c4:	0028      	movs	r0, r5
100009c6:	9400      	str	r4, [sp, #0]
100009c8:	f004 fef0 	bl	100057ac <i2c_write_blocking>
100009cc:	2096      	movs	r0, #150	@ 0x96
100009ce:	2100      	movs	r1, #0
100009d0:	0080      	lsls	r0, r0, #2
100009d2:	f001 fbef 	bl	100021b4 <sleep_us>
100009d6:	464b      	mov	r3, r9
100009d8:	781c      	ldrb	r4, [r3, #0]
100009da:	2c00      	cmp	r4, #0
100009dc:	d192      	bne.n	10000904 <main+0x38c>
100009de:	46aa      	mov	sl, r5
100009e0:	9e06      	ldr	r6, [sp, #24]
100009e2:	2e00      	cmp	r6, #0
100009e4:	d100      	bne.n	100009e8 <main+0x470>
100009e6:	e10e      	b.n	10000c06 <main+0x68e>
100009e8:	2400      	movs	r4, #0
100009ea:	25c8      	movs	r5, #200	@ 0xc8
100009ec:	2301      	movs	r3, #1
100009ee:	003a      	movs	r2, r7
100009f0:	703d      	strb	r5, [r7, #0]
100009f2:	2127      	movs	r1, #39	@ 0x27
100009f4:	9400      	str	r4, [sp, #0]
100009f6:	4650      	mov	r0, sl
100009f8:	f004 fed8 	bl	100057ac <i2c_write_blocking>
100009fc:	2096      	movs	r0, #150	@ 0x96
100009fe:	2100      	movs	r1, #0
10000a00:	0080      	lsls	r0, r0, #2
10000a02:	f001 fbd7 	bl	100021b4 <sleep_us>
10000a06:	23cc      	movs	r3, #204	@ 0xcc
10000a08:	003a      	movs	r2, r7
10000a0a:	703b      	strb	r3, [r7, #0]
10000a0c:	2127      	movs	r1, #39	@ 0x27
10000a0e:	3bcb      	subs	r3, #203	@ 0xcb
10000a10:	9400      	str	r4, [sp, #0]
10000a12:	4650      	mov	r0, sl
10000a14:	f004 feca 	bl	100057ac <i2c_write_blocking>
10000a18:	2096      	movs	r0, #150	@ 0x96
10000a1a:	2100      	movs	r1, #0
10000a1c:	0080      	lsls	r0, r0, #2
10000a1e:	f001 fbc9 	bl	100021b4 <sleep_us>
10000a22:	2301      	movs	r3, #1
10000a24:	003a      	movs	r2, r7
10000a26:	703d      	strb	r5, [r7, #0]
10000a28:	2127      	movs	r1, #39	@ 0x27
10000a2a:	9400      	str	r4, [sp, #0]
10000a2c:	4650      	mov	r0, sl
10000a2e:	f004 febd 	bl	100057ac <i2c_write_blocking>
10000a32:	2096      	movs	r0, #150	@ 0x96
10000a34:	3dc0      	subs	r5, #192	@ 0xc0
10000a36:	2100      	movs	r1, #0
10000a38:	0080      	lsls	r0, r0, #2
10000a3a:	f001 fbbb 	bl	100021b4 <sleep_us>
10000a3e:	2301      	movs	r3, #1
10000a40:	003a      	movs	r2, r7
10000a42:	703d      	strb	r5, [r7, #0]
10000a44:	2127      	movs	r1, #39	@ 0x27
10000a46:	9400      	str	r4, [sp, #0]
10000a48:	4650      	mov	r0, sl
10000a4a:	f004 feaf 	bl	100057ac <i2c_write_blocking>
10000a4e:	2096      	movs	r0, #150	@ 0x96
10000a50:	2100      	movs	r1, #0
10000a52:	0080      	lsls	r0, r0, #2
10000a54:	f001 fbae 	bl	100021b4 <sleep_us>
10000a58:	230c      	movs	r3, #12
10000a5a:	003a      	movs	r2, r7
10000a5c:	703b      	strb	r3, [r7, #0]
10000a5e:	2127      	movs	r1, #39	@ 0x27
10000a60:	3b0b      	subs	r3, #11
10000a62:	9400      	str	r4, [sp, #0]
10000a64:	4650      	mov	r0, sl
10000a66:	f004 fea1 	bl	100057ac <i2c_write_blocking>
10000a6a:	2096      	movs	r0, #150	@ 0x96
10000a6c:	2100      	movs	r1, #0
10000a6e:	0080      	lsls	r0, r0, #2
10000a70:	f001 fba0 	bl	100021b4 <sleep_us>
10000a74:	2301      	movs	r3, #1
10000a76:	003a      	movs	r2, r7
10000a78:	703d      	strb	r5, [r7, #0]
10000a7a:	2127      	movs	r1, #39	@ 0x27
10000a7c:	9400      	str	r4, [sp, #0]
10000a7e:	4650      	mov	r0, sl
10000a80:	f004 fe94 	bl	100057ac <i2c_write_blocking>
10000a84:	2096      	movs	r0, #150	@ 0x96
10000a86:	2100      	movs	r1, #0
10000a88:	0080      	lsls	r0, r0, #2
10000a8a:	f001 fb93 	bl	100021b4 <sleep_us>
10000a8e:	6930      	ldr	r0, [r6, #16]
10000a90:	f002 fede 	bl	10003850 <__wrap___aeabi_f2d>
10000a94:	223a      	movs	r2, #58	@ 0x3a
10000a96:	9000      	str	r0, [sp, #0]
10000a98:	9101      	str	r1, [sp, #4]
10000a9a:	9b0a      	ldr	r3, [sp, #40]	@ 0x28
10000a9c:	990b      	ldr	r1, [sp, #44]	@ 0x2c
10000a9e:	a814      	add	r0, sp, #80	@ 0x50
10000aa0:	f7ff fc3e 	bl	10000320 <_ZN9__gnu_cxx12__to_xstringINSt7__cxx1112basic_stringIcSt11char_traitsIcESaIcEEEcEET_PFiPT0_jPKS8_St9__va_listEjSB_z.constprop.0>
10000aa4:	2305      	movs	r3, #5
10000aa6:	2200      	movs	r2, #0
10000aa8:	9300      	str	r3, [sp, #0]
10000aaa:	2100      	movs	r1, #0
10000aac:	9b0c      	ldr	r3, [sp, #48]	@ 0x30
10000aae:	a814      	add	r0, sp, #80	@ 0x50
10000ab0:	f005 f83a 	bl	10005b28 <_ZNSt7__cxx1112basic_stringIcSt11char_traitsIcESaIcEE10_M_replaceEjjPKcj>
10000ab4:	0005      	movs	r5, r0
10000ab6:	ab1c      	add	r3, sp, #112	@ 0x70
10000ab8:	603b      	str	r3, [r7, #0]
10000aba:	6803      	ldr	r3, [r0, #0]
10000abc:	3508      	adds	r5, #8
10000abe:	0004      	movs	r4, r0
10000ac0:	42ab      	cmp	r3, r5
10000ac2:	d100      	bne.n	10000ac6 <main+0x54e>
10000ac4:	e098      	b.n	10000bf8 <main+0x680>
10000ac6:	603b      	str	r3, [r7, #0]
10000ac8:	6883      	ldr	r3, [r0, #8]
10000aca:	60bb      	str	r3, [r7, #8]
10000acc:	6863      	ldr	r3, [r4, #4]
10000ace:	6025      	str	r5, [r4, #0]
10000ad0:	607b      	str	r3, [r7, #4]
10000ad2:	2300      	movs	r3, #0
10000ad4:	7223      	strb	r3, [r4, #8]
10000ad6:	6838      	ldr	r0, [r7, #0]
10000ad8:	6063      	str	r3, [r4, #4]
10000ada:	7804      	ldrb	r4, [r0, #0]
10000adc:	2c00      	cmp	r4, #0
10000ade:	d075      	beq.n	10000bcc <main+0x654>
10000ae0:	4681      	mov	r9, r0
10000ae2:	4655      	mov	r5, sl
10000ae4:	2301      	movs	r3, #1
10000ae6:	220f      	movs	r2, #15
10000ae8:	469c      	mov	ip, r3
10000aea:	0023      	movs	r3, r4
10000aec:	2609      	movs	r6, #9
10000aee:	2109      	movs	r1, #9
10000af0:	0124      	lsls	r4, r4, #4
10000af2:	4393      	bics	r3, r2
10000af4:	4658      	mov	r0, fp
10000af6:	b262      	sxtb	r2, r4
10000af8:	2400      	movs	r4, #0
10000afa:	431e      	orrs	r6, r3
10000afc:	4311      	orrs	r1, r2
10000afe:	b2f6      	uxtb	r6, r6
10000b00:	b2c9      	uxtb	r1, r1
10000b02:	7006      	strb	r6, [r0, #0]
10000b04:	9303      	str	r3, [sp, #12]
10000b06:	9204      	str	r2, [sp, #16]
10000b08:	2301      	movs	r3, #1
10000b0a:	465a      	mov	r2, fp
10000b0c:	9105      	str	r1, [sp, #20]
10000b0e:	9400      	str	r4, [sp, #0]
10000b10:	2127      	movs	r1, #39	@ 0x27
10000b12:	0028      	movs	r0, r5
10000b14:	44e1      	add	r9, ip
10000b16:	f004 fe49 	bl	100057ac <i2c_write_blocking>
10000b1a:	2096      	movs	r0, #150	@ 0x96
10000b1c:	2100      	movs	r1, #0
10000b1e:	0080      	lsls	r0, r0, #2
10000b20:	f001 fb48 	bl	100021b4 <sleep_us>
10000b24:	200d      	movs	r0, #13
10000b26:	4682      	mov	sl, r0
10000b28:	4650      	mov	r0, sl
10000b2a:	9b03      	ldr	r3, [sp, #12]
10000b2c:	465a      	mov	r2, fp
10000b2e:	4303      	orrs	r3, r0
10000b30:	4658      	mov	r0, fp
10000b32:	2127      	movs	r1, #39	@ 0x27
10000b34:	7003      	strb	r3, [r0, #0]
10000b36:	2301      	movs	r3, #1
10000b38:	9400      	str	r4, [sp, #0]
10000b3a:	0028      	movs	r0, r5
10000b3c:	f004 fe36 	bl	100057ac <i2c_write_blocking>
10000b40:	2096      	movs	r0, #150	@ 0x96
10000b42:	2100      	movs	r1, #0
10000b44:	0080      	lsls	r0, r0, #2
10000b46:	f001 fb35 	bl	100021b4 <sleep_us>
10000b4a:	4658      	mov	r0, fp
10000b4c:	2301      	movs	r3, #1
10000b4e:	7006      	strb	r6, [r0, #0]
10000b50:	465a      	mov	r2, fp
10000b52:	2127      	movs	r1, #39	@ 0x27
10000b54:	9400      	str	r4, [sp, #0]
10000b56:	0028      	movs	r0, r5
10000b58:	f004 fe28 	bl	100057ac <i2c_write_blocking>
10000b5c:	2096      	movs	r0, #150	@ 0x96
10000b5e:	2100      	movs	r1, #0
10000b60:	0080      	lsls	r0, r0, #2
10000b62:	f001 fb27 	bl	100021b4 <sleep_us>
10000b66:	4658      	mov	r0, fp
10000b68:	9e05      	ldr	r6, [sp, #20]
10000b6a:	2301      	movs	r3, #1
10000b6c:	465a      	mov	r2, fp
10000b6e:	7006      	strb	r6, [r0, #0]
10000b70:	2127      	movs	r1, #39	@ 0x27
10000b72:	9400      	str	r4, [sp, #0]
10000b74:	0028      	movs	r0, r5
10000b76:	f004 fe19 	bl	100057ac <i2c_write_blocking>
10000b7a:	2096      	movs	r0, #150	@ 0x96
10000b7c:	2100      	movs	r1, #0
10000b7e:	0080      	lsls	r0, r0, #2
10000b80:	f001 fb18 	bl	100021b4 <sleep_us>
10000b84:	4652      	mov	r2, sl
10000b86:	9b04      	ldr	r3, [sp, #16]
10000b88:	2127      	movs	r1, #39	@ 0x27
10000b8a:	4313      	orrs	r3, r2
10000b8c:	465a      	mov	r2, fp
10000b8e:	0028      	movs	r0, r5
10000b90:	7013      	strb	r3, [r2, #0]
10000b92:	2301      	movs	r3, #1
10000b94:	9400      	str	r4, [sp, #0]
10000b96:	f004 fe09 	bl	100057ac <i2c_write_blocking>
10000b9a:	2096      	movs	r0, #150	@ 0x96
10000b9c:	2100      	movs	r1, #0
10000b9e:	0080      	lsls	r0, r0, #2
10000ba0:	f001 fb08 	bl	100021b4 <sleep_us>
10000ba4:	465b      	mov	r3, fp
10000ba6:	465a      	mov	r2, fp
10000ba8:	701e      	strb	r6, [r3, #0]
10000baa:	2127      	movs	r1, #39	@ 0x27
10000bac:	2301      	movs	r3, #1
10000bae:	9400      	str	r4, [sp, #0]
10000bb0:	0028      	movs	r0, r5
10000bb2:	f004 fdfb 	bl	100057ac <i2c_write_blocking>
10000bb6:	2096      	movs	r0, #150	@ 0x96
10000bb8:	2100      	movs	r1, #0
10000bba:	0080      	lsls	r0, r0, #2
10000bbc:	f001 fafa 	bl	100021b4 <sleep_us>
10000bc0:	464b      	mov	r3, r9
10000bc2:	781c      	ldrb	r4, [r3, #0]
10000bc4:	2c00      	cmp	r4, #0
10000bc6:	d18d      	bne.n	10000ae4 <main+0x56c>
10000bc8:	46aa      	mov	sl, r5
10000bca:	6838      	ldr	r0, [r7, #0]
10000bcc:	ab1c      	add	r3, sp, #112	@ 0x70
10000bce:	4298      	cmp	r0, r3
10000bd0:	d003      	beq.n	10000bda <main+0x662>
10000bd2:	68b9      	ldr	r1, [r7, #8]
10000bd4:	3101      	adds	r1, #1
10000bd6:	f002 fed7 	bl	10003988 <_ZdlPvj>
10000bda:	9814      	ldr	r0, [sp, #80]	@ 0x50
10000bdc:	ab16      	add	r3, sp, #88	@ 0x58
10000bde:	4298      	cmp	r0, r3
10000be0:	d003      	beq.n	10000bea <main+0x672>
10000be2:	9916      	ldr	r1, [sp, #88]	@ 0x58
10000be4:	3101      	adds	r1, #1
10000be6:	f002 fecf 	bl	10003988 <_ZdlPvj>
10000bea:	20fa      	movs	r0, #250	@ 0xfa
10000bec:	0080      	lsls	r0, r0, #2
10000bee:	f001 fb57 	bl	100022a0 <sleep_ms>
10000bf2:	e589      	b.n	10000708 <main+0x190>
10000bf4:	2600      	movs	r6, #0
10000bf6:	e5d5      	b.n	100007a4 <main+0x22c>
10000bf8:	6842      	ldr	r2, [r0, #4]
10000bfa:	0029      	movs	r1, r5
10000bfc:	3201      	adds	r2, #1
10000bfe:	a81c      	add	r0, sp, #112	@ 0x70
10000c00:	f002 feb4 	bl	1000396c <__wrap___aeabi_memcpy>
10000c04:	e762      	b.n	10000acc <main+0x554>
10000c06:	2300      	movs	r3, #0
10000c08:	9a08      	ldr	r2, [sp, #32]
10000c0a:	e003      	b.n	10000c14 <main+0x69c>
10000c0c:	3301      	adds	r3, #1
10000c0e:	3214      	adds	r2, #20
10000c10:	2b32      	cmp	r3, #50	@ 0x32
10000c12:	d0ea      	beq.n	10000bea <main+0x672>
10000c14:	7811      	ldrb	r1, [r2, #0]
10000c16:	2900      	cmp	r1, #0
10000c18:	d1f8      	bne.n	10000c0c <main+0x694>
10000c1a:	9d07      	ldr	r5, [sp, #28]
10000c1c:	009c      	lsls	r4, r3, #2
10000c1e:	46ac      	mov	ip, r5
10000c20:	18e4      	adds	r4, r4, r3
10000c22:	00a4      	lsls	r4, r4, #2
10000c24:	4464      	add	r4, ip
10000c26:	2210      	movs	r2, #16
10000c28:	0020      	movs	r0, r4
10000c2a:	a920      	add	r1, sp, #128	@ 0x80
10000c2c:	f006 fb10 	bl	10007250 <strncpy>
10000c30:	4b43      	ldr	r3, [pc, #268]	@ (10000d40 <main+0x7c8>)
10000c32:	6123      	str	r3, [r4, #16]
10000c34:	f3ef 8410 	mrs	r4, PRIMASK
10000c38:	b672      	cpsid	i
10000c3a:	2180      	movs	r1, #128	@ 0x80
10000c3c:	4841      	ldr	r0, [pc, #260]	@ (10000d44 <main+0x7cc>)
10000c3e:	0149      	lsls	r1, r1, #5
10000c40:	f007 fe3e 	bl	100088c0 <__flash_range_erase_veneer>
10000c44:	22fa      	movs	r2, #250	@ 0xfa
10000c46:	0029      	movs	r1, r5
10000c48:	483e      	ldr	r0, [pc, #248]	@ (10000d44 <main+0x7cc>)
10000c4a:	0092      	lsls	r2, r2, #2
10000c4c:	f007 fe08 	bl	10008860 <__flash_range_program_veneer>
10000c50:	f384 8810 	msr	PRIMASK, r4
10000c54:	20c0      	movs	r0, #192	@ 0xc0
10000c56:	f7ff fb97 	bl	10000388 <_Z13lcd_send_bytehi.constprop.1>
10000c5a:	9b0d      	ldr	r3, [sp, #52]	@ 0x34
10000c5c:	244e      	movs	r4, #78	@ 0x4e
10000c5e:	4699      	mov	r9, r3
10000c60:	4655      	mov	r5, sl
10000c62:	2301      	movs	r3, #1
10000c64:	220f      	movs	r2, #15
10000c66:	469c      	mov	ip, r3
10000c68:	0023      	movs	r3, r4
10000c6a:	2609      	movs	r6, #9
10000c6c:	2109      	movs	r1, #9
10000c6e:	0124      	lsls	r4, r4, #4
10000c70:	4393      	bics	r3, r2
10000c72:	b262      	sxtb	r2, r4
10000c74:	2400      	movs	r4, #0
10000c76:	431e      	orrs	r6, r3
10000c78:	4311      	orrs	r1, r2
10000c7a:	b2f6      	uxtb	r6, r6
10000c7c:	b2c9      	uxtb	r1, r1
10000c7e:	703e      	strb	r6, [r7, #0]
10000c80:	9303      	str	r3, [sp, #12]
10000c82:	9204      	str	r2, [sp, #16]
10000c84:	2301      	movs	r3, #1
10000c86:	003a      	movs	r2, r7
10000c88:	9105      	str	r1, [sp, #20]
10000c8a:	9400      	str	r4, [sp, #0]
10000c8c:	2127      	movs	r1, #39	@ 0x27
10000c8e:	0028      	movs	r0, r5
10000c90:	44e1      	add	r9, ip
10000c92:	f004 fd8b 	bl	100057ac <i2c_write_blocking>
10000c96:	2096      	movs	r0, #150	@ 0x96
10000c98:	2100      	movs	r1, #0
10000c9a:	0080      	lsls	r0, r0, #2
10000c9c:	f001 fa8a 	bl	100021b4 <sleep_us>
10000ca0:	200d      	movs	r0, #13
10000ca2:	4682      	mov	sl, r0
10000ca4:	4650      	mov	r0, sl
10000ca6:	9b03      	ldr	r3, [sp, #12]
10000ca8:	003a      	movs	r2, r7
10000caa:	4303      	orrs	r3, r0
10000cac:	703b      	strb	r3, [r7, #0]
10000cae:	2127      	movs	r1, #39	@ 0x27
10000cb0:	2301      	movs	r3, #1
10000cb2:	9400      	str	r4, [sp, #0]
10000cb4:	0028      	movs	r0, r5
10000cb6:	f004 fd79 	bl	100057ac <i2c_write_blocking>
10000cba:	2096      	movs	r0, #150	@ 0x96
10000cbc:	2100      	movs	r1, #0
10000cbe:	0080      	lsls	r0, r0, #2
10000cc0:	f001 fa78 	bl	100021b4 <sleep_us>
10000cc4:	2301      	movs	r3, #1
10000cc6:	003a      	movs	r2, r7
10000cc8:	703e      	strb	r6, [r7, #0]
10000cca:	2127      	movs	r1, #39	@ 0x27
10000ccc:	9400      	str	r4, [sp, #0]
10000cce:	0028      	movs	r0, r5
10000cd0:	f004 fd6c 	bl	100057ac <i2c_write_blocking>
10000cd4:	2096      	movs	r0, #150	@ 0x96
10000cd6:	2100      	movs	r1, #0
10000cd8:	0080      	lsls	r0, r0, #2
10000cda:	f001 fa6b 	bl	100021b4 <sleep_us>
10000cde:	9e05      	ldr	r6, [sp, #20]
10000ce0:	2301      	movs	r3, #1
10000ce2:	003a      	movs	r2, r7
10000ce4:	2127      	movs	r1, #39	@ 0x27
10000ce6:	703e      	strb	r6, [r7, #0]
10000ce8:	0028      	movs	r0, r5
10000cea:	9400      	str	r4, [sp, #0]
10000cec:	f004 fd5e 	bl	100057ac <i2c_write_blocking>
10000cf0:	2096      	movs	r0, #150	@ 0x96
10000cf2:	2100      	movs	r1, #0
10000cf4:	0080      	lsls	r0, r0, #2
10000cf6:	f001 fa5d 	bl	100021b4 <sleep_us>
10000cfa:	4652      	mov	r2, sl
10000cfc:	9b04      	ldr	r3, [sp, #16]
10000cfe:	2127      	movs	r1, #39	@ 0x27
10000d00:	4313      	orrs	r3, r2
10000d02:	703b      	strb	r3, [r7, #0]
10000d04:	003a      	movs	r2, r7
10000d06:	2301      	movs	r3, #1
10000d08:	9400      	str	r4, [sp, #0]
10000d0a:	0028      	movs	r0, r5
10000d0c:	f004 fd4e 	bl	100057ac <i2c_write_blocking>
10000d10:	2096      	movs	r0, #150	@ 0x96
10000d12:	2100      	movs	r1, #0
10000d14:	0080      	lsls	r0, r0, #2
10000d16:	f001 fa4d 	bl	100021b4 <sleep_us>
10000d1a:	2301      	movs	r3, #1
10000d1c:	003a      	movs	r2, r7
10000d1e:	2127      	movs	r1, #39	@ 0x27
10000d20:	703e      	strb	r6, [r7, #0]
10000d22:	0028      	movs	r0, r5
10000d24:	9400      	str	r4, [sp, #0]
10000d26:	f004 fd41 	bl	100057ac <i2c_write_blocking>
10000d2a:	2096      	movs	r0, #150	@ 0x96
10000d2c:	2100      	movs	r1, #0
10000d2e:	0080      	lsls	r0, r0, #2
10000d30:	f001 fa40 	bl	100021b4 <sleep_us>
10000d34:	464b      	mov	r3, r9
10000d36:	781c      	ldrb	r4, [r3, #0]
10000d38:	2c00      	cmp	r4, #0
10000d3a:	d192      	bne.n	10000c62 <main+0x6ea>
10000d3c:	46aa      	mov	sl, r5
10000d3e:	e754      	b.n	10000bea <main+0x672>
10000d40:	41200000 	.word	0x41200000
10000d44:	001ff000 	.word	0x001ff000

10000d48 <_Z12digitalWritejb>:
10000d48:	2301      	movs	r3, #1
10000d4a:	22d0      	movs	r2, #208	@ 0xd0
10000d4c:	4083      	lsls	r3, r0
10000d4e:	0612      	lsls	r2, r2, #24
10000d50:	2900      	cmp	r1, #0
10000d52:	d001      	beq.n	10000d58 <_Z12digitalWritejb+0x10>
10000d54:	6153      	str	r3, [r2, #20]
10000d56:	4770      	bx	lr
10000d58:	6193      	str	r3, [r2, #24]
10000d5a:	e7fc      	b.n	10000d56 <_Z12digitalWritejb+0xe>

10000d5c <_Z11digitalReadj>:
10000d5c:	2201      	movs	r2, #1
10000d5e:	23d0      	movs	r3, #208	@ 0xd0
10000d60:	4082      	lsls	r2, r0
10000d62:	061b      	lsls	r3, r3, #24
10000d64:	685b      	ldr	r3, [r3, #4]
10000d66:	4013      	ands	r3, r2
10000d68:	1e5a      	subs	r2, r3, #1
10000d6a:	4193      	sbcs	r3, r2
10000d6c:	b2d8      	uxtb	r0, r3
10000d6e:	4770      	bx	lr

10000d70 <_Z6millisv>:
10000d70:	b510      	push	{r4, lr}
10000d72:	f001 fbab 	bl	100024cc <time_us_64>
10000d76:	2900      	cmp	r1, #0
10000d78:	d005      	beq.n	10000d86 <_Z6millisv+0x16>
10000d7a:	22fa      	movs	r2, #250	@ 0xfa
10000d7c:	2300      	movs	r3, #0
10000d7e:	0092      	lsls	r2, r2, #2
10000d80:	f001 ff66 	bl	10002c50 <__wrap___aeabi_uldivmod>
10000d84:	bd10      	pop	{r4, pc}
10000d86:	21fa      	movs	r1, #250	@ 0xfa
10000d88:	0089      	lsls	r1, r1, #2
10000d8a:	f001 ff23 	bl	10002bd4 <__wrap___aeabi_uidiv>
10000d8e:	e7f9      	b.n	10000d84 <_Z6millisv+0x14>

10000d90 <_Z5yieldv>:
10000d90:	4770      	bx	lr
10000d92:	46c0      	nop			@ (mov r8, r8)

10000d94 <_Z17delayMicrosecondsm>:
10000d94:	b510      	push	{r4, lr}
10000d96:	2100      	movs	r1, #0
10000d98:	f001 fba2 	bl	100024e0 <busy_wait_us>
10000d9c:	bd10      	pop	{r4, pc}
10000d9e:	46c0      	nop			@ (mov r8, r8)

10000da0 <_Z5delaym>:
10000da0:	b510      	push	{r4, lr}
10000da2:	f001 fbd1 	bl	10002548 <busy_wait_ms>
10000da6:	bd10      	pop	{r4, pc}

10000da8 <_Z7pinModejb>:
10000da8:	b570      	push	{r4, r5, r6, lr}
10000daa:	0004      	movs	r4, r0
10000dac:	000d      	movs	r5, r1
10000dae:	f000 fe77 	bl	10001aa0 <gpio_init>
10000db2:	2301      	movs	r3, #1
10000db4:	22d0      	movs	r2, #208	@ 0xd0
10000db6:	40a3      	lsls	r3, r4
10000db8:	0612      	lsls	r2, r2, #24
10000dba:	2d00      	cmp	r5, #0
10000dbc:	d001      	beq.n	10000dc2 <_Z7pinModejb+0x1a>
10000dbe:	6253      	str	r3, [r2, #36]	@ 0x24
10000dc0:	bd70      	pop	{r4, r5, r6, pc}
10000dc2:	6293      	str	r3, [r2, #40]	@ 0x28
10000dc4:	e7fc      	b.n	10000dc0 <_Z7pinModejb+0x18>
10000dc6:	46c0      	nop			@ (mov r8, r8)

10000dc8 <_ZN3spi8transferEh>:
10000dc8:	b510      	push	{r4, lr}
10000dca:	b084      	sub	sp, #16
10000dcc:	466a      	mov	r2, sp
10000dce:	240f      	movs	r4, #15
10000dd0:	000b      	movs	r3, r1
10000dd2:	446c      	add	r4, sp
10000dd4:	1dd1      	adds	r1, r2, #7
10000dd6:	700b      	strb	r3, [r1, #0]
10000dd8:	0022      	movs	r2, r4
10000dda:	2301      	movs	r3, #1
10000ddc:	4802      	ldr	r0, [pc, #8]	@ (10000de8 <_ZN3spi8transferEh+0x20>)
10000dde:	f007 fd7f 	bl	100088e0 <__spi_write_read_blocking_veneer>
10000de2:	7820      	ldrb	r0, [r4, #0]
10000de4:	b004      	add	sp, #16
10000de6:	bd10      	pop	{r4, pc}
10000de8:	4003c000 	.word	0x4003c000

10000dec <_ZN3spi7spiInitEjjjj>:
10000dec:	b570      	push	{r4, r5, r6, lr}
10000dee:	0015      	movs	r5, r2
10000df0:	001c      	movs	r4, r3
10000df2:	4808      	ldr	r0, [pc, #32]	@ (10000e14 <_ZN3spi7spiInitEjjjj+0x28>)
10000df4:	f004 fce4 	bl	100057c0 <spi_init>
10000df8:	0028      	movs	r0, r5
10000dfa:	2101      	movs	r1, #1
10000dfc:	f000 fe36 	bl	10001a6c <gpio_set_function>
10000e00:	0020      	movs	r0, r4
10000e02:	2101      	movs	r1, #1
10000e04:	f000 fe32 	bl	10001a6c <gpio_set_function>
10000e08:	2101      	movs	r1, #1
10000e0a:	9804      	ldr	r0, [sp, #16]
10000e0c:	f000 fe2e 	bl	10001a6c <gpio_set_function>
10000e10:	bd70      	pop	{r4, r5, r6, pc}
10000e12:	46c0      	nop			@ (mov r8, r8)
10000e14:	4003c000 	.word	0x4003c000

10000e18 <_ZN7MFRC52216PCD_ReadRegisterENS_12PCD_RegisterEhPhh.part.0>:
10000e18:	b5f0      	push	{r4, r5, r6, r7, lr}
10000e1a:	46d6      	mov	lr, sl
10000e1c:	464f      	mov	r7, r9
10000e1e:	4646      	mov	r6, r8
10000e20:	b5c0      	push	{r6, r7, lr}
10000e22:	2780      	movs	r7, #128	@ 0x80
10000e24:	0016      	movs	r6, r2
10000e26:	4699      	mov	r9, r3
10000e28:	430f      	orrs	r7, r1
10000e2a:	ab08      	add	r3, sp, #32
10000e2c:	2100      	movs	r1, #0
10000e2e:	4682      	mov	sl, r0
10000e30:	7c00      	ldrb	r0, [r0, #16]
10000e32:	781c      	ldrb	r4, [r3, #0]
10000e34:	f7ff ff88 	bl	10000d48 <_Z12digitalWritejb>
10000e38:	4b1c      	ldr	r3, [pc, #112]	@ (10000eac <_ZN7MFRC52216PCD_ReadRegisterENS_12PCD_RegisterEhPhh.part.0+0x94>)
10000e3a:	0039      	movs	r1, r7
10000e3c:	0018      	movs	r0, r3
10000e3e:	3e01      	subs	r6, #1
10000e40:	4698      	mov	r8, r3
10000e42:	464d      	mov	r5, r9
10000e44:	f7ff ffc0 	bl	10000dc8 <_ZN3spi8transferEh>
10000e48:	b2f6      	uxtb	r6, r6
10000e4a:	2c00      	cmp	r4, #0
10000e4c:	d11e      	bne.n	10000e8c <_ZN7MFRC52216PCD_ReadRegisterENS_12PCD_RegisterEhPhh.part.0+0x74>
10000e4e:	42a6      	cmp	r6, r4
10000e50:	d90d      	bls.n	10000e6e <_ZN7MFRC52216PCD_ReadRegisterENS_12PCD_RegisterEhPhh.part.0+0x56>
10000e52:	464b      	mov	r3, r9
10000e54:	191d      	adds	r5, r3, r4
10000e56:	0039      	movs	r1, r7
10000e58:	4640      	mov	r0, r8
10000e5a:	f7ff ffb5 	bl	10000dc8 <_ZN3spi8transferEh>
10000e5e:	3401      	adds	r4, #1
10000e60:	b2e4      	uxtb	r4, r4
10000e62:	7028      	strb	r0, [r5, #0]
10000e64:	3501      	adds	r5, #1
10000e66:	42a6      	cmp	r6, r4
10000e68:	d1f5      	bne.n	10000e56 <_ZN7MFRC52216PCD_ReadRegisterENS_12PCD_RegisterEhPhh.part.0+0x3e>
10000e6a:	0035      	movs	r5, r6
10000e6c:	444d      	add	r5, r9
10000e6e:	4640      	mov	r0, r8
10000e70:	2100      	movs	r1, #0
10000e72:	f7ff ffa9 	bl	10000dc8 <_ZN3spi8transferEh>
10000e76:	4653      	mov	r3, sl
10000e78:	7028      	strb	r0, [r5, #0]
10000e7a:	2101      	movs	r1, #1
10000e7c:	7c18      	ldrb	r0, [r3, #16]
10000e7e:	f7ff ff63 	bl	10000d48 <_Z12digitalWritejb>
10000e82:	bce0      	pop	{r5, r6, r7}
10000e84:	46ba      	mov	sl, r7
10000e86:	46b1      	mov	r9, r6
10000e88:	46a8      	mov	r8, r5
10000e8a:	bdf0      	pop	{r4, r5, r6, r7, pc}
10000e8c:	23ff      	movs	r3, #255	@ 0xff
10000e8e:	40a3      	lsls	r3, r4
10000e90:	0039      	movs	r1, r7
10000e92:	4640      	mov	r0, r8
10000e94:	001c      	movs	r4, r3
10000e96:	f7ff ff97 	bl	10000dc8 <_ZN3spi8transferEh>
10000e9a:	782b      	ldrb	r3, [r5, #0]
10000e9c:	43a3      	bics	r3, r4
10000e9e:	4004      	ands	r4, r0
10000ea0:	4323      	orrs	r3, r4
10000ea2:	702b      	strb	r3, [r5, #0]
10000ea4:	2401      	movs	r4, #1
10000ea6:	3501      	adds	r5, #1
10000ea8:	e7d1      	b.n	10000e4e <_ZN7MFRC52216PCD_ReadRegisterENS_12PCD_RegisterEhPhh.part.0+0x36>
10000eaa:	46c0      	nop			@ (mov r8, r8)
10000eac:	20002410 	.word	0x20002410

10000eb0 <_ZN7MFRC522C1Ehh>:
10000eb0:	4b02      	ldr	r3, [pc, #8]	@ (10000ebc <_ZN7MFRC522C1Ehh+0xc>)
10000eb2:	7401      	strb	r1, [r0, #16]
10000eb4:	6003      	str	r3, [r0, #0]
10000eb6:	7442      	strb	r2, [r0, #17]
10000eb8:	4770      	bx	lr
10000eba:	46c0      	nop			@ (mov r8, r8)
10000ebc:	1000925c 	.word	0x1000925c

10000ec0 <_ZN7MFRC52216PCD_CalculateCRCEPhhS0_>:
10000ec0:	b5f8      	push	{r3, r4, r5, r6, r7, lr}
10000ec2:	46ce      	mov	lr, r9
10000ec4:	4647      	mov	r7, r8
10000ec6:	0006      	movs	r6, r0
10000ec8:	4691      	mov	r9, r2
10000eca:	b580      	push	{r7, lr}
10000ecc:	000f      	movs	r7, r1
10000ece:	7c00      	ldrb	r0, [r0, #16]
10000ed0:	2100      	movs	r1, #0
10000ed2:	4698      	mov	r8, r3
10000ed4:	f7ff ff38 	bl	10000d48 <_Z12digitalWritejb>
10000ed8:	4d59      	ldr	r5, [pc, #356]	@ (10001040 <_ZN7MFRC52216PCD_CalculateCRCEPhhS0_+0x180>)
10000eda:	2102      	movs	r1, #2
10000edc:	0028      	movs	r0, r5
10000ede:	f7ff ff73 	bl	10000dc8 <_ZN3spi8transferEh>
10000ee2:	2100      	movs	r1, #0
10000ee4:	0028      	movs	r0, r5
10000ee6:	f7ff ff6f 	bl	10000dc8 <_ZN3spi8transferEh>
10000eea:	2101      	movs	r1, #1
10000eec:	7c30      	ldrb	r0, [r6, #16]
10000eee:	f7ff ff2b 	bl	10000d48 <_Z12digitalWritejb>
10000ef2:	2100      	movs	r1, #0
10000ef4:	7c30      	ldrb	r0, [r6, #16]
10000ef6:	f7ff ff27 	bl	10000d48 <_Z12digitalWritejb>
10000efa:	210a      	movs	r1, #10
10000efc:	0028      	movs	r0, r5
10000efe:	f7ff ff63 	bl	10000dc8 <_ZN3spi8transferEh>
10000f02:	2104      	movs	r1, #4
10000f04:	0028      	movs	r0, r5
10000f06:	f7ff ff5f 	bl	10000dc8 <_ZN3spi8transferEh>
10000f0a:	2101      	movs	r1, #1
10000f0c:	7c30      	ldrb	r0, [r6, #16]
10000f0e:	f7ff ff1b 	bl	10000d48 <_Z12digitalWritejb>
10000f12:	2100      	movs	r1, #0
10000f14:	7c30      	ldrb	r0, [r6, #16]
10000f16:	f7ff ff17 	bl	10000d48 <_Z12digitalWritejb>
10000f1a:	2114      	movs	r1, #20
10000f1c:	0028      	movs	r0, r5
10000f1e:	f7ff ff53 	bl	10000dc8 <_ZN3spi8transferEh>
10000f22:	2180      	movs	r1, #128	@ 0x80
10000f24:	0028      	movs	r0, r5
10000f26:	f7ff ff4f 	bl	10000dc8 <_ZN3spi8transferEh>
10000f2a:	2101      	movs	r1, #1
10000f2c:	7c30      	ldrb	r0, [r6, #16]
10000f2e:	f7ff ff0b 	bl	10000d48 <_Z12digitalWritejb>
10000f32:	2100      	movs	r1, #0
10000f34:	7c30      	ldrb	r0, [r6, #16]
10000f36:	f7ff ff07 	bl	10000d48 <_Z12digitalWritejb>
10000f3a:	2112      	movs	r1, #18
10000f3c:	0028      	movs	r0, r5
10000f3e:	f7ff ff43 	bl	10000dc8 <_ZN3spi8transferEh>
10000f42:	464b      	mov	r3, r9
10000f44:	2b00      	cmp	r3, #0
10000f46:	d009      	beq.n	10000f5c <_ZN7MFRC52216PCD_CalculateCRCEPhhS0_+0x9c>
10000f48:	2400      	movs	r4, #0
10000f4a:	3401      	adds	r4, #1
10000f4c:	7839      	ldrb	r1, [r7, #0]
10000f4e:	0028      	movs	r0, r5
10000f50:	b2e4      	uxtb	r4, r4
10000f52:	f7ff ff39 	bl	10000dc8 <_ZN3spi8transferEh>
10000f56:	3701      	adds	r7, #1
10000f58:	45a1      	cmp	r9, r4
10000f5a:	d1f6      	bne.n	10000f4a <_ZN7MFRC52216PCD_CalculateCRCEPhhS0_+0x8a>
10000f5c:	2101      	movs	r1, #1
10000f5e:	7c30      	ldrb	r0, [r6, #16]
10000f60:	f7ff fef2 	bl	10000d48 <_Z12digitalWritejb>
10000f64:	2100      	movs	r1, #0
10000f66:	7c30      	ldrb	r0, [r6, #16]
10000f68:	f7ff feee 	bl	10000d48 <_Z12digitalWritejb>
10000f6c:	2102      	movs	r1, #2
10000f6e:	0028      	movs	r0, r5
10000f70:	f7ff ff2a 	bl	10000dc8 <_ZN3spi8transferEh>
10000f74:	2103      	movs	r1, #3
10000f76:	0028      	movs	r0, r5
10000f78:	f7ff ff26 	bl	10000dc8 <_ZN3spi8transferEh>
10000f7c:	2101      	movs	r1, #1
10000f7e:	7c30      	ldrb	r0, [r6, #16]
10000f80:	f7ff fee2 	bl	10000d48 <_Z12digitalWritejb>
10000f84:	f7ff fef4 	bl	10000d70 <_Z6millisv>
10000f88:	2304      	movs	r3, #4
10000f8a:	3059      	adds	r0, #89	@ 0x59
10000f8c:	0007      	movs	r7, r0
10000f8e:	4699      	mov	r9, r3
10000f90:	e005      	b.n	10000f9e <_ZN7MFRC52216PCD_CalculateCRCEPhhS0_+0xde>
10000f92:	f7ff fefd 	bl	10000d90 <_Z5yieldv>
10000f96:	f7ff feeb 	bl	10000d70 <_Z6millisv>
10000f9a:	42b8      	cmp	r0, r7
10000f9c:	d24e      	bcs.n	1000103c <_ZN7MFRC52216PCD_CalculateCRCEPhhS0_+0x17c>
10000f9e:	2100      	movs	r1, #0
10000fa0:	7c30      	ldrb	r0, [r6, #16]
10000fa2:	f7ff fed1 	bl	10000d48 <_Z12digitalWritejb>
10000fa6:	218a      	movs	r1, #138	@ 0x8a
10000fa8:	0028      	movs	r0, r5
10000faa:	f7ff ff0d 	bl	10000dc8 <_ZN3spi8transferEh>
10000fae:	2100      	movs	r1, #0
10000fb0:	0028      	movs	r0, r5
10000fb2:	f7ff ff09 	bl	10000dc8 <_ZN3spi8transferEh>
10000fb6:	2101      	movs	r1, #1
10000fb8:	0004      	movs	r4, r0
10000fba:	7c30      	ldrb	r0, [r6, #16]
10000fbc:	f7ff fec4 	bl	10000d48 <_Z12digitalWritejb>
10000fc0:	464b      	mov	r3, r9
10000fc2:	4223      	tst	r3, r4
10000fc4:	d0e5      	beq.n	10000f92 <_ZN7MFRC52216PCD_CalculateCRCEPhhS0_+0xd2>
10000fc6:	2100      	movs	r1, #0
10000fc8:	7c30      	ldrb	r0, [r6, #16]
10000fca:	f7ff febd 	bl	10000d48 <_Z12digitalWritejb>
10000fce:	2102      	movs	r1, #2
10000fd0:	0028      	movs	r0, r5
10000fd2:	f7ff fef9 	bl	10000dc8 <_ZN3spi8transferEh>
10000fd6:	2100      	movs	r1, #0
10000fd8:	0028      	movs	r0, r5
10000fda:	f7ff fef5 	bl	10000dc8 <_ZN3spi8transferEh>
10000fde:	2101      	movs	r1, #1
10000fe0:	7c30      	ldrb	r0, [r6, #16]
10000fe2:	f7ff feb1 	bl	10000d48 <_Z12digitalWritejb>
10000fe6:	2100      	movs	r1, #0
10000fe8:	7c30      	ldrb	r0, [r6, #16]
10000fea:	f7ff fead 	bl	10000d48 <_Z12digitalWritejb>
10000fee:	21c4      	movs	r1, #196	@ 0xc4
10000ff0:	0028      	movs	r0, r5
10000ff2:	f7ff fee9 	bl	10000dc8 <_ZN3spi8transferEh>
10000ff6:	2100      	movs	r1, #0
10000ff8:	0028      	movs	r0, r5
10000ffa:	f7ff fee5 	bl	10000dc8 <_ZN3spi8transferEh>
10000ffe:	2101      	movs	r1, #1
10001000:	0004      	movs	r4, r0
10001002:	7c30      	ldrb	r0, [r6, #16]
10001004:	f7ff fea0 	bl	10000d48 <_Z12digitalWritejb>
10001008:	4643      	mov	r3, r8
1000100a:	701c      	strb	r4, [r3, #0]
1000100c:	2100      	movs	r1, #0
1000100e:	7c30      	ldrb	r0, [r6, #16]
10001010:	f7ff fe9a 	bl	10000d48 <_Z12digitalWritejb>
10001014:	21c2      	movs	r1, #194	@ 0xc2
10001016:	0028      	movs	r0, r5
10001018:	f7ff fed6 	bl	10000dc8 <_ZN3spi8transferEh>
1000101c:	2100      	movs	r1, #0
1000101e:	0028      	movs	r0, r5
10001020:	f7ff fed2 	bl	10000dc8 <_ZN3spi8transferEh>
10001024:	2101      	movs	r1, #1
10001026:	0004      	movs	r4, r0
10001028:	7c30      	ldrb	r0, [r6, #16]
1000102a:	f7ff fe8d 	bl	10000d48 <_Z12digitalWritejb>
1000102e:	4643      	mov	r3, r8
10001030:	2000      	movs	r0, #0
10001032:	705c      	strb	r4, [r3, #1]
10001034:	bcc0      	pop	{r6, r7}
10001036:	46b9      	mov	r9, r7
10001038:	46b0      	mov	r8, r6
1000103a:	bdf8      	pop	{r3, r4, r5, r6, r7, pc}
1000103c:	2003      	movs	r0, #3
1000103e:	e7f9      	b.n	10001034 <_ZN7MFRC52216PCD_CalculateCRCEPhhS0_+0x174>
10001040:	20002410 	.word	0x20002410

10001044 <_ZN7MFRC52223PCD_CommunicateWithPICCEhhPhhS0_S0_S0_hb.constprop.0>:
10001044:	b5f0      	push	{r4, r5, r6, r7, lr}
10001046:	4657      	mov	r7, sl
10001048:	46de      	mov	lr, fp
1000104a:	464e      	mov	r6, r9
1000104c:	4645      	mov	r5, r8
1000104e:	b5e0      	push	{r5, r6, r7, lr}
10001050:	b087      	sub	sp, #28
10001052:	469a      	mov	sl, r3
10001054:	ab12      	add	r3, sp, #72	@ 0x48
10001056:	781b      	ldrb	r3, [r3, #0]
10001058:	0006      	movs	r6, r0
1000105a:	469b      	mov	fp, r3
1000105c:	ab13      	add	r3, sp, #76	@ 0x4c
1000105e:	781b      	ldrb	r3, [r3, #0]
10001060:	000f      	movs	r7, r1
10001062:	9303      	str	r3, [sp, #12]
10001064:	9b11      	ldr	r3, [sp, #68]	@ 0x44
10001066:	4690      	mov	r8, r2
10001068:	2b00      	cmp	r3, #0
1000106a:	d100      	bne.n	1000106e <_ZN7MFRC52223PCD_CommunicateWithPICCEhhPhhS0_S0_S0_hb.constprop.0+0x2a>
1000106c:	e135      	b.n	100012da <_ZN7MFRC52223PCD_CommunicateWithPICCEhhPhhS0_S0_S0_hb.constprop.0+0x296>
1000106e:	781b      	ldrb	r3, [r3, #0]
10001070:	465a      	mov	r2, fp
10001072:	0112      	lsls	r2, r2, #4
10001074:	189b      	adds	r3, r3, r2
10001076:	b2db      	uxtb	r3, r3
10001078:	2100      	movs	r1, #0
1000107a:	7c30      	ldrb	r0, [r6, #16]
1000107c:	4699      	mov	r9, r3
1000107e:	f7ff fe63 	bl	10000d48 <_Z12digitalWritejb>
10001082:	4ca2      	ldr	r4, [pc, #648]	@ (1000130c <_ZN7MFRC52223PCD_CommunicateWithPICCEhhPhhS0_S0_S0_hb.constprop.0+0x2c8>)
10001084:	2102      	movs	r1, #2
10001086:	0020      	movs	r0, r4
10001088:	f7ff fe9e 	bl	10000dc8 <_ZN3spi8transferEh>
1000108c:	2100      	movs	r1, #0
1000108e:	0020      	movs	r0, r4
10001090:	f7ff fe9a 	bl	10000dc8 <_ZN3spi8transferEh>
10001094:	2101      	movs	r1, #1
10001096:	7c30      	ldrb	r0, [r6, #16]
10001098:	f7ff fe56 	bl	10000d48 <_Z12digitalWritejb>
1000109c:	2100      	movs	r1, #0
1000109e:	7c30      	ldrb	r0, [r6, #16]
100010a0:	f7ff fe52 	bl	10000d48 <_Z12digitalWritejb>
100010a4:	2108      	movs	r1, #8
100010a6:	0020      	movs	r0, r4
100010a8:	f7ff fe8e 	bl	10000dc8 <_ZN3spi8transferEh>
100010ac:	217f      	movs	r1, #127	@ 0x7f
100010ae:	0020      	movs	r0, r4
100010b0:	f7ff fe8a 	bl	10000dc8 <_ZN3spi8transferEh>
100010b4:	2101      	movs	r1, #1
100010b6:	7c30      	ldrb	r0, [r6, #16]
100010b8:	f7ff fe46 	bl	10000d48 <_Z12digitalWritejb>
100010bc:	2100      	movs	r1, #0
100010be:	7c30      	ldrb	r0, [r6, #16]
100010c0:	f7ff fe42 	bl	10000d48 <_Z12digitalWritejb>
100010c4:	2114      	movs	r1, #20
100010c6:	0020      	movs	r0, r4
100010c8:	f7ff fe7e 	bl	10000dc8 <_ZN3spi8transferEh>
100010cc:	2180      	movs	r1, #128	@ 0x80
100010ce:	0020      	movs	r0, r4
100010d0:	f7ff fe7a 	bl	10000dc8 <_ZN3spi8transferEh>
100010d4:	2101      	movs	r1, #1
100010d6:	7c30      	ldrb	r0, [r6, #16]
100010d8:	f7ff fe36 	bl	10000d48 <_Z12digitalWritejb>
100010dc:	2100      	movs	r1, #0
100010de:	7c30      	ldrb	r0, [r6, #16]
100010e0:	f7ff fe32 	bl	10000d48 <_Z12digitalWritejb>
100010e4:	2112      	movs	r1, #18
100010e6:	0020      	movs	r0, r4
100010e8:	f7ff fe6e 	bl	10000dc8 <_ZN3spi8transferEh>
100010ec:	4643      	mov	r3, r8
100010ee:	2500      	movs	r5, #0
100010f0:	2b00      	cmp	r3, #0
100010f2:	d008      	beq.n	10001106 <_ZN7MFRC52223PCD_CommunicateWithPICCEhhPhhS0_S0_S0_hb.constprop.0+0xc2>
100010f4:	3501      	adds	r5, #1
100010f6:	7839      	ldrb	r1, [r7, #0]
100010f8:	0020      	movs	r0, r4
100010fa:	b2ed      	uxtb	r5, r5
100010fc:	f7ff fe64 	bl	10000dc8 <_ZN3spi8transferEh>
10001100:	3701      	adds	r7, #1
10001102:	45a8      	cmp	r8, r5
10001104:	d1f6      	bne.n	100010f4 <_ZN7MFRC52223PCD_CommunicateWithPICCEhhPhhS0_S0_S0_hb.constprop.0+0xb0>
10001106:	2101      	movs	r1, #1
10001108:	7c30      	ldrb	r0, [r6, #16]
1000110a:	f7ff fe1d 	bl	10000d48 <_Z12digitalWritejb>
1000110e:	2100      	movs	r1, #0
10001110:	7c30      	ldrb	r0, [r6, #16]
10001112:	f7ff fe19 	bl	10000d48 <_Z12digitalWritejb>
10001116:	211a      	movs	r1, #26
10001118:	0020      	movs	r0, r4
1000111a:	f7ff fe55 	bl	10000dc8 <_ZN3spi8transferEh>
1000111e:	4649      	mov	r1, r9
10001120:	0020      	movs	r0, r4
10001122:	f7ff fe51 	bl	10000dc8 <_ZN3spi8transferEh>
10001126:	2101      	movs	r1, #1
10001128:	7c30      	ldrb	r0, [r6, #16]
1000112a:	f7ff fe0d 	bl	10000d48 <_Z12digitalWritejb>
1000112e:	2100      	movs	r1, #0
10001130:	7c30      	ldrb	r0, [r6, #16]
10001132:	f7ff fe09 	bl	10000d48 <_Z12digitalWritejb>
10001136:	2102      	movs	r1, #2
10001138:	0020      	movs	r0, r4
1000113a:	f7ff fe45 	bl	10000dc8 <_ZN3spi8transferEh>
1000113e:	210c      	movs	r1, #12
10001140:	0020      	movs	r0, r4
10001142:	f7ff fe41 	bl	10000dc8 <_ZN3spi8transferEh>
10001146:	2101      	movs	r1, #1
10001148:	7c30      	ldrb	r0, [r6, #16]
1000114a:	f7ff fdfd 	bl	10000d48 <_Z12digitalWritejb>
1000114e:	2100      	movs	r1, #0
10001150:	7c30      	ldrb	r0, [r6, #16]
10001152:	f7ff fdf9 	bl	10000d48 <_Z12digitalWritejb>
10001156:	219a      	movs	r1, #154	@ 0x9a
10001158:	0020      	movs	r0, r4
1000115a:	f7ff fe35 	bl	10000dc8 <_ZN3spi8transferEh>
1000115e:	2100      	movs	r1, #0
10001160:	0020      	movs	r0, r4
10001162:	f7ff fe31 	bl	10000dc8 <_ZN3spi8transferEh>
10001166:	2101      	movs	r1, #1
10001168:	0005      	movs	r5, r0
1000116a:	7c30      	ldrb	r0, [r6, #16]
1000116c:	f7ff fdec 	bl	10000d48 <_Z12digitalWritejb>
10001170:	2100      	movs	r1, #0
10001172:	7c30      	ldrb	r0, [r6, #16]
10001174:	f7ff fde8 	bl	10000d48 <_Z12digitalWritejb>
10001178:	211a      	movs	r1, #26
1000117a:	0020      	movs	r0, r4
1000117c:	f7ff fe24 	bl	10000dc8 <_ZN3spi8transferEh>
10001180:	2180      	movs	r1, #128	@ 0x80
10001182:	4249      	negs	r1, r1
10001184:	4329      	orrs	r1, r5
10001186:	b2c9      	uxtb	r1, r1
10001188:	0020      	movs	r0, r4
1000118a:	f7ff fe1d 	bl	10000dc8 <_ZN3spi8transferEh>
1000118e:	2101      	movs	r1, #1
10001190:	7c30      	ldrb	r0, [r6, #16]
10001192:	f7ff fdd9 	bl	10000d48 <_Z12digitalWritejb>
10001196:	f7ff fdeb 	bl	10000d70 <_Z6millisv>
1000119a:	2330      	movs	r3, #48	@ 0x30
1000119c:	3024      	adds	r0, #36	@ 0x24
1000119e:	0007      	movs	r7, r0
100011a0:	4698      	mov	r8, r3
100011a2:	e009      	b.n	100011b8 <_ZN7MFRC52223PCD_CommunicateWithPICCEhhPhhS0_S0_S0_hb.constprop.0+0x174>
100011a4:	07ed      	lsls	r5, r5, #31
100011a6:	d500      	bpl.n	100011aa <_ZN7MFRC52223PCD_CommunicateWithPICCEhhPhhS0_S0_S0_hb.constprop.0+0x166>
100011a8:	e08e      	b.n	100012c8 <_ZN7MFRC52223PCD_CommunicateWithPICCEhhPhhS0_S0_S0_hb.constprop.0+0x284>
100011aa:	f7ff fdf1 	bl	10000d90 <_Z5yieldv>
100011ae:	f7ff fddf 	bl	10000d70 <_Z6millisv>
100011b2:	4287      	cmp	r7, r0
100011b4:	d800      	bhi.n	100011b8 <_ZN7MFRC52223PCD_CommunicateWithPICCEhhPhhS0_S0_S0_hb.constprop.0+0x174>
100011b6:	e087      	b.n	100012c8 <_ZN7MFRC52223PCD_CommunicateWithPICCEhhPhhS0_S0_S0_hb.constprop.0+0x284>
100011b8:	2100      	movs	r1, #0
100011ba:	7c30      	ldrb	r0, [r6, #16]
100011bc:	f7ff fdc4 	bl	10000d48 <_Z12digitalWritejb>
100011c0:	2188      	movs	r1, #136	@ 0x88
100011c2:	0020      	movs	r0, r4
100011c4:	f7ff fe00 	bl	10000dc8 <_ZN3spi8transferEh>
100011c8:	2100      	movs	r1, #0
100011ca:	0020      	movs	r0, r4
100011cc:	f7ff fdfc 	bl	10000dc8 <_ZN3spi8transferEh>
100011d0:	2101      	movs	r1, #1
100011d2:	0005      	movs	r5, r0
100011d4:	7c30      	ldrb	r0, [r6, #16]
100011d6:	f7ff fdb7 	bl	10000d48 <_Z12digitalWritejb>
100011da:	4643      	mov	r3, r8
100011dc:	422b      	tst	r3, r5
100011de:	d0e1      	beq.n	100011a4 <_ZN7MFRC52223PCD_CommunicateWithPICCEhhPhhS0_S0_S0_hb.constprop.0+0x160>
100011e0:	2100      	movs	r1, #0
100011e2:	7c30      	ldrb	r0, [r6, #16]
100011e4:	f7ff fdb0 	bl	10000d48 <_Z12digitalWritejb>
100011e8:	218c      	movs	r1, #140	@ 0x8c
100011ea:	0020      	movs	r0, r4
100011ec:	f7ff fdec 	bl	10000dc8 <_ZN3spi8transferEh>
100011f0:	2100      	movs	r1, #0
100011f2:	0020      	movs	r0, r4
100011f4:	f7ff fde8 	bl	10000dc8 <_ZN3spi8transferEh>
100011f8:	2101      	movs	r1, #1
100011fa:	0007      	movs	r7, r0
100011fc:	7c30      	ldrb	r0, [r6, #16]
100011fe:	f7ff fda3 	bl	10000d48 <_Z12digitalWritejb>
10001202:	2313      	movs	r3, #19
10001204:	001d      	movs	r5, r3
10001206:	403d      	ands	r5, r7
10001208:	423b      	tst	r3, r7
1000120a:	d16d      	bne.n	100012e8 <_ZN7MFRC52223PCD_CommunicateWithPICCEhhPhhS0_S0_S0_hb.constprop.0+0x2a4>
1000120c:	4653      	mov	r3, sl
1000120e:	2b00      	cmp	r3, #0
10001210:	d065      	beq.n	100012de <_ZN7MFRC52223PCD_CommunicateWithPICCEhhPhhS0_S0_S0_hb.constprop.0+0x29a>
10001212:	9b10      	ldr	r3, [sp, #64]	@ 0x40
10001214:	2b00      	cmp	r3, #0
10001216:	d062      	beq.n	100012de <_ZN7MFRC52223PCD_CommunicateWithPICCEhhPhhS0_S0_S0_hb.constprop.0+0x29a>
10001218:	2100      	movs	r1, #0
1000121a:	7c30      	ldrb	r0, [r6, #16]
1000121c:	f7ff fd94 	bl	10000d48 <_Z12digitalWritejb>
10001220:	2194      	movs	r1, #148	@ 0x94
10001222:	0020      	movs	r0, r4
10001224:	f7ff fdd0 	bl	10000dc8 <_ZN3spi8transferEh>
10001228:	2100      	movs	r1, #0
1000122a:	0020      	movs	r0, r4
1000122c:	f7ff fdcc 	bl	10000dc8 <_ZN3spi8transferEh>
10001230:	4680      	mov	r8, r0
10001232:	2101      	movs	r1, #1
10001234:	7c30      	ldrb	r0, [r6, #16]
10001236:	f7ff fd87 	bl	10000d48 <_Z12digitalWritejb>
1000123a:	9b10      	ldr	r3, [sp, #64]	@ 0x40
1000123c:	781b      	ldrb	r3, [r3, #0]
1000123e:	4543      	cmp	r3, r8
10001240:	d35c      	bcc.n	100012fc <_ZN7MFRC52223PCD_CommunicateWithPICCEhhPhhS0_S0_S0_hb.constprop.0+0x2b8>
10001242:	4642      	mov	r2, r8
10001244:	9b10      	ldr	r3, [sp, #64]	@ 0x40
10001246:	701a      	strb	r2, [r3, #0]
10001248:	2a00      	cmp	r2, #0
1000124a:	d14f      	bne.n	100012ec <_ZN7MFRC52223PCD_CommunicateWithPICCEhhPhhS0_S0_S0_hb.constprop.0+0x2a8>
1000124c:	2100      	movs	r1, #0
1000124e:	7c30      	ldrb	r0, [r6, #16]
10001250:	f7ff fd7a 	bl	10000d48 <_Z12digitalWritejb>
10001254:	2198      	movs	r1, #152	@ 0x98
10001256:	0020      	movs	r0, r4
10001258:	f7ff fdb6 	bl	10000dc8 <_ZN3spi8transferEh>
1000125c:	2100      	movs	r1, #0
1000125e:	0020      	movs	r0, r4
10001260:	f7ff fdb2 	bl	10000dc8 <_ZN3spi8transferEh>
10001264:	2101      	movs	r1, #1
10001266:	0004      	movs	r4, r0
10001268:	7c30      	ldrb	r0, [r6, #16]
1000126a:	f7ff fd6d 	bl	10000d48 <_Z12digitalWritejb>
1000126e:	2007      	movs	r0, #7
10001270:	2308      	movs	r3, #8
10001272:	9a11      	ldr	r2, [sp, #68]	@ 0x44
10001274:	4020      	ands	r0, r4
10001276:	403b      	ands	r3, r7
10001278:	2a00      	cmp	r2, #0
1000127a:	d000      	beq.n	1000127e <_ZN7MFRC52223PCD_CommunicateWithPICCEhhPhhS0_S0_S0_hb.constprop.0+0x23a>
1000127c:	7010      	strb	r0, [r2, #0]
1000127e:	2b00      	cmp	r3, #0
10001280:	d13e      	bne.n	10001300 <_ZN7MFRC52223PCD_CommunicateWithPICCEhhPhhS0_S0_S0_hb.constprop.0+0x2bc>
10001282:	9b03      	ldr	r3, [sp, #12]
10001284:	2b00      	cmp	r3, #0
10001286:	d020      	beq.n	100012ca <_ZN7MFRC52223PCD_CommunicateWithPICCEhhPhhS0_S0_S0_hb.constprop.0+0x286>
10001288:	9b10      	ldr	r3, [sp, #64]	@ 0x40
1000128a:	781b      	ldrb	r3, [r3, #0]
1000128c:	2b01      	cmp	r3, #1
1000128e:	d039      	beq.n	10001304 <_ZN7MFRC52223PCD_CommunicateWithPICCEhhPhhS0_S0_S0_hb.constprop.0+0x2c0>
10001290:	d918      	bls.n	100012c4 <_ZN7MFRC52223PCD_CommunicateWithPICCEhhPhhS0_S0_S0_hb.constprop.0+0x280>
10001292:	2800      	cmp	r0, #0
10001294:	d116      	bne.n	100012c4 <_ZN7MFRC52223PCD_CommunicateWithPICCEhhPhhS0_S0_S0_hb.constprop.0+0x280>
10001296:	3b02      	subs	r3, #2
10001298:	ac05      	add	r4, sp, #20
1000129a:	b2da      	uxtb	r2, r3
1000129c:	4651      	mov	r1, sl
1000129e:	0023      	movs	r3, r4
100012a0:	0030      	movs	r0, r6
100012a2:	f7ff fe0d 	bl	10000ec0 <_ZN7MFRC52216PCD_CalculateCRCEPhhS0_>
100012a6:	2800      	cmp	r0, #0
100012a8:	d10e      	bne.n	100012c8 <_ZN7MFRC52223PCD_CommunicateWithPICCEhhPhhS0_S0_S0_hb.constprop.0+0x284>
100012aa:	9b10      	ldr	r3, [sp, #64]	@ 0x40
100012ac:	781b      	ldrb	r3, [r3, #0]
100012ae:	4453      	add	r3, sl
100012b0:	1e9a      	subs	r2, r3, #2
100012b2:	7811      	ldrb	r1, [r2, #0]
100012b4:	7822      	ldrb	r2, [r4, #0]
100012b6:	4291      	cmp	r1, r2
100012b8:	d104      	bne.n	100012c4 <_ZN7MFRC52223PCD_CommunicateWithPICCEhhPhhS0_S0_S0_hb.constprop.0+0x280>
100012ba:	3b01      	subs	r3, #1
100012bc:	781a      	ldrb	r2, [r3, #0]
100012be:	7863      	ldrb	r3, [r4, #1]
100012c0:	429a      	cmp	r2, r3
100012c2:	d002      	beq.n	100012ca <_ZN7MFRC52223PCD_CommunicateWithPICCEhhPhhS0_S0_S0_hb.constprop.0+0x286>
100012c4:	2507      	movs	r5, #7
100012c6:	e000      	b.n	100012ca <_ZN7MFRC52223PCD_CommunicateWithPICCEhhPhhS0_S0_S0_hb.constprop.0+0x286>
100012c8:	2503      	movs	r5, #3
100012ca:	0028      	movs	r0, r5
100012cc:	b007      	add	sp, #28
100012ce:	bcf0      	pop	{r4, r5, r6, r7}
100012d0:	46bb      	mov	fp, r7
100012d2:	46b2      	mov	sl, r6
100012d4:	46a9      	mov	r9, r5
100012d6:	46a0      	mov	r8, r4
100012d8:	bdf0      	pop	{r4, r5, r6, r7, pc}
100012da:	2300      	movs	r3, #0
100012dc:	e6c8      	b.n	10001070 <_ZN7MFRC52223PCD_CommunicateWithPICCEhhPhhS0_S0_S0_hb.constprop.0+0x2c>
100012de:	073d      	lsls	r5, r7, #28
100012e0:	0fed      	lsrs	r5, r5, #31
100012e2:	006d      	lsls	r5, r5, #1
100012e4:	b2ed      	uxtb	r5, r5
100012e6:	e7f0      	b.n	100012ca <_ZN7MFRC52223PCD_CommunicateWithPICCEhhPhhS0_S0_S0_hb.constprop.0+0x286>
100012e8:	2501      	movs	r5, #1
100012ea:	e7ee      	b.n	100012ca <_ZN7MFRC52223PCD_CommunicateWithPICCEhhPhhS0_S0_S0_hb.constprop.0+0x286>
100012ec:	465b      	mov	r3, fp
100012ee:	2112      	movs	r1, #18
100012f0:	9300      	str	r3, [sp, #0]
100012f2:	0030      	movs	r0, r6
100012f4:	4653      	mov	r3, sl
100012f6:	f7ff fd8f 	bl	10000e18 <_ZN7MFRC52216PCD_ReadRegisterENS_12PCD_RegisterEhPhh.part.0>
100012fa:	e7a7      	b.n	1000124c <_ZN7MFRC52223PCD_CommunicateWithPICCEhhPhhS0_S0_S0_hb.constprop.0+0x208>
100012fc:	2504      	movs	r5, #4
100012fe:	e7e4      	b.n	100012ca <_ZN7MFRC52223PCD_CommunicateWithPICCEhhPhhS0_S0_S0_hb.constprop.0+0x286>
10001300:	2502      	movs	r5, #2
10001302:	e7e2      	b.n	100012ca <_ZN7MFRC52223PCD_CommunicateWithPICCEhhPhhS0_S0_S0_hb.constprop.0+0x286>
10001304:	2804      	cmp	r0, #4
10001306:	d1dd      	bne.n	100012c4 <_ZN7MFRC52223PCD_CommunicateWithPICCEhhPhhS0_S0_S0_hb.constprop.0+0x280>
10001308:	25ff      	movs	r5, #255	@ 0xff
1000130a:	e7de      	b.n	100012ca <_ZN7MFRC52223PCD_CommunicateWithPICCEhhPhhS0_S0_S0_hb.constprop.0+0x286>
1000130c:	20002410 	.word	0x20002410

10001310 <_ZN7MFRC52211PICC_SelectEPNS_3UidEh.part.0>:
10001310:	b5f0      	push	{r4, r5, r6, r7, lr}
10001312:	46de      	mov	lr, fp
10001314:	4657      	mov	r7, sl
10001316:	4645      	mov	r5, r8
10001318:	464e      	mov	r6, r9
1000131a:	b5e0      	push	{r5, r6, r7, lr}
1000131c:	b08f      	sub	sp, #60	@ 0x3c
1000131e:	9207      	str	r2, [sp, #28]
10001320:	9106      	str	r1, [sp, #24]
10001322:	0007      	movs	r7, r0
10001324:	468a      	mov	sl, r1
10001326:	7c00      	ldrb	r0, [r0, #16]
10001328:	2100      	movs	r1, #0
1000132a:	0015      	movs	r5, r2
1000132c:	f7ff fd0c 	bl	10000d48 <_Z12digitalWritejb>
10001330:	48ce      	ldr	r0, [pc, #824]	@ (1000166c <_ZN7MFRC52211PICC_SelectEPNS_3UidEh.part.0+0x35c>)
10001332:	219c      	movs	r1, #156	@ 0x9c
10001334:	4680      	mov	r8, r0
10001336:	f7ff fd47 	bl	10000dc8 <_ZN3spi8transferEh>
1000133a:	2100      	movs	r1, #0
1000133c:	4640      	mov	r0, r8
1000133e:	f7ff fd43 	bl	10000dc8 <_ZN3spi8transferEh>
10001342:	2101      	movs	r1, #1
10001344:	0004      	movs	r4, r0
10001346:	7c38      	ldrb	r0, [r7, #16]
10001348:	f7ff fcfe 	bl	10000d48 <_Z12digitalWritejb>
1000134c:	2100      	movs	r1, #0
1000134e:	7c38      	ldrb	r0, [r7, #16]
10001350:	f7ff fcfa 	bl	10000d48 <_Z12digitalWritejb>
10001354:	211c      	movs	r1, #28
10001356:	4640      	mov	r0, r8
10001358:	f7ff fd36 	bl	10000dc8 <_ZN3spi8transferEh>
1000135c:	217f      	movs	r1, #127	@ 0x7f
1000135e:	4640      	mov	r0, r8
10001360:	4021      	ands	r1, r4
10001362:	f7ff fd31 	bl	10000dc8 <_ZN3spi8transferEh>
10001366:	2101      	movs	r1, #1
10001368:	7c38      	ldrb	r0, [r7, #16]
1000136a:	f7ff fced 	bl	10000d48 <_Z12digitalWritejb>
1000136e:	2393      	movs	r3, #147	@ 0x93
10001370:	ae0b      	add	r6, sp, #44	@ 0x2c
10001372:	7033      	strb	r3, [r6, #0]
10001374:	2d00      	cmp	r5, #0
10001376:	d00c      	beq.n	10001392 <_ZN7MFRC52211PICC_SelectEPNS_3UidEh.part.0+0x82>
10001378:	b26b      	sxtb	r3, r5
1000137a:	4699      	mov	r9, r3
1000137c:	4653      	mov	r3, sl
1000137e:	781b      	ldrb	r3, [r3, #0]
10001380:	2b04      	cmp	r3, #4
10001382:	d800      	bhi.n	10001386 <_ZN7MFRC52211PICC_SelectEPNS_3UidEh.part.0+0x76>
10001384:	e15d      	b.n	10001642 <_ZN7MFRC52211PICC_SelectEPNS_3UidEh.part.0+0x332>
10001386:	2301      	movs	r3, #1
10001388:	2200      	movs	r2, #0
1000138a:	9309      	str	r3, [sp, #36]	@ 0x24
1000138c:	9208      	str	r2, [sp, #32]
1000138e:	2300      	movs	r3, #0
10001390:	e13a      	b.n	10001608 <_ZN7MFRC52211PICC_SelectEPNS_3UidEh.part.0+0x2f8>
10001392:	2300      	movs	r3, #0
10001394:	9308      	str	r3, [sp, #32]
10001396:	3301      	adds	r3, #1
10001398:	9309      	str	r3, [sp, #36]	@ 0x24
1000139a:	2300      	movs	r3, #0
1000139c:	4699      	mov	r9, r3
1000139e:	a906      	add	r1, sp, #24
100013a0:	468c      	mov	ip, r1
100013a2:	2212      	movs	r2, #18
100013a4:	4462      	add	r2, ip
100013a6:	4693      	mov	fp, r2
100013a8:	2213      	movs	r2, #19
100013aa:	4462      	add	r2, ip
100013ac:	4692      	mov	sl, r2
100013ae:	2407      	movs	r4, #7
100013b0:	464d      	mov	r5, r9
100013b2:	465a      	mov	r2, fp
100013b4:	3302      	adds	r3, #2
100013b6:	4025      	ands	r5, r4
100013b8:	b2db      	uxtb	r3, r3
100013ba:	7015      	strb	r5, [r2, #0]
100013bc:	011a      	lsls	r2, r3, #4
100013be:	18aa      	adds	r2, r5, r2
100013c0:	002c      	movs	r4, r5
100013c2:	7072      	strb	r2, [r6, #1]
100013c4:	1e6a      	subs	r2, r5, #1
100013c6:	4195      	sbcs	r5, r2
100013c8:	195d      	adds	r5, r3, r5
100013ca:	b2ea      	uxtb	r2, r5
100013cc:	9204      	str	r2, [sp, #16]
100013ce:	2209      	movs	r2, #9
100013d0:	18f5      	adds	r5, r6, r3
100013d2:	1ad3      	subs	r3, r2, r3
100013d4:	0122      	lsls	r2, r4, #4
100013d6:	18a2      	adds	r2, r4, r2
100013d8:	b2db      	uxtb	r3, r3
100013da:	9205      	str	r2, [sp, #20]
100013dc:	4652      	mov	r2, sl
100013de:	7013      	strb	r3, [r2, #0]
100013e0:	2100      	movs	r1, #0
100013e2:	7c38      	ldrb	r0, [r7, #16]
100013e4:	f7ff fcb0 	bl	10000d48 <_Z12digitalWritejb>
100013e8:	211a      	movs	r1, #26
100013ea:	4640      	mov	r0, r8
100013ec:	f7ff fcec 	bl	10000dc8 <_ZN3spi8transferEh>
100013f0:	9905      	ldr	r1, [sp, #20]
100013f2:	4640      	mov	r0, r8
100013f4:	f7ff fce8 	bl	10000dc8 <_ZN3spi8transferEh>
100013f8:	2101      	movs	r1, #1
100013fa:	7c38      	ldrb	r0, [r7, #16]
100013fc:	f7ff fca4 	bl	10000d48 <_Z12digitalWritejb>
10001400:	2300      	movs	r3, #0
10001402:	9303      	str	r3, [sp, #12]
10001404:	465b      	mov	r3, fp
10001406:	9301      	str	r3, [sp, #4]
10001408:	4653      	mov	r3, sl
1000140a:	9402      	str	r4, [sp, #8]
1000140c:	9300      	str	r3, [sp, #0]
1000140e:	0031      	movs	r1, r6
10001410:	002b      	movs	r3, r5
10001412:	0038      	movs	r0, r7
10001414:	9a04      	ldr	r2, [sp, #16]
10001416:	f7ff fe15 	bl	10001044 <_ZN7MFRC52223PCD_CommunicateWithPICCEhhPhhS0_S0_S0_hb.constprop.0>
1000141a:	0004      	movs	r4, r0
1000141c:	2802      	cmp	r0, #2
1000141e:	d02e      	beq.n	1000147e <_ZN7MFRC52211PICC_SelectEPNS_3UidEh.part.0+0x16e>
10001420:	2800      	cmp	r0, #0
10001422:	d000      	beq.n	10001426 <_ZN7MFRC52211PICC_SelectEPNS_3UidEh.part.0+0x116>
10001424:	e09f      	b.n	10001566 <_ZN7MFRC52211PICC_SelectEPNS_3UidEh.part.0+0x256>
10001426:	464b      	mov	r3, r9
10001428:	2b1f      	cmp	r3, #31
1000142a:	dc5c      	bgt.n	100014e6 <_ZN7MFRC52211PICC_SelectEPNS_3UidEh.part.0+0x1d6>
1000142c:	2320      	movs	r3, #32
1000142e:	4699      	mov	r9, r3
10001430:	2370      	movs	r3, #112	@ 0x70
10001432:	78f2      	ldrb	r2, [r6, #3]
10001434:	7073      	strb	r3, [r6, #1]
10001436:	78b3      	ldrb	r3, [r6, #2]
10001438:	0031      	movs	r1, r6
1000143a:	4053      	eors	r3, r2
1000143c:	7932      	ldrb	r2, [r6, #4]
1000143e:	0038      	movs	r0, r7
10001440:	4053      	eors	r3, r2
10001442:	7972      	ldrb	r2, [r6, #5]
10001444:	4053      	eors	r3, r2
10001446:	aa06      	add	r2, sp, #24
10001448:	4694      	mov	ip, r2
1000144a:	71b3      	strb	r3, [r6, #6]
1000144c:	231b      	movs	r3, #27
1000144e:	2207      	movs	r2, #7
10001450:	4463      	add	r3, ip
10001452:	f7ff fd35 	bl	10000ec0 <_ZN7MFRC52216PCD_CalculateCRCEPhhS0_>
10001456:	1e04      	subs	r4, r0, #0
10001458:	d000      	beq.n	1000145c <_ZN7MFRC52211PICC_SelectEPNS_3UidEh.part.0+0x14c>
1000145a:	e11f      	b.n	1000169c <_ZN7MFRC52211PICC_SelectEPNS_3UidEh.part.0+0x38c>
1000145c:	aa06      	add	r2, sp, #24
1000145e:	4694      	mov	ip, r2
10001460:	2312      	movs	r3, #18
10001462:	2209      	movs	r2, #9
10001464:	4463      	add	r3, ip
10001466:	469b      	mov	fp, r3
10001468:	251a      	movs	r5, #26
1000146a:	7018      	strb	r0, [r3, #0]
1000146c:	2300      	movs	r3, #0
1000146e:	9204      	str	r2, [sp, #16]
10001470:	320a      	adds	r2, #10
10001472:	4462      	add	r2, ip
10001474:	9305      	str	r3, [sp, #20]
10001476:	4692      	mov	sl, r2
10001478:	3303      	adds	r3, #3
1000147a:	4465      	add	r5, ip
1000147c:	e7ae      	b.n	100013dc <_ZN7MFRC52211PICC_SelectEPNS_3UidEh.part.0+0xcc>
1000147e:	2100      	movs	r1, #0
10001480:	7c38      	ldrb	r0, [r7, #16]
10001482:	f7ff fc61 	bl	10000d48 <_Z12digitalWritejb>
10001486:	219c      	movs	r1, #156	@ 0x9c
10001488:	4640      	mov	r0, r8
1000148a:	f7ff fc9d 	bl	10000dc8 <_ZN3spi8transferEh>
1000148e:	2100      	movs	r1, #0
10001490:	4640      	mov	r0, r8
10001492:	f7ff fc99 	bl	10000dc8 <_ZN3spi8transferEh>
10001496:	0005      	movs	r5, r0
10001498:	2101      	movs	r1, #1
1000149a:	7c38      	ldrb	r0, [r7, #16]
1000149c:	f7ff fc54 	bl	10000d48 <_Z12digitalWritejb>
100014a0:	06ab      	lsls	r3, r5, #26
100014a2:	d460      	bmi.n	10001566 <_ZN7MFRC52211PICC_SelectEPNS_3UidEh.part.0+0x256>
100014a4:	231f      	movs	r3, #31
100014a6:	001a      	movs	r2, r3
100014a8:	402a      	ands	r2, r5
100014aa:	422b      	tst	r3, r5
100014ac:	d108      	bne.n	100014c0 <_ZN7MFRC52211PICC_SelectEPNS_3UidEh.part.0+0x1b0>
100014ae:	464b      	mov	r3, r9
100014b0:	2b1f      	cmp	r3, #31
100014b2:	dc57      	bgt.n	10001564 <_ZN7MFRC52211PICC_SelectEPNS_3UidEh.part.0+0x254>
100014b4:	2380      	movs	r3, #128	@ 0x80
100014b6:	7972      	ldrb	r2, [r6, #5]
100014b8:	425b      	negs	r3, r3
100014ba:	4313      	orrs	r3, r2
100014bc:	7173      	strb	r3, [r6, #5]
100014be:	e7b5      	b.n	1000142c <_ZN7MFRC52211PICC_SelectEPNS_3UidEh.part.0+0x11c>
100014c0:	454a      	cmp	r2, r9
100014c2:	dd4f      	ble.n	10001564 <_ZN7MFRC52211PICC_SelectEPNS_3UidEh.part.0+0x254>
100014c4:	2007      	movs	r0, #7
100014c6:	b253      	sxtb	r3, r2
100014c8:	1e51      	subs	r1, r2, #1
100014ca:	4699      	mov	r9, r3
100014cc:	08d3      	lsrs	r3, r2, #3
100014ce:	001a      	movs	r2, r3
100014d0:	4001      	ands	r1, r0
100014d2:	4228      	tst	r0, r5
100014d4:	d100      	bne.n	100014d8 <_ZN7MFRC52211PICC_SelectEPNS_3UidEh.part.0+0x1c8>
100014d6:	e0fa      	b.n	100016ce <_ZN7MFRC52211PICC_SelectEPNS_3UidEh.part.0+0x3be>
100014d8:	3806      	subs	r0, #6
100014da:	4088      	lsls	r0, r1
100014dc:	3202      	adds	r2, #2
100014de:	5cb1      	ldrb	r1, [r6, r2]
100014e0:	4301      	orrs	r1, r0
100014e2:	54b1      	strb	r1, [r6, r2]
100014e4:	e763      	b.n	100013ae <_ZN7MFRC52211PICC_SelectEPNS_3UidEh.part.0+0x9e>
100014e6:	78b2      	ldrb	r2, [r6, #2]
100014e8:	9b08      	ldr	r3, [sp, #32]
100014ea:	2a88      	cmp	r2, #136	@ 0x88
100014ec:	d100      	bne.n	100014f0 <_ZN7MFRC52211PICC_SelectEPNS_3UidEh.part.0+0x1e0>
100014ee:	e0d7      	b.n	100016a0 <_ZN7MFRC52211PICC_SelectEPNS_3UidEh.part.0+0x390>
100014f0:	9906      	ldr	r1, [sp, #24]
100014f2:	468c      	mov	ip, r1
100014f4:	4463      	add	r3, ip
100014f6:	705a      	strb	r2, [r3, #1]
100014f8:	78f2      	ldrb	r2, [r6, #3]
100014fa:	709a      	strb	r2, [r3, #2]
100014fc:	7932      	ldrb	r2, [r6, #4]
100014fe:	70da      	strb	r2, [r3, #3]
10001500:	7972      	ldrb	r2, [r6, #5]
10001502:	711a      	strb	r2, [r3, #4]
10001504:	4653      	mov	r3, sl
10001506:	781b      	ldrb	r3, [r3, #0]
10001508:	9308      	str	r3, [sp, #32]
1000150a:	2b03      	cmp	r3, #3
1000150c:	d000      	beq.n	10001510 <_ZN7MFRC52211PICC_SelectEPNS_3UidEh.part.0+0x200>
1000150e:	e0d1      	b.n	100016b4 <_ZN7MFRC52211PICC_SelectEPNS_3UidEh.part.0+0x3a4>
10001510:	465b      	mov	r3, fp
10001512:	781b      	ldrb	r3, [r3, #0]
10001514:	2b00      	cmp	r3, #0
10001516:	d000      	beq.n	1000151a <_ZN7MFRC52211PICC_SelectEPNS_3UidEh.part.0+0x20a>
10001518:	e0cc      	b.n	100016b4 <_ZN7MFRC52211PICC_SelectEPNS_3UidEh.part.0+0x3a4>
1000151a:	aa06      	add	r2, sp, #24
1000151c:	4694      	mov	ip, r2
1000151e:	3316      	adds	r3, #22
10001520:	2201      	movs	r2, #1
10001522:	0029      	movs	r1, r5
10001524:	0038      	movs	r0, r7
10001526:	4463      	add	r3, ip
10001528:	f7ff fcca 	bl	10000ec0 <_ZN7MFRC52216PCD_CalculateCRCEPhhS0_>
1000152c:	2800      	cmp	r0, #0
1000152e:	d000      	beq.n	10001532 <_ZN7MFRC52211PICC_SelectEPNS_3UidEh.part.0+0x222>
10001530:	e0b4      	b.n	1000169c <_ZN7MFRC52211PICC_SelectEPNS_3UidEh.part.0+0x38c>
10001532:	78b2      	ldrb	r2, [r6, #2]
10001534:	786b      	ldrb	r3, [r5, #1]
10001536:	429a      	cmp	r2, r3
10001538:	d000      	beq.n	1000153c <_ZN7MFRC52211PICC_SelectEPNS_3UidEh.part.0+0x22c>
1000153a:	e0bd      	b.n	100016b8 <_ZN7MFRC52211PICC_SelectEPNS_3UidEh.part.0+0x3a8>
1000153c:	78f2      	ldrb	r2, [r6, #3]
1000153e:	78ab      	ldrb	r3, [r5, #2]
10001540:	429a      	cmp	r2, r3
10001542:	d000      	beq.n	10001546 <_ZN7MFRC52211PICC_SelectEPNS_3UidEh.part.0+0x236>
10001544:	e0b8      	b.n	100016b8 <_ZN7MFRC52211PICC_SelectEPNS_3UidEh.part.0+0x3a8>
10001546:	2204      	movs	r2, #4
10001548:	0014      	movs	r4, r2
1000154a:	782b      	ldrb	r3, [r5, #0]
1000154c:	401c      	ands	r4, r3
1000154e:	421a      	tst	r2, r3
10001550:	d100      	bne.n	10001554 <_ZN7MFRC52211PICC_SelectEPNS_3UidEh.part.0+0x244>
10001552:	e0b3      	b.n	100016bc <_ZN7MFRC52211PICC_SelectEPNS_3UidEh.part.0+0x3ac>
10001554:	9b09      	ldr	r3, [sp, #36]	@ 0x24
10001556:	3301      	adds	r3, #1
10001558:	b2db      	uxtb	r3, r3
1000155a:	9309      	str	r3, [sp, #36]	@ 0x24
1000155c:	2b02      	cmp	r3, #2
1000155e:	d041      	beq.n	100015e4 <_ZN7MFRC52211PICC_SelectEPNS_3UidEh.part.0+0x2d4>
10001560:	2b03      	cmp	r3, #3
10001562:	d008      	beq.n	10001576 <_ZN7MFRC52211PICC_SelectEPNS_3UidEh.part.0+0x266>
10001564:	2405      	movs	r4, #5
10001566:	0020      	movs	r0, r4
10001568:	b00f      	add	sp, #60	@ 0x3c
1000156a:	bcf0      	pop	{r4, r5, r6, r7}
1000156c:	46bb      	mov	fp, r7
1000156e:	46b2      	mov	sl, r6
10001570:	46a9      	mov	r9, r5
10001572:	46a0      	mov	r8, r4
10001574:	bdf0      	pop	{r4, r5, r6, r7, pc}
10001576:	2397      	movs	r3, #151	@ 0x97
10001578:	9a07      	ldr	r2, [sp, #28]
1000157a:	7033      	strb	r3, [r6, #0]
1000157c:	3a30      	subs	r2, #48	@ 0x30
1000157e:	b253      	sxtb	r3, r2
10001580:	43db      	mvns	r3, r3
10001582:	17db      	asrs	r3, r3, #31
10001584:	4013      	ands	r3, r2
10001586:	b25b      	sxtb	r3, r3
10001588:	2206      	movs	r2, #6
1000158a:	4699      	mov	r9, r3
1000158c:	2306      	movs	r3, #6
1000158e:	9208      	str	r2, [sp, #32]
10001590:	464a      	mov	r2, r9
10001592:	4648      	mov	r0, r9
10001594:	10d1      	asrs	r1, r2, #3
10001596:	b2ca      	uxtb	r2, r1
10001598:	0740      	lsls	r0, r0, #29
1000159a:	d069      	beq.n	10001670 <_ZN7MFRC52211PICC_SelectEPNS_3UidEh.part.0+0x360>
1000159c:	9906      	ldr	r1, [sp, #24]
1000159e:	468c      	mov	ip, r1
100015a0:	4463      	add	r3, ip
100015a2:	7859      	ldrb	r1, [r3, #1]
100015a4:	70b1      	strb	r1, [r6, #2]
100015a6:	2a00      	cmp	r2, #0
100015a8:	d016      	beq.n	100015d8 <_ZN7MFRC52211PICC_SelectEPNS_3UidEh.part.0+0x2c8>
100015aa:	7899      	ldrb	r1, [r3, #2]
100015ac:	70f1      	strb	r1, [r6, #3]
100015ae:	2a01      	cmp	r2, #1
100015b0:	d012      	beq.n	100015d8 <_ZN7MFRC52211PICC_SelectEPNS_3UidEh.part.0+0x2c8>
100015b2:	3201      	adds	r2, #1
100015b4:	1c11      	adds	r1, r2, #0
100015b6:	b2d2      	uxtb	r2, r2
100015b8:	2a04      	cmp	r2, #4
100015ba:	d900      	bls.n	100015be <_ZN7MFRC52211PICC_SelectEPNS_3UidEh.part.0+0x2ae>
100015bc:	2104      	movs	r1, #4
100015be:	2002      	movs	r0, #2
100015c0:	2400      	movs	r4, #0
100015c2:	2504      	movs	r5, #4
100015c4:	b2c9      	uxtb	r1, r1
100015c6:	78da      	ldrb	r2, [r3, #3]
100015c8:	3003      	adds	r0, #3
100015ca:	5572      	strb	r2, [r6, r5]
100015cc:	2904      	cmp	r1, #4
100015ce:	d101      	bne.n	100015d4 <_ZN7MFRC52211PICC_SelectEPNS_3UidEh.part.0+0x2c4>
100015d0:	791b      	ldrb	r3, [r3, #4]
100015d2:	5433      	strb	r3, [r6, r0]
100015d4:	2c00      	cmp	r4, #0
100015d6:	d143      	bne.n	10001660 <_ZN7MFRC52211PICC_SelectEPNS_3UidEh.part.0+0x350>
100015d8:	464b      	mov	r3, r9
100015da:	2b1f      	cmp	r3, #31
100015dc:	dd00      	ble.n	100015e0 <_ZN7MFRC52211PICC_SelectEPNS_3UidEh.part.0+0x2d0>
100015de:	e727      	b.n	10001430 <_ZN7MFRC52211PICC_SelectEPNS_3UidEh.part.0+0x120>
100015e0:	10db      	asrs	r3, r3, #3
100015e2:	e6dc      	b.n	1000139e <_ZN7MFRC52211PICC_SelectEPNS_3UidEh.part.0+0x8e>
100015e4:	2395      	movs	r3, #149	@ 0x95
100015e6:	7033      	strb	r3, [r6, #0]
100015e8:	9b07      	ldr	r3, [sp, #28]
100015ea:	2b00      	cmp	r3, #0
100015ec:	d026      	beq.n	1000163c <_ZN7MFRC52211PICC_SelectEPNS_3UidEh.part.0+0x32c>
100015ee:	001a      	movs	r2, r3
100015f0:	3a18      	subs	r2, #24
100015f2:	b253      	sxtb	r3, r2
100015f4:	43db      	mvns	r3, r3
100015f6:	17db      	asrs	r3, r3, #31
100015f8:	4013      	ands	r3, r2
100015fa:	9a06      	ldr	r2, [sp, #24]
100015fc:	b25b      	sxtb	r3, r3
100015fe:	7812      	ldrb	r2, [r2, #0]
10001600:	4699      	mov	r9, r3
10001602:	2303      	movs	r3, #3
10001604:	2a07      	cmp	r2, #7
10001606:	d9c3      	bls.n	10001590 <_ZN7MFRC52211PICC_SelectEPNS_3UidEh.part.0+0x280>
10001608:	2288      	movs	r2, #136	@ 0x88
1000160a:	70b2      	strb	r2, [r6, #2]
1000160c:	464a      	mov	r2, r9
1000160e:	4648      	mov	r0, r9
10001610:	10d2      	asrs	r2, r2, #3
10001612:	b2d1      	uxtb	r1, r2
10001614:	0740      	lsls	r0, r0, #29
10001616:	d01a      	beq.n	1000164e <_ZN7MFRC52211PICC_SelectEPNS_3UidEh.part.0+0x33e>
10001618:	9a06      	ldr	r2, [sp, #24]
1000161a:	4694      	mov	ip, r2
1000161c:	4463      	add	r3, ip
1000161e:	785a      	ldrb	r2, [r3, #1]
10001620:	70f2      	strb	r2, [r6, #3]
10001622:	2900      	cmp	r1, #0
10001624:	d01c      	beq.n	10001660 <_ZN7MFRC52211PICC_SelectEPNS_3UidEh.part.0+0x350>
10001626:	789a      	ldrb	r2, [r3, #2]
10001628:	3101      	adds	r1, #1
1000162a:	b2c9      	uxtb	r1, r1
1000162c:	7132      	strb	r2, [r6, #4]
1000162e:	2902      	cmp	r1, #2
10001630:	d916      	bls.n	10001660 <_ZN7MFRC52211PICC_SelectEPNS_3UidEh.part.0+0x350>
10001632:	2003      	movs	r0, #3
10001634:	2401      	movs	r4, #1
10001636:	0001      	movs	r1, r0
10001638:	2505      	movs	r5, #5
1000163a:	e7c4      	b.n	100015c6 <_ZN7MFRC52211PICC_SelectEPNS_3UidEh.part.0+0x2b6>
1000163c:	2300      	movs	r3, #0
1000163e:	4699      	mov	r9, r3
10001640:	e6b5      	b.n	100013ae <_ZN7MFRC52211PICC_SelectEPNS_3UidEh.part.0+0x9e>
10001642:	2301      	movs	r3, #1
10001644:	2200      	movs	r2, #0
10001646:	9309      	str	r3, [sp, #36]	@ 0x24
10001648:	9208      	str	r2, [sp, #32]
1000164a:	2300      	movs	r3, #0
1000164c:	e7a0      	b.n	10001590 <_ZN7MFRC52211PICC_SelectEPNS_3UidEh.part.0+0x280>
1000164e:	2a00      	cmp	r2, #0
10001650:	d007      	beq.n	10001662 <_ZN7MFRC52211PICC_SelectEPNS_3UidEh.part.0+0x352>
10001652:	9a06      	ldr	r2, [sp, #24]
10001654:	4694      	mov	ip, r2
10001656:	4463      	add	r3, ip
10001658:	785a      	ldrb	r2, [r3, #1]
1000165a:	70f2      	strb	r2, [r6, #3]
1000165c:	2901      	cmp	r1, #1
1000165e:	d13d      	bne.n	100016dc <_ZN7MFRC52211PICC_SelectEPNS_3UidEh.part.0+0x3cc>
10001660:	464a      	mov	r2, r9
10001662:	3208      	adds	r2, #8
10001664:	b253      	sxtb	r3, r2
10001666:	4699      	mov	r9, r3
10001668:	e7b6      	b.n	100015d8 <_ZN7MFRC52211PICC_SelectEPNS_3UidEh.part.0+0x2c8>
1000166a:	46c0      	nop			@ (mov r8, r8)
1000166c:	20002410 	.word	0x20002410
10001670:	2900      	cmp	r1, #0
10001672:	d038      	beq.n	100016e6 <_ZN7MFRC52211PICC_SelectEPNS_3UidEh.part.0+0x3d6>
10001674:	1c11      	adds	r1, r2, #0
10001676:	2a04      	cmp	r2, #4
10001678:	d900      	bls.n	1000167c <_ZN7MFRC52211PICC_SelectEPNS_3UidEh.part.0+0x36c>
1000167a:	2104      	movs	r1, #4
1000167c:	9806      	ldr	r0, [sp, #24]
1000167e:	b2c9      	uxtb	r1, r1
10001680:	4684      	mov	ip, r0
10001682:	4463      	add	r3, ip
10001684:	7858      	ldrb	r0, [r3, #1]
10001686:	70b0      	strb	r0, [r6, #2]
10001688:	2a01      	cmp	r2, #1
1000168a:	d0a5      	beq.n	100015d8 <_ZN7MFRC52211PICC_SelectEPNS_3UidEh.part.0+0x2c8>
1000168c:	7898      	ldrb	r0, [r3, #2]
1000168e:	2504      	movs	r5, #4
10001690:	70f0      	strb	r0, [r6, #3]
10001692:	2002      	movs	r0, #2
10001694:	2400      	movs	r4, #0
10001696:	4282      	cmp	r2, r0
10001698:	d195      	bne.n	100015c6 <_ZN7MFRC52211PICC_SelectEPNS_3UidEh.part.0+0x2b6>
1000169a:	e79d      	b.n	100015d8 <_ZN7MFRC52211PICC_SelectEPNS_3UidEh.part.0+0x2c8>
1000169c:	2403      	movs	r4, #3
1000169e:	e762      	b.n	10001566 <_ZN7MFRC52211PICC_SelectEPNS_3UidEh.part.0+0x256>
100016a0:	9a06      	ldr	r2, [sp, #24]
100016a2:	4694      	mov	ip, r2
100016a4:	78f2      	ldrb	r2, [r6, #3]
100016a6:	4463      	add	r3, ip
100016a8:	705a      	strb	r2, [r3, #1]
100016aa:	7932      	ldrb	r2, [r6, #4]
100016ac:	709a      	strb	r2, [r3, #2]
100016ae:	7972      	ldrb	r2, [r6, #5]
100016b0:	70da      	strb	r2, [r3, #3]
100016b2:	e727      	b.n	10001504 <_ZN7MFRC52211PICC_SelectEPNS_3UidEh.part.0+0x1f4>
100016b4:	2401      	movs	r4, #1
100016b6:	e756      	b.n	10001566 <_ZN7MFRC52211PICC_SelectEPNS_3UidEh.part.0+0x256>
100016b8:	2407      	movs	r4, #7
100016ba:	e754      	b.n	10001566 <_ZN7MFRC52211PICC_SelectEPNS_3UidEh.part.0+0x256>
100016bc:	9909      	ldr	r1, [sp, #36]	@ 0x24
100016be:	9a06      	ldr	r2, [sp, #24]
100016c0:	468c      	mov	ip, r1
100016c2:	72d3      	strb	r3, [r2, #11]
100016c4:	004b      	lsls	r3, r1, #1
100016c6:	4463      	add	r3, ip
100016c8:	3301      	adds	r3, #1
100016ca:	7013      	strb	r3, [r2, #0]
100016cc:	e74b      	b.n	10001566 <_ZN7MFRC52211PICC_SelectEPNS_3UidEh.part.0+0x256>
100016ce:	2180      	movs	r1, #128	@ 0x80
100016d0:	3201      	adds	r2, #1
100016d2:	5cb0      	ldrb	r0, [r6, r2]
100016d4:	4249      	negs	r1, r1
100016d6:	4301      	orrs	r1, r0
100016d8:	54b1      	strb	r1, [r6, r2]
100016da:	e668      	b.n	100013ae <_ZN7MFRC52211PICC_SelectEPNS_3UidEh.part.0+0x9e>
100016dc:	789a      	ldrb	r2, [r3, #2]
100016de:	7132      	strb	r2, [r6, #4]
100016e0:	2902      	cmp	r1, #2
100016e2:	d8a6      	bhi.n	10001632 <_ZN7MFRC52211PICC_SelectEPNS_3UidEh.part.0+0x322>
100016e4:	e7bc      	b.n	10001660 <_ZN7MFRC52211PICC_SelectEPNS_3UidEh.part.0+0x350>
100016e6:	2300      	movs	r3, #0
100016e8:	4699      	mov	r9, r3
100016ea:	e658      	b.n	1000139e <_ZN7MFRC52211PICC_SelectEPNS_3UidEh.part.0+0x8e>

100016ec <_ZN7MFRC52211PICC_SelectEPNS_3UidEh>:
100016ec:	b510      	push	{r4, lr}
100016ee:	2a50      	cmp	r2, #80	@ 0x50
100016f0:	d802      	bhi.n	100016f8 <_ZN7MFRC52211PICC_SelectEPNS_3UidEh+0xc>
100016f2:	f7ff fe0d 	bl	10001310 <_ZN7MFRC52211PICC_SelectEPNS_3UidEh.part.0>
100016f6:	bd10      	pop	{r4, pc}
100016f8:	2006      	movs	r0, #6
100016fa:	e7fc      	b.n	100016f6 <_ZN7MFRC52211PICC_SelectEPNS_3UidEh+0xa>

100016fc <_ZN7MFRC52219PICC_ReadCardSerialEv>:
100016fc:	0001      	movs	r1, r0
100016fe:	c908      	ldmia	r1!, {r3}
10001700:	4a07      	ldr	r2, [pc, #28]	@ (10001720 <_ZN7MFRC52219PICC_ReadCardSerialEv+0x24>)
10001702:	681b      	ldr	r3, [r3, #0]
10001704:	b510      	push	{r4, lr}
10001706:	4293      	cmp	r3, r2
10001708:	d106      	bne.n	10001718 <_ZN7MFRC52219PICC_ReadCardSerialEv+0x1c>
1000170a:	2200      	movs	r2, #0
1000170c:	f7ff fe00 	bl	10001310 <_ZN7MFRC52211PICC_SelectEPNS_3UidEh.part.0>
10001710:	4243      	negs	r3, r0
10001712:	4158      	adcs	r0, r3
10001714:	b2c0      	uxtb	r0, r0
10001716:	bd10      	pop	{r4, pc}
10001718:	2200      	movs	r2, #0
1000171a:	4798      	blx	r3
1000171c:	e7f8      	b.n	10001710 <_ZN7MFRC52219PICC_ReadCardSerialEv+0x14>
1000171e:	46c0      	nop			@ (mov r8, r8)
10001720:	100016ed 	.word	0x100016ed

10001724 <_ZN7MFRC52221PICC_IsNewCardPresentEv>:
10001724:	b5f0      	push	{r4, r5, r6, r7, lr}
10001726:	2711      	movs	r7, #17
10001728:	2302      	movs	r3, #2
1000172a:	0004      	movs	r4, r0
1000172c:	b087      	sub	sp, #28
1000172e:	446f      	add	r7, sp
10001730:	703b      	strb	r3, [r7, #0]
10001732:	2100      	movs	r1, #0
10001734:	7c00      	ldrb	r0, [r0, #16]
10001736:	f7ff fb07 	bl	10000d48 <_Z12digitalWritejb>
1000173a:	4d39      	ldr	r5, [pc, #228]	@ (10001820 <_ZN7MFRC52221PICC_IsNewCardPresentEv+0xfc>)
1000173c:	2124      	movs	r1, #36	@ 0x24
1000173e:	0028      	movs	r0, r5
10001740:	f7ff fb42 	bl	10000dc8 <_ZN3spi8transferEh>
10001744:	2100      	movs	r1, #0
10001746:	0028      	movs	r0, r5
10001748:	f7ff fb3e 	bl	10000dc8 <_ZN3spi8transferEh>
1000174c:	2101      	movs	r1, #1
1000174e:	7c20      	ldrb	r0, [r4, #16]
10001750:	f7ff fafa 	bl	10000d48 <_Z12digitalWritejb>
10001754:	2100      	movs	r1, #0
10001756:	7c20      	ldrb	r0, [r4, #16]
10001758:	f7ff faf6 	bl	10000d48 <_Z12digitalWritejb>
1000175c:	2126      	movs	r1, #38	@ 0x26
1000175e:	0028      	movs	r0, r5
10001760:	f7ff fb32 	bl	10000dc8 <_ZN3spi8transferEh>
10001764:	2100      	movs	r1, #0
10001766:	0028      	movs	r0, r5
10001768:	f7ff fb2e 	bl	10000dc8 <_ZN3spi8transferEh>
1000176c:	2101      	movs	r1, #1
1000176e:	7c20      	ldrb	r0, [r4, #16]
10001770:	f7ff faea 	bl	10000d48 <_Z12digitalWritejb>
10001774:	2100      	movs	r1, #0
10001776:	7c20      	ldrb	r0, [r4, #16]
10001778:	f7ff fae6 	bl	10000d48 <_Z12digitalWritejb>
1000177c:	2148      	movs	r1, #72	@ 0x48
1000177e:	0028      	movs	r0, r5
10001780:	f7ff fb22 	bl	10000dc8 <_ZN3spi8transferEh>
10001784:	2126      	movs	r1, #38	@ 0x26
10001786:	0028      	movs	r0, r5
10001788:	f7ff fb1e 	bl	10000dc8 <_ZN3spi8transferEh>
1000178c:	2101      	movs	r1, #1
1000178e:	7c20      	ldrb	r0, [r4, #16]
10001790:	f7ff fada 	bl	10000d48 <_Z12digitalWritejb>
10001794:	2326      	movs	r3, #38	@ 0x26
10001796:	466a      	mov	r2, sp
10001798:	7493      	strb	r3, [r2, #18]
1000179a:	2100      	movs	r1, #0
1000179c:	7c20      	ldrb	r0, [r4, #16]
1000179e:	f7ff fad3 	bl	10000d48 <_Z12digitalWritejb>
100017a2:	219c      	movs	r1, #156	@ 0x9c
100017a4:	0028      	movs	r0, r5
100017a6:	f7ff fb0f 	bl	10000dc8 <_ZN3spi8transferEh>
100017aa:	2100      	movs	r1, #0
100017ac:	0028      	movs	r0, r5
100017ae:	f7ff fb0b 	bl	10000dc8 <_ZN3spi8transferEh>
100017b2:	2101      	movs	r1, #1
100017b4:	0006      	movs	r6, r0
100017b6:	7c20      	ldrb	r0, [r4, #16]
100017b8:	f7ff fac6 	bl	10000d48 <_Z12digitalWritejb>
100017bc:	2100      	movs	r1, #0
100017be:	7c20      	ldrb	r0, [r4, #16]
100017c0:	f7ff fac2 	bl	10000d48 <_Z12digitalWritejb>
100017c4:	211c      	movs	r1, #28
100017c6:	0028      	movs	r0, r5
100017c8:	f7ff fafe 	bl	10000dc8 <_ZN3spi8transferEh>
100017cc:	217f      	movs	r1, #127	@ 0x7f
100017ce:	0028      	movs	r0, r5
100017d0:	4031      	ands	r1, r6
100017d2:	f7ff faf9 	bl	10000dc8 <_ZN3spi8transferEh>
100017d6:	2513      	movs	r5, #19
100017d8:	2101      	movs	r1, #1
100017da:	7c20      	ldrb	r0, [r4, #16]
100017dc:	f7ff fab4 	bl	10000d48 <_Z12digitalWritejb>
100017e0:	2307      	movs	r3, #7
100017e2:	446d      	add	r5, sp
100017e4:	702b      	strb	r3, [r5, #0]
100017e6:	2112      	movs	r1, #18
100017e8:	2300      	movs	r3, #0
100017ea:	2201      	movs	r2, #1
100017ec:	9303      	str	r3, [sp, #12]
100017ee:	9302      	str	r3, [sp, #8]
100017f0:	0020      	movs	r0, r4
100017f2:	9501      	str	r5, [sp, #4]
100017f4:	9700      	str	r7, [sp, #0]
100017f6:	ab05      	add	r3, sp, #20
100017f8:	4469      	add	r1, sp
100017fa:	f7ff fc23 	bl	10001044 <_ZN7MFRC52223PCD_CommunicateWithPICCEhhPhhS0_S0_S0_hb.constprop.0>
100017fe:	2800      	cmp	r0, #0
10001800:	d108      	bne.n	10001814 <_ZN7MFRC52221PICC_IsNewCardPresentEv+0xf0>
10001802:	783b      	ldrb	r3, [r7, #0]
10001804:	2b02      	cmp	r3, #2
10001806:	d001      	beq.n	1000180c <_ZN7MFRC52221PICC_IsNewCardPresentEv+0xe8>
10001808:	b007      	add	sp, #28
1000180a:	bdf0      	pop	{r4, r5, r6, r7, pc}
1000180c:	7828      	ldrb	r0, [r5, #0]
1000180e:	4243      	negs	r3, r0
10001810:	4158      	adcs	r0, r3
10001812:	e7f9      	b.n	10001808 <_ZN7MFRC52221PICC_IsNewCardPresentEv+0xe4>
10001814:	3802      	subs	r0, #2
10001816:	4243      	negs	r3, r0
10001818:	4158      	adcs	r0, r3
1000181a:	b2c0      	uxtb	r0, r0
1000181c:	e7f4      	b.n	10001808 <_ZN7MFRC52221PICC_IsNewCardPresentEv+0xe4>
1000181e:	46c0      	nop			@ (mov r8, r8)
10001820:	20002410 	.word	0x20002410

10001824 <_ZN7MFRC5228PCD_InitEv>:
10001824:	b5f0      	push	{r4, r5, r6, r7, lr}
10001826:	46c6      	mov	lr, r8
10001828:	2304      	movs	r3, #4
1000182a:	0004      	movs	r4, r0
1000182c:	b500      	push	{lr}
1000182e:	4d8d      	ldr	r5, [pc, #564]	@ (10001a64 <_ZN7MFRC5228PCD_InitEv+0x240>)
10001830:	b082      	sub	sp, #8
10001832:	2202      	movs	r2, #2
10001834:	0028      	movs	r0, r5
10001836:	498c      	ldr	r1, [pc, #560]	@ (10001a68 <_ZN7MFRC5228PCD_InitEv+0x244>)
10001838:	9300      	str	r3, [sp, #0]
1000183a:	3b01      	subs	r3, #1
1000183c:	f7ff fad6 	bl	10000dec <_ZN3spi7spiInitEjjjj>
10001840:	2101      	movs	r1, #1
10001842:	7c20      	ldrb	r0, [r4, #16]
10001844:	f7ff fab0 	bl	10000da8 <_Z7pinModejb>
10001848:	7c20      	ldrb	r0, [r4, #16]
1000184a:	2101      	movs	r1, #1
1000184c:	f7ff fa7c 	bl	10000d48 <_Z12digitalWritejb>
10001850:	7c60      	ldrb	r0, [r4, #17]
10001852:	28ff      	cmp	r0, #255	@ 0xff
10001854:	d008      	beq.n	10001868 <_ZN7MFRC5228PCD_InitEv+0x44>
10001856:	2100      	movs	r1, #0
10001858:	f7ff faa6 	bl	10000da8 <_Z7pinModejb>
1000185c:	7c60      	ldrb	r0, [r4, #17]
1000185e:	f7ff fa7d 	bl	10000d5c <_Z11digitalReadj>
10001862:	2800      	cmp	r0, #0
10001864:	d100      	bne.n	10001868 <_ZN7MFRC5228PCD_InitEv+0x44>
10001866:	e0ea      	b.n	10001a3e <_ZN7MFRC5228PCD_InitEv+0x21a>
10001868:	2100      	movs	r1, #0
1000186a:	7c20      	ldrb	r0, [r4, #16]
1000186c:	f7ff fa6c 	bl	10000d48 <_Z12digitalWritejb>
10001870:	2102      	movs	r1, #2
10001872:	0028      	movs	r0, r5
10001874:	f7ff faa8 	bl	10000dc8 <_ZN3spi8transferEh>
10001878:	210f      	movs	r1, #15
1000187a:	0028      	movs	r0, r5
1000187c:	f7ff faa4 	bl	10000dc8 <_ZN3spi8transferEh>
10001880:	2101      	movs	r1, #1
10001882:	7c20      	ldrb	r0, [r4, #16]
10001884:	f7ff fa60 	bl	10000d48 <_Z12digitalWritejb>
10001888:	2310      	movs	r3, #16
1000188a:	2703      	movs	r7, #3
1000188c:	4698      	mov	r8, r3
1000188e:	2032      	movs	r0, #50	@ 0x32
10001890:	f7ff fa86 	bl	10000da0 <_Z5delaym>
10001894:	2100      	movs	r1, #0
10001896:	7c20      	ldrb	r0, [r4, #16]
10001898:	f7ff fa56 	bl	10000d48 <_Z12digitalWritejb>
1000189c:	2182      	movs	r1, #130	@ 0x82
1000189e:	0028      	movs	r0, r5
100018a0:	f7ff fa92 	bl	10000dc8 <_ZN3spi8transferEh>
100018a4:	2100      	movs	r1, #0
100018a6:	0028      	movs	r0, r5
100018a8:	f7ff fa8e 	bl	10000dc8 <_ZN3spi8transferEh>
100018ac:	2101      	movs	r1, #1
100018ae:	0006      	movs	r6, r0
100018b0:	7c20      	ldrb	r0, [r4, #16]
100018b2:	f7ff fa49 	bl	10000d48 <_Z12digitalWritejb>
100018b6:	4643      	mov	r3, r8
100018b8:	4233      	tst	r3, r6
100018ba:	d000      	beq.n	100018be <_ZN7MFRC5228PCD_InitEv+0x9a>
100018bc:	e0b9      	b.n	10001a32 <_ZN7MFRC5228PCD_InitEv+0x20e>
100018be:	2100      	movs	r1, #0
100018c0:	7c20      	ldrb	r0, [r4, #16]
100018c2:	f7ff fa41 	bl	10000d48 <_Z12digitalWritejb>
100018c6:	2124      	movs	r1, #36	@ 0x24
100018c8:	0028      	movs	r0, r5
100018ca:	f7ff fa7d 	bl	10000dc8 <_ZN3spi8transferEh>
100018ce:	2100      	movs	r1, #0
100018d0:	0028      	movs	r0, r5
100018d2:	f7ff fa79 	bl	10000dc8 <_ZN3spi8transferEh>
100018d6:	2101      	movs	r1, #1
100018d8:	7c20      	ldrb	r0, [r4, #16]
100018da:	f7ff fa35 	bl	10000d48 <_Z12digitalWritejb>
100018de:	2100      	movs	r1, #0
100018e0:	7c20      	ldrb	r0, [r4, #16]
100018e2:	f7ff fa31 	bl	10000d48 <_Z12digitalWritejb>
100018e6:	2126      	movs	r1, #38	@ 0x26
100018e8:	0028      	movs	r0, r5
100018ea:	f7ff fa6d 	bl	10000dc8 <_ZN3spi8transferEh>
100018ee:	2100      	movs	r1, #0
100018f0:	0028      	movs	r0, r5
100018f2:	f7ff fa69 	bl	10000dc8 <_ZN3spi8transferEh>
100018f6:	2101      	movs	r1, #1
100018f8:	7c20      	ldrb	r0, [r4, #16]
100018fa:	f7ff fa25 	bl	10000d48 <_Z12digitalWritejb>
100018fe:	2100      	movs	r1, #0
10001900:	7c20      	ldrb	r0, [r4, #16]
10001902:	f7ff fa21 	bl	10000d48 <_Z12digitalWritejb>
10001906:	2148      	movs	r1, #72	@ 0x48
10001908:	0028      	movs	r0, r5
1000190a:	f7ff fa5d 	bl	10000dc8 <_ZN3spi8transferEh>
1000190e:	2126      	movs	r1, #38	@ 0x26
10001910:	0028      	movs	r0, r5
10001912:	f7ff fa59 	bl	10000dc8 <_ZN3spi8transferEh>
10001916:	2101      	movs	r1, #1
10001918:	7c20      	ldrb	r0, [r4, #16]
1000191a:	f7ff fa15 	bl	10000d48 <_Z12digitalWritejb>
1000191e:	2100      	movs	r1, #0
10001920:	7c20      	ldrb	r0, [r4, #16]
10001922:	f7ff fa11 	bl	10000d48 <_Z12digitalWritejb>
10001926:	2154      	movs	r1, #84	@ 0x54
10001928:	0028      	movs	r0, r5
1000192a:	f7ff fa4d 	bl	10000dc8 <_ZN3spi8transferEh>
1000192e:	2180      	movs	r1, #128	@ 0x80
10001930:	0028      	movs	r0, r5
10001932:	f7ff fa49 	bl	10000dc8 <_ZN3spi8transferEh>
10001936:	2101      	movs	r1, #1
10001938:	7c20      	ldrb	r0, [r4, #16]
1000193a:	f7ff fa05 	bl	10000d48 <_Z12digitalWritejb>
1000193e:	2100      	movs	r1, #0
10001940:	7c20      	ldrb	r0, [r4, #16]
10001942:	f7ff fa01 	bl	10000d48 <_Z12digitalWritejb>
10001946:	2156      	movs	r1, #86	@ 0x56
10001948:	0028      	movs	r0, r5
1000194a:	f7ff fa3d 	bl	10000dc8 <_ZN3spi8transferEh>
1000194e:	21a9      	movs	r1, #169	@ 0xa9
10001950:	0028      	movs	r0, r5
10001952:	f7ff fa39 	bl	10000dc8 <_ZN3spi8transferEh>
10001956:	2101      	movs	r1, #1
10001958:	7c20      	ldrb	r0, [r4, #16]
1000195a:	f7ff f9f5 	bl	10000d48 <_Z12digitalWritejb>
1000195e:	2100      	movs	r1, #0
10001960:	7c20      	ldrb	r0, [r4, #16]
10001962:	f7ff f9f1 	bl	10000d48 <_Z12digitalWritejb>
10001966:	2158      	movs	r1, #88	@ 0x58
10001968:	0028      	movs	r0, r5
1000196a:	f7ff fa2d 	bl	10000dc8 <_ZN3spi8transferEh>
1000196e:	2103      	movs	r1, #3
10001970:	0028      	movs	r0, r5
10001972:	f7ff fa29 	bl	10000dc8 <_ZN3spi8transferEh>
10001976:	2101      	movs	r1, #1
10001978:	7c20      	ldrb	r0, [r4, #16]
1000197a:	f7ff f9e5 	bl	10000d48 <_Z12digitalWritejb>
1000197e:	2100      	movs	r1, #0
10001980:	7c20      	ldrb	r0, [r4, #16]
10001982:	f7ff f9e1 	bl	10000d48 <_Z12digitalWritejb>
10001986:	215a      	movs	r1, #90	@ 0x5a
10001988:	0028      	movs	r0, r5
1000198a:	f7ff fa1d 	bl	10000dc8 <_ZN3spi8transferEh>
1000198e:	21e8      	movs	r1, #232	@ 0xe8
10001990:	0028      	movs	r0, r5
10001992:	f7ff fa19 	bl	10000dc8 <_ZN3spi8transferEh>
10001996:	2101      	movs	r1, #1
10001998:	7c20      	ldrb	r0, [r4, #16]
1000199a:	f7ff f9d5 	bl	10000d48 <_Z12digitalWritejb>
1000199e:	2100      	movs	r1, #0
100019a0:	7c20      	ldrb	r0, [r4, #16]
100019a2:	f7ff f9d1 	bl	10000d48 <_Z12digitalWritejb>
100019a6:	212a      	movs	r1, #42	@ 0x2a
100019a8:	0028      	movs	r0, r5
100019aa:	f7ff fa0d 	bl	10000dc8 <_ZN3spi8transferEh>
100019ae:	2140      	movs	r1, #64	@ 0x40
100019b0:	0028      	movs	r0, r5
100019b2:	f7ff fa09 	bl	10000dc8 <_ZN3spi8transferEh>
100019b6:	2101      	movs	r1, #1
100019b8:	7c20      	ldrb	r0, [r4, #16]
100019ba:	f7ff f9c5 	bl	10000d48 <_Z12digitalWritejb>
100019be:	2100      	movs	r1, #0
100019c0:	7c20      	ldrb	r0, [r4, #16]
100019c2:	f7ff f9c1 	bl	10000d48 <_Z12digitalWritejb>
100019c6:	2122      	movs	r1, #34	@ 0x22
100019c8:	0028      	movs	r0, r5
100019ca:	f7ff f9fd 	bl	10000dc8 <_ZN3spi8transferEh>
100019ce:	213d      	movs	r1, #61	@ 0x3d
100019d0:	0028      	movs	r0, r5
100019d2:	f7ff f9f9 	bl	10000dc8 <_ZN3spi8transferEh>
100019d6:	2101      	movs	r1, #1
100019d8:	7c20      	ldrb	r0, [r4, #16]
100019da:	f7ff f9b5 	bl	10000d48 <_Z12digitalWritejb>
100019de:	2100      	movs	r1, #0
100019e0:	7c20      	ldrb	r0, [r4, #16]
100019e2:	f7ff f9b1 	bl	10000d48 <_Z12digitalWritejb>
100019e6:	21a8      	movs	r1, #168	@ 0xa8
100019e8:	0028      	movs	r0, r5
100019ea:	f7ff f9ed 	bl	10000dc8 <_ZN3spi8transferEh>
100019ee:	2100      	movs	r1, #0
100019f0:	0028      	movs	r0, r5
100019f2:	f7ff f9e9 	bl	10000dc8 <_ZN3spi8transferEh>
100019f6:	0006      	movs	r6, r0
100019f8:	2101      	movs	r1, #1
100019fa:	7c20      	ldrb	r0, [r4, #16]
100019fc:	f7ff f9a4 	bl	10000d48 <_Z12digitalWritejb>
10001a00:	43f3      	mvns	r3, r6
10001a02:	079b      	lsls	r3, r3, #30
10001a04:	d011      	beq.n	10001a2a <_ZN7MFRC5228PCD_InitEv+0x206>
10001a06:	2100      	movs	r1, #0
10001a08:	7c20      	ldrb	r0, [r4, #16]
10001a0a:	f7ff f99d 	bl	10000d48 <_Z12digitalWritejb>
10001a0e:	2128      	movs	r1, #40	@ 0x28
10001a10:	0028      	movs	r0, r5
10001a12:	f7ff f9d9 	bl	10000dc8 <_ZN3spi8transferEh>
10001a16:	2303      	movs	r3, #3
10001a18:	431e      	orrs	r6, r3
10001a1a:	b2f1      	uxtb	r1, r6
10001a1c:	0028      	movs	r0, r5
10001a1e:	f7ff f9d3 	bl	10000dc8 <_ZN3spi8transferEh>
10001a22:	2101      	movs	r1, #1
10001a24:	7c20      	ldrb	r0, [r4, #16]
10001a26:	f7ff f98f 	bl	10000d48 <_Z12digitalWritejb>
10001a2a:	b002      	add	sp, #8
10001a2c:	bc80      	pop	{r7}
10001a2e:	46b8      	mov	r8, r7
10001a30:	bdf0      	pop	{r4, r5, r6, r7, pc}
10001a32:	3f01      	subs	r7, #1
10001a34:	b2ff      	uxtb	r7, r7
10001a36:	2f00      	cmp	r7, #0
10001a38:	d000      	beq.n	10001a3c <_ZN7MFRC5228PCD_InitEv+0x218>
10001a3a:	e728      	b.n	1000188e <_ZN7MFRC5228PCD_InitEv+0x6a>
10001a3c:	e73f      	b.n	100018be <_ZN7MFRC5228PCD_InitEv+0x9a>
10001a3e:	7c60      	ldrb	r0, [r4, #17]
10001a40:	2101      	movs	r1, #1
10001a42:	f7ff f9b1 	bl	10000da8 <_Z7pinModejb>
10001a46:	2100      	movs	r1, #0
10001a48:	7c60      	ldrb	r0, [r4, #17]
10001a4a:	f7ff f97d 	bl	10000d48 <_Z12digitalWritejb>
10001a4e:	2002      	movs	r0, #2
10001a50:	f7ff f9a0 	bl	10000d94 <_Z17delayMicrosecondsm>
10001a54:	7c60      	ldrb	r0, [r4, #17]
10001a56:	2101      	movs	r1, #1
10001a58:	f7ff f976 	bl	10000d48 <_Z12digitalWritejb>
10001a5c:	2032      	movs	r0, #50	@ 0x32
10001a5e:	f7ff f99f 	bl	10000da0 <_Z5delaym>
10001a62:	e72c      	b.n	100018be <_ZN7MFRC5228PCD_InitEv+0x9a>
10001a64:	20002410 	.word	0x20002410
10001a68:	003d0900 	.word	0x003d0900

10001a6c <gpio_set_function>:
10001a6c:	4a09      	ldr	r2, [pc, #36]	@ (10001a94 <gpio_set_function+0x28>)
10001a6e:	0083      	lsls	r3, r0, #2
10001a70:	189a      	adds	r2, r3, r2
10001a72:	b510      	push	{r4, lr}
10001a74:	6814      	ldr	r4, [r2, #0]
10001a76:	2240      	movs	r2, #64	@ 0x40
10001a78:	4054      	eors	r4, r2
10001a7a:	3280      	adds	r2, #128	@ 0x80
10001a7c:	4022      	ands	r2, r4
10001a7e:	4c06      	ldr	r4, [pc, #24]	@ (10001a98 <gpio_set_function+0x2c>)
10001a80:	00c0      	lsls	r0, r0, #3
10001a82:	46a4      	mov	ip, r4
10001a84:	4463      	add	r3, ip
10001a86:	601a      	str	r2, [r3, #0]
10001a88:	4b04      	ldr	r3, [pc, #16]	@ (10001a9c <gpio_set_function+0x30>)
10001a8a:	469c      	mov	ip, r3
10001a8c:	4460      	add	r0, ip
10001a8e:	6041      	str	r1, [r0, #4]
10001a90:	bd10      	pop	{r4, pc}
10001a92:	46c0      	nop			@ (mov r8, r8)
10001a94:	4001c004 	.word	0x4001c004
10001a98:	4001d004 	.word	0x4001d004
10001a9c:	40014000 	.word	0x40014000

10001aa0 <gpio_init>:
10001aa0:	2301      	movs	r3, #1
10001aa2:	22d0      	movs	r2, #208	@ 0xd0
10001aa4:	4083      	lsls	r3, r0
10001aa6:	0612      	lsls	r2, r2, #24
10001aa8:	6293      	str	r3, [r2, #40]	@ 0x28
10001aaa:	6193      	str	r3, [r2, #24]
10001aac:	4a09      	ldr	r2, [pc, #36]	@ (10001ad4 <gpio_init+0x34>)
10001aae:	0083      	lsls	r3, r0, #2
10001ab0:	189a      	adds	r2, r3, r2
10001ab2:	6811      	ldr	r1, [r2, #0]
10001ab4:	2240      	movs	r2, #64	@ 0x40
10001ab6:	4051      	eors	r1, r2
10001ab8:	3280      	adds	r2, #128	@ 0x80
10001aba:	400a      	ands	r2, r1
10001abc:	4906      	ldr	r1, [pc, #24]	@ (10001ad8 <gpio_init+0x38>)
10001abe:	00c0      	lsls	r0, r0, #3
10001ac0:	468c      	mov	ip, r1
10001ac2:	4463      	add	r3, ip
10001ac4:	601a      	str	r2, [r3, #0]
10001ac6:	4b05      	ldr	r3, [pc, #20]	@ (10001adc <gpio_init+0x3c>)
10001ac8:	469c      	mov	ip, r3
10001aca:	2305      	movs	r3, #5
10001acc:	4460      	add	r0, ip
10001ace:	6043      	str	r3, [r0, #4]
10001ad0:	4770      	bx	lr
10001ad2:	46c0      	nop			@ (mov r8, r8)
10001ad4:	4001c004 	.word	0x4001c004
10001ad8:	4001d004 	.word	0x4001d004
10001adc:	40014000 	.word	0x40014000

10001ae0 <panic>:
10001ae0:	b40f      	push	{r0, r1, r2, r3}
10001ae2:	b500      	push	{lr}
10001ae4:	4808      	ldr	r0, [pc, #32]	@ (10001b08 <panic+0x28>)
10001ae6:	b083      	sub	sp, #12
10001ae8:	f003 fd3e 	bl	10005568 <__wrap_puts>
10001aec:	9b04      	ldr	r3, [sp, #16]
10001aee:	2b00      	cmp	r3, #0
10001af0:	d007      	beq.n	10001b02 <panic+0x22>
10001af2:	a905      	add	r1, sp, #20
10001af4:	0018      	movs	r0, r3
10001af6:	9101      	str	r1, [sp, #4]
10001af8:	f003 fbba 	bl	10005270 <weak_raw_vprintf>
10001afc:	4803      	ldr	r0, [pc, #12]	@ (10001b0c <panic+0x2c>)
10001afe:	f003 fd33 	bl	10005568 <__wrap_puts>
10001b02:	2001      	movs	r0, #1
10001b04:	f003 fbcc 	bl	100052a0 <_exit>
10001b08:	100089bc 	.word	0x100089bc
10001b0c:	100089cc 	.word	0x100089cc

10001b10 <hw_claim_or_assert>:
10001b10:	b570      	push	{r4, r5, r6, lr}
10001b12:	f3ef 8c10 	mrs	ip, PRIMASK
10001b16:	b672      	cpsid	i
10001b18:	4d0d      	ldr	r5, [pc, #52]	@ (10001b50 <hw_claim_or_assert+0x40>)
10001b1a:	682b      	ldr	r3, [r5, #0]
10001b1c:	2b00      	cmp	r3, #0
10001b1e:	d0fc      	beq.n	10001b1a <hw_claim_or_assert+0xa>
10001b20:	f3bf 8f5f 	dmb	sy
10001b24:	2407      	movs	r4, #7
10001b26:	08cb      	lsrs	r3, r1, #3
10001b28:	18c6      	adds	r6, r0, r3
10001b2a:	5cc0      	ldrb	r0, [r0, r3]
10001b2c:	2301      	movs	r3, #1
10001b2e:	400c      	ands	r4, r1
10001b30:	40a3      	lsls	r3, r4
10001b32:	001c      	movs	r4, r3
10001b34:	4004      	ands	r4, r0
10001b36:	4203      	tst	r3, r0
10001b38:	d107      	bne.n	10001b4a <hw_claim_or_assert+0x3a>
10001b3a:	4318      	orrs	r0, r3
10001b3c:	7030      	strb	r0, [r6, #0]
10001b3e:	f3bf 8f5f 	dmb	sy
10001b42:	602c      	str	r4, [r5, #0]
10001b44:	f38c 8810 	msr	PRIMASK, ip
10001b48:	bd70      	pop	{r4, r5, r6, pc}
10001b4a:	0010      	movs	r0, r2
10001b4c:	f7ff ffc8 	bl	10001ae0 <panic>
10001b50:	d000012c 	.word	0xd000012c

10001b54 <next_striped_spin_lock_num>:
10001b54:	4a04      	ldr	r2, [pc, #16]	@ (10001b68 <next_striped_spin_lock_num+0x14>)
10001b56:	7810      	ldrb	r0, [r2, #0]
10001b58:	1c43      	adds	r3, r0, #1
10001b5a:	b2db      	uxtb	r3, r3
10001b5c:	2b17      	cmp	r3, #23
10001b5e:	d900      	bls.n	10001b62 <next_striped_spin_lock_num+0xe>
10001b60:	2310      	movs	r3, #16
10001b62:	7013      	strb	r3, [r2, #0]
10001b64:	4770      	bx	lr
10001b66:	46c0      	nop			@ (mov r8, r8)
10001b68:	200013b8 	.word	0x200013b8

10001b6c <spin_locks_reset>:
10001b6c:	2100      	movs	r1, #0
10001b6e:	4b04      	ldr	r3, [pc, #16]	@ (10001b80 <spin_locks_reset+0x14>)
10001b70:	4a04      	ldr	r2, [pc, #16]	@ (10001b84 <spin_locks_reset+0x18>)
10001b72:	f3bf 8f5f 	dmb	sy
10001b76:	c302      	stmia	r3!, {r1}
10001b78:	4293      	cmp	r3, r2
10001b7a:	d1fa      	bne.n	10001b72 <spin_locks_reset+0x6>
10001b7c:	4770      	bx	lr
10001b7e:	46c0      	nop			@ (mov r8, r8)
10001b80:	d0000100 	.word	0xd0000100
10001b84:	d0000180 	.word	0xd0000180

10001b88 <runtime_init_per_core_irq_priorities>:
10001b88:	4b05      	ldr	r3, [pc, #20]	@ (10001ba0 <runtime_init_per_core_irq_priorities+0x18>)
10001b8a:	4a06      	ldr	r2, [pc, #24]	@ (10001ba4 <runtime_init_per_core_irq_priorities+0x1c>)
10001b8c:	6013      	str	r3, [r2, #0]
10001b8e:	4a06      	ldr	r2, [pc, #24]	@ (10001ba8 <runtime_init_per_core_irq_priorities+0x20>)
10001b90:	6013      	str	r3, [r2, #0]
10001b92:	6053      	str	r3, [r2, #4]
10001b94:	6093      	str	r3, [r2, #8]
10001b96:	60d3      	str	r3, [r2, #12]
10001b98:	6113      	str	r3, [r2, #16]
10001b9a:	6153      	str	r3, [r2, #20]
10001b9c:	6193      	str	r3, [r2, #24]
10001b9e:	4770      	bx	lr
10001ba0:	80808080 	.word	0x80808080
10001ba4:	e000e400 	.word	0xe000e400
10001ba8:	e000e404 	.word	0xe000e404

10001bac <irq_set_enabled>:
10001bac:	231f      	movs	r3, #31
10001bae:	4018      	ands	r0, r3
10001bb0:	3b1e      	subs	r3, #30
10001bb2:	4083      	lsls	r3, r0
10001bb4:	2900      	cmp	r1, #0
10001bb6:	d005      	beq.n	10001bc4 <irq_set_enabled+0x18>
10001bb8:	21c0      	movs	r1, #192	@ 0xc0
10001bba:	4a04      	ldr	r2, [pc, #16]	@ (10001bcc <irq_set_enabled+0x20>)
10001bbc:	0049      	lsls	r1, r1, #1
10001bbe:	5053      	str	r3, [r2, r1]
10001bc0:	6013      	str	r3, [r2, #0]
10001bc2:	4770      	bx	lr
10001bc4:	2280      	movs	r2, #128	@ 0x80
10001bc6:	4901      	ldr	r1, [pc, #4]	@ (10001bcc <irq_set_enabled+0x20>)
10001bc8:	508b      	str	r3, [r1, r2]
10001bca:	e7fa      	b.n	10001bc2 <irq_set_enabled+0x16>
10001bcc:	e000e100 	.word	0xe000e100

10001bd0 <irq_set_exclusive_handler>:
10001bd0:	b570      	push	{r4, r5, r6, lr}
10001bd2:	000d      	movs	r5, r1
10001bd4:	f3ef 8610 	mrs	r6, PRIMASK
10001bd8:	b672      	cpsid	i
10001bda:	4a0f      	ldr	r2, [pc, #60]	@ (10001c18 <irq_set_exclusive_handler+0x48>)
10001bdc:	6813      	ldr	r3, [r2, #0]
10001bde:	2b00      	cmp	r3, #0
10001be0:	d0fc      	beq.n	10001bdc <irq_set_exclusive_handler+0xc>
10001be2:	f3bf 8f5f 	dmb	sy
10001be6:	4b0d      	ldr	r3, [pc, #52]	@ (10001c1c <irq_set_exclusive_handler+0x4c>)
10001be8:	3010      	adds	r0, #16
10001bea:	689b      	ldr	r3, [r3, #8]
10001bec:	0084      	lsls	r4, r0, #2
10001bee:	591b      	ldr	r3, [r3, r4]
10001bf0:	4a0b      	ldr	r2, [pc, #44]	@ (10001c20 <irq_set_exclusive_handler+0x50>)
10001bf2:	4293      	cmp	r3, r2
10001bf4:	d003      	beq.n	10001bfe <irq_set_exclusive_handler+0x2e>
10001bf6:	429d      	cmp	r5, r3
10001bf8:	d001      	beq.n	10001bfe <irq_set_exclusive_handler+0x2e>
10001bfa:	f000 fe99 	bl	10002930 <hard_assertion_failure>
10001bfe:	4b07      	ldr	r3, [pc, #28]	@ (10001c1c <irq_set_exclusive_handler+0x4c>)
10001c00:	689b      	ldr	r3, [r3, #8]
10001c02:	511d      	str	r5, [r3, r4]
10001c04:	f3bf 8f5f 	dmb	sy
10001c08:	f3bf 8f5f 	dmb	sy
10001c0c:	2200      	movs	r2, #0
10001c0e:	4b02      	ldr	r3, [pc, #8]	@ (10001c18 <irq_set_exclusive_handler+0x48>)
10001c10:	601a      	str	r2, [r3, #0]
10001c12:	f386 8810 	msr	PRIMASK, r6
10001c16:	bd70      	pop	{r4, r5, r6, pc}
10001c18:	d0000124 	.word	0xd0000124
10001c1c:	e000ed00 	.word	0xe000ed00
10001c20:	100001c1 	.word	0x100001c1

10001c24 <lock_init>:
10001c24:	4b02      	ldr	r3, [pc, #8]	@ (10001c30 <lock_init+0xc>)
10001c26:	469c      	mov	ip, r3
10001c28:	4461      	add	r1, ip
10001c2a:	0089      	lsls	r1, r1, #2
10001c2c:	6001      	str	r1, [r0, #0]
10001c2e:	4770      	bx	lr
10001c30:	34000040 	.word	0x34000040

10001c34 <runtime_init_mutex>:
10001c34:	b570      	push	{r4, r5, r6, lr}
10001c36:	4c11      	ldr	r4, [pc, #68]	@ (10001c7c <runtime_init_mutex+0x48>)
10001c38:	4d11      	ldr	r5, [pc, #68]	@ (10001c80 <runtime_init_mutex+0x4c>)
10001c3a:	42ac      	cmp	r4, r5
10001c3c:	d20f      	bcs.n	10001c5e <runtime_init_mutex+0x2a>
10001c3e:	26ff      	movs	r6, #255	@ 0xff
10001c40:	6823      	ldr	r3, [r4, #0]
10001c42:	2b00      	cmp	r3, #0
10001c44:	d00c      	beq.n	10001c60 <runtime_init_mutex+0x2c>
10001c46:	f7ff ff85 	bl	10001b54 <next_striped_spin_lock_num>
10001c4a:	0001      	movs	r1, r0
10001c4c:	0020      	movs	r0, r4
10001c4e:	f7ff ffe9 	bl	10001c24 <lock_init>
10001c52:	80a6      	strh	r6, [r4, #4]
10001c54:	f3bf 8f5f 	dmb	sy
10001c58:	3408      	adds	r4, #8
10001c5a:	42ac      	cmp	r4, r5
10001c5c:	d3f0      	bcc.n	10001c40 <runtime_init_mutex+0xc>
10001c5e:	bd70      	pop	{r4, r5, r6, pc}
10001c60:	f7ff ff78 	bl	10001b54 <next_striped_spin_lock_num>
10001c64:	0001      	movs	r1, r0
10001c66:	0020      	movs	r0, r4
10001c68:	f7ff ffdc 	bl	10001c24 <lock_init>
10001c6c:	7126      	strb	r6, [r4, #4]
10001c6e:	f3bf 8f5f 	dmb	sy
10001c72:	3408      	adds	r4, #8
10001c74:	42ac      	cmp	r4, r5
10001c76:	d3e3      	bcc.n	10001c40 <runtime_init_mutex+0xc>
10001c78:	e7f1      	b.n	10001c5e <runtime_init_mutex+0x2a>
10001c7a:	46c0      	nop			@ (mov r8, r8)
10001c7c:	20001974 	.word	0x20001974
10001c80:	2000197c 	.word	0x2000197c

10001c84 <sleep_until_callback>:
10001c84:	4b0a      	ldr	r3, [pc, #40]	@ (10001cb0 <sleep_until_callback+0x2c>)
10001c86:	6819      	ldr	r1, [r3, #0]
10001c88:	f3ef 8010 	mrs	r0, PRIMASK
10001c8c:	b672      	cpsid	i
10001c8e:	680a      	ldr	r2, [r1, #0]
10001c90:	2a00      	cmp	r2, #0
10001c92:	d0fc      	beq.n	10001c8e <sleep_until_callback+0xa>
10001c94:	f3bf 8f5f 	dmb	sy
10001c98:	681b      	ldr	r3, [r3, #0]
10001c9a:	f3bf 8f5f 	dmb	sy
10001c9e:	2200      	movs	r2, #0
10001ca0:	601a      	str	r2, [r3, #0]
10001ca2:	f380 8810 	msr	PRIMASK, r0
10001ca6:	bf40      	sev
10001ca8:	2000      	movs	r0, #0
10001caa:	2100      	movs	r1, #0
10001cac:	4770      	bx	lr
10001cae:	46c0      	nop			@ (mov r8, r8)
10001cb0:	20002590 	.word	0x20002590

10001cb4 <alarm_pool_irq_handler>:
10001cb4:	b5f0      	push	{r4, r5, r6, r7, lr}
10001cb6:	46de      	mov	lr, fp
10001cb8:	4657      	mov	r7, sl
10001cba:	464e      	mov	r6, r9
10001cbc:	4645      	mov	r5, r8
10001cbe:	b5e0      	push	{r5, r6, r7, lr}
10001cc0:	b087      	sub	sp, #28
10001cc2:	f3ef 8305 	mrs	r3, IPSR
10001cc6:	2203      	movs	r2, #3
10001cc8:	2501      	movs	r5, #1
10001cca:	401a      	ands	r2, r3
10001ccc:	4095      	lsls	r5, r2
10001cce:	0091      	lsls	r1, r2, #2
10001cd0:	4688      	mov	r8, r1
10001cd2:	46a9      	mov	r9, r5
10001cd4:	4bb3      	ldr	r3, [pc, #716]	@ (10001fa4 <alarm_pool_irq_handler+0x2f0>)
10001cd6:	9203      	str	r2, [sp, #12]
10001cd8:	585c      	ldr	r4, [r3, r1]
10001cda:	4bb3      	ldr	r3, [pc, #716]	@ (10001fa8 <alarm_pool_irq_handler+0x2f4>)
10001cdc:	601d      	str	r5, [r3, #0]
10001cde:	4bb3      	ldr	r3, [pc, #716]	@ (10001fac <alarm_pool_irq_handler+0x2f8>)
10001ce0:	9304      	str	r3, [sp, #16]
10001ce2:	464b      	mov	r3, r9
10001ce4:	48b2      	ldr	r0, [pc, #712]	@ (10001fb0 <alarm_pool_irq_handler+0x2fc>)
10001ce6:	6343      	str	r3, [r0, #52]	@ 0x34
10001ce8:	2308      	movs	r3, #8
10001cea:	5ee5      	ldrsh	r5, [r4, r3]
10001cec:	2d00      	cmp	r5, #0
10001cee:	da37      	bge.n	10001d60 <alarm_pool_irq_handler+0xac>
10001cf0:	88a3      	ldrh	r3, [r4, #4]
10001cf2:	b21b      	sxth	r3, r3
10001cf4:	2b00      	cmp	r3, #0
10001cf6:	db00      	blt.n	10001cfa <alarm_pool_irq_handler+0x46>
10001cf8:	e0ad      	b.n	10001e56 <alarm_pool_irq_handler+0x1a2>
10001cfa:	79a3      	ldrb	r3, [r4, #6]
10001cfc:	2b00      	cmp	r3, #0
10001cfe:	d000      	beq.n	10001d02 <alarm_pool_irq_handler+0x4e>
10001d00:	e0ee      	b.n	10001ee0 <alarm_pool_irq_handler+0x22c>
10001d02:	2308      	movs	r3, #8
10001d04:	5ee0      	ldrsh	r0, [r4, r3]
10001d06:	2800      	cmp	r0, #0
10001d08:	db20      	blt.n	10001d4c <alarm_pool_irq_handler+0x98>
10001d0a:	0043      	lsls	r3, r0, #1
10001d0c:	6962      	ldr	r2, [r4, #20]
10001d0e:	181b      	adds	r3, r3, r0
10001d10:	00db      	lsls	r3, r3, #3
10001d12:	18d3      	adds	r3, r2, r3
10001d14:	689e      	ldr	r6, [r3, #8]
10001d16:	68dd      	ldr	r5, [r3, #12]
10001d18:	1c73      	adds	r3, r6, #1
10001d1a:	d100      	bne.n	10001d1e <alarm_pool_irq_handler+0x6a>
10001d1c:	e111      	b.n	10001f42 <alarm_pool_irq_handler+0x28e>
10001d1e:	48a4      	ldr	r0, [pc, #656]	@ (10001fb0 <alarm_pool_irq_handler+0x2fc>)
10001d20:	0001      	movs	r1, r0
10001d22:	4441      	add	r1, r8
10001d24:	6a82      	ldr	r2, [r0, #40]	@ 0x28
10001d26:	690b      	ldr	r3, [r1, #16]
10001d28:	1ab7      	subs	r7, r6, r2
10001d2a:	1a9b      	subs	r3, r3, r2
10001d2c:	429f      	cmp	r7, r3
10001d2e:	d315      	bcc.n	10001d5c <alarm_pool_irq_handler+0xa8>
10001d30:	2301      	movs	r3, #1
10001d32:	6a02      	ldr	r2, [r0, #32]
10001d34:	9803      	ldr	r0, [sp, #12]
10001d36:	4083      	lsls	r3, r0
10001d38:	421a      	tst	r2, r3
10001d3a:	d00f      	beq.n	10001d5c <alarm_pool_irq_handler+0xa8>
10001d3c:	489c      	ldr	r0, [pc, #624]	@ (10001fb0 <alarm_pool_irq_handler+0x2fc>)
10001d3e:	f000 fbbd 	bl	100024bc <timer_time_us_64>
10001d42:	428d      	cmp	r5, r1
10001d44:	dc02      	bgt.n	10001d4c <alarm_pool_irq_handler+0x98>
10001d46:	d1cc      	bne.n	10001ce2 <alarm_pool_irq_handler+0x2e>
10001d48:	4286      	cmp	r6, r0
10001d4a:	d9ca      	bls.n	10001ce2 <alarm_pool_irq_handler+0x2e>
10001d4c:	bf40      	sev
10001d4e:	b007      	add	sp, #28
10001d50:	bcf0      	pop	{r4, r5, r6, r7}
10001d52:	46bb      	mov	fp, r7
10001d54:	46b2      	mov	sl, r6
10001d56:	46a9      	mov	r9, r5
10001d58:	46a0      	mov	r8, r4
10001d5a:	bdf0      	pop	{r4, r5, r6, r7, pc}
10001d5c:	610e      	str	r6, [r1, #16]
10001d5e:	e7ed      	b.n	10001d3c <alarm_pool_irq_handler+0x88>
10001d60:	6962      	ldr	r2, [r4, #20]
10001d62:	006b      	lsls	r3, r5, #1
10001d64:	4692      	mov	sl, r2
10001d66:	195b      	adds	r3, r3, r5
10001d68:	00db      	lsls	r3, r3, #3
10001d6a:	449a      	add	sl, r3
10001d6c:	4653      	mov	r3, sl
10001d6e:	689e      	ldr	r6, [r3, #8]
10001d70:	68df      	ldr	r7, [r3, #12]
10001d72:	f000 fba3 	bl	100024bc <timer_time_us_64>
10001d76:	428f      	cmp	r7, r1
10001d78:	dcba      	bgt.n	10001cf0 <alarm_pool_irq_handler+0x3c>
10001d7a:	d100      	bne.n	10001d7e <alarm_pool_irq_handler+0xca>
10001d7c:	e103      	b.n	10001f86 <alarm_pool_irq_handler+0x2d2>
10001d7e:	2f00      	cmp	r7, #0
10001d80:	da00      	bge.n	10001d84 <alarm_pool_irq_handler+0xd0>
10001d82:	e0e8      	b.n	10001f56 <alarm_pool_irq_handler+0x2a2>
10001d84:	4652      	mov	r2, sl
10001d86:	4653      	mov	r3, sl
10001d88:	6952      	ldr	r2, [r2, #20]
10001d8a:	691b      	ldr	r3, [r3, #16]
10001d8c:	4693      	mov	fp, r2
10001d8e:	9a04      	ldr	r2, [sp, #16]
10001d90:	4293      	cmp	r3, r2
10001d92:	d100      	bne.n	10001d96 <alarm_pool_irq_handler+0xe2>
10001d94:	e0d9      	b.n	10001f4a <alarm_pool_irq_handler+0x296>
10001d96:	4652      	mov	r2, sl
10001d98:	2108      	movs	r1, #8
10001d9a:	5e60      	ldrsh	r0, [r4, r1]
10001d9c:	8852      	ldrh	r2, [r2, #2]
10001d9e:	0400      	lsls	r0, r0, #16
10001da0:	4659      	mov	r1, fp
10001da2:	4310      	orrs	r0, r2
10001da4:	4798      	blx	r3
10001da6:	9000      	str	r0, [sp, #0]
10001da8:	9101      	str	r1, [sp, #4]
10001daa:	9900      	ldr	r1, [sp, #0]
10001dac:	9a01      	ldr	r2, [sp, #4]
10001dae:	000b      	movs	r3, r1
10001db0:	0010      	movs	r0, r2
10001db2:	4313      	orrs	r3, r2
10001db4:	d100      	bne.n	10001db8 <alarm_pool_irq_handler+0x104>
10001db6:	e0ce      	b.n	10001f56 <alarm_pool_irq_handler+0x2a2>
10001db8:	0013      	movs	r3, r2
10001dba:	000a      	movs	r2, r1
10001dbc:	1ab6      	subs	r6, r6, r2
10001dbe:	419f      	sbcs	r7, r3
10001dc0:	2800      	cmp	r0, #0
10001dc2:	db06      	blt.n	10001dd2 <alarm_pool_irq_handler+0x11e>
10001dc4:	487a      	ldr	r0, [pc, #488]	@ (10001fb0 <alarm_pool_irq_handler+0x2fc>)
10001dc6:	f000 fb79 	bl	100024bc <timer_time_us_64>
10001dca:	9e00      	ldr	r6, [sp, #0]
10001dcc:	9f01      	ldr	r7, [sp, #4]
10001dce:	1836      	adds	r6, r6, r0
10001dd0:	414f      	adcs	r7, r1
10001dd2:	4653      	mov	r3, sl
10001dd4:	609e      	str	r6, [r3, #8]
10001dd6:	60df      	str	r7, [r3, #12]
10001dd8:	2200      	movs	r2, #0
10001dda:	5e9a      	ldrsh	r2, [r3, r2]
10001ddc:	2a00      	cmp	r2, #0
10001dde:	da00      	bge.n	10001de2 <alarm_pool_irq_handler+0x12e>
10001de0:	e786      	b.n	10001cf0 <alarm_pool_irq_handler+0x3c>
10001de2:	0053      	lsls	r3, r2, #1
10001de4:	1899      	adds	r1, r3, r2
10001de6:	6960      	ldr	r0, [r4, #20]
10001de8:	00c9      	lsls	r1, r1, #3
10001dea:	1841      	adds	r1, r0, r1
10001dec:	9302      	str	r3, [sp, #8]
10001dee:	688b      	ldr	r3, [r1, #8]
10001df0:	68c9      	ldr	r1, [r1, #12]
10001df2:	469b      	mov	fp, r3
10001df4:	42b9      	cmp	r1, r7
10001df6:	dd00      	ble.n	10001dfa <alarm_pool_irq_handler+0x146>
10001df8:	e77a      	b.n	10001cf0 <alarm_pool_irq_handler+0x3c>
10001dfa:	d102      	bne.n	10001e02 <alarm_pool_irq_handler+0x14e>
10001dfc:	42b3      	cmp	r3, r6
10001dfe:	d900      	bls.n	10001e02 <alarm_pool_irq_handler+0x14e>
10001e00:	e776      	b.n	10001cf0 <alarm_pool_irq_handler+0x3c>
10001e02:	2308      	movs	r3, #8
10001e04:	469c      	mov	ip, r3
10001e06:	44a4      	add	ip, r4
10001e08:	9505      	str	r5, [sp, #20]
10001e0a:	4665      	mov	r5, ip
10001e0c:	8122      	strh	r2, [r4, #8]
10001e0e:	46a4      	mov	ip, r4
10001e10:	9b02      	ldr	r3, [sp, #8]
10001e12:	002c      	movs	r4, r5
10001e14:	e006      	b.n	10001e24 <alarm_pool_irq_handler+0x170>
10001e16:	0053      	lsls	r3, r2, #1
10001e18:	1899      	adds	r1, r3, r2
10001e1a:	00c9      	lsls	r1, r1, #3
10001e1c:	1841      	adds	r1, r0, r1
10001e1e:	688d      	ldr	r5, [r1, #8]
10001e20:	68c9      	ldr	r1, [r1, #12]
10001e22:	46ab      	mov	fp, r5
10001e24:	189b      	adds	r3, r3, r2
10001e26:	00db      	lsls	r3, r3, #3
10001e28:	18c3      	adds	r3, r0, r3
10001e2a:	42b9      	cmp	r1, r7
10001e2c:	dc06      	bgt.n	10001e3c <alarm_pool_irq_handler+0x188>
10001e2e:	d100      	bne.n	10001e32 <alarm_pool_irq_handler+0x17e>
10001e30:	e0b3      	b.n	10001f9a <alarm_pool_irq_handler+0x2e6>
10001e32:	001c      	movs	r4, r3
10001e34:	2300      	movs	r3, #0
10001e36:	5ee2      	ldrsh	r2, [r4, r3]
10001e38:	2a00      	cmp	r2, #0
10001e3a:	daec      	bge.n	10001e16 <alarm_pool_irq_handler+0x162>
10001e3c:	0023      	movs	r3, r4
10001e3e:	4664      	mov	r4, ip
10001e40:	469c      	mov	ip, r3
10001e42:	4653      	mov	r3, sl
10001e44:	801a      	strh	r2, [r3, #0]
10001e46:	4663      	mov	r3, ip
10001e48:	9d05      	ldr	r5, [sp, #20]
10001e4a:	801d      	strh	r5, [r3, #0]
10001e4c:	88a3      	ldrh	r3, [r4, #4]
10001e4e:	b21b      	sxth	r3, r3
10001e50:	2b00      	cmp	r3, #0
10001e52:	da00      	bge.n	10001e56 <alarm_pool_irq_handler+0x1a2>
10001e54:	e751      	b.n	10001cfa <alarm_pool_irq_handler+0x46>
10001e56:	6922      	ldr	r2, [r4, #16]
10001e58:	f3ef 8110 	mrs	r1, PRIMASK
10001e5c:	b672      	cpsid	i
10001e5e:	6813      	ldr	r3, [r2, #0]
10001e60:	2b00      	cmp	r3, #0
10001e62:	d0fc      	beq.n	10001e5e <alarm_pool_irq_handler+0x1aa>
10001e64:	f3bf 8f5f 	dmb	sy
10001e68:	2301      	movs	r3, #1
10001e6a:	88a7      	ldrh	r7, [r4, #4]
10001e6c:	425b      	negs	r3, r3
10001e6e:	80a3      	strh	r3, [r4, #4]
10001e70:	b23f      	sxth	r7, r7
10001e72:	6923      	ldr	r3, [r4, #16]
10001e74:	f3bf 8f5f 	dmb	sy
10001e78:	2200      	movs	r2, #0
10001e7a:	601a      	str	r2, [r3, #0]
10001e7c:	f381 8810 	msr	PRIMASK, r1
10001e80:	2f00      	cmp	r7, #0
10001e82:	da00      	bge.n	10001e86 <alarm_pool_irq_handler+0x1d2>
10001e84:	e739      	b.n	10001cfa <alarm_pool_irq_handler+0x46>
10001e86:	0023      	movs	r3, r4
10001e88:	3308      	adds	r3, #8
10001e8a:	0022      	movs	r2, r4
10001e8c:	469a      	mov	sl, r3
10001e8e:	6966      	ldr	r6, [r4, #20]
10001e90:	007b      	lsls	r3, r7, #1
10001e92:	19db      	adds	r3, r3, r7
10001e94:	00db      	lsls	r3, r3, #3
10001e96:	18f3      	adds	r3, r6, r3
10001e98:	6899      	ldr	r1, [r3, #8]
10001e9a:	4650      	mov	r0, sl
10001e9c:	468c      	mov	ip, r1
10001e9e:	2408      	movs	r4, #8
10001ea0:	5f11      	ldrsh	r1, [r2, r4]
10001ea2:	68dd      	ldr	r5, [r3, #12]
10001ea4:	2900      	cmp	r1, #0
10001ea6:	db10      	blt.n	10001eca <alarm_pool_irq_handler+0x216>
10001ea8:	9302      	str	r3, [sp, #8]
10001eaa:	e006      	b.n	10001eba <alarm_pool_irq_handler+0x206>
10001eac:	42ab      	cmp	r3, r5
10001eae:	d044      	beq.n	10001f3a <alarm_pool_irq_handler+0x286>
10001eb0:	2300      	movs	r3, #0
10001eb2:	5ee1      	ldrsh	r1, [r4, r3]
10001eb4:	0020      	movs	r0, r4
10001eb6:	2900      	cmp	r1, #0
10001eb8:	db06      	blt.n	10001ec8 <alarm_pool_irq_handler+0x214>
10001eba:	004c      	lsls	r4, r1, #1
10001ebc:	1864      	adds	r4, r4, r1
10001ebe:	00e4      	lsls	r4, r4, #3
10001ec0:	1934      	adds	r4, r6, r4
10001ec2:	68e3      	ldr	r3, [r4, #12]
10001ec4:	42ab      	cmp	r3, r5
10001ec6:	ddf1      	ble.n	10001eac <alarm_pool_irq_handler+0x1f8>
10001ec8:	9b02      	ldr	r3, [sp, #8]
10001eca:	8007      	strh	r7, [r0, #0]
10001ecc:	2000      	movs	r0, #0
10001ece:	5e1f      	ldrsh	r7, [r3, r0]
10001ed0:	8019      	strh	r1, [r3, #0]
10001ed2:	2f00      	cmp	r7, #0
10001ed4:	dadc      	bge.n	10001e90 <alarm_pool_irq_handler+0x1dc>
10001ed6:	0014      	movs	r4, r2
10001ed8:	79a3      	ldrb	r3, [r4, #6]
10001eda:	2b00      	cmp	r3, #0
10001edc:	d100      	bne.n	10001ee0 <alarm_pool_irq_handler+0x22c>
10001ede:	e710      	b.n	10001d02 <alarm_pool_irq_handler+0x4e>
10001ee0:	2300      	movs	r3, #0
10001ee2:	71a3      	strb	r3, [r4, #6]
10001ee4:	0026      	movs	r6, r4
10001ee6:	2308      	movs	r3, #8
10001ee8:	5ee1      	ldrsh	r1, [r4, r3]
10001eea:	3608      	adds	r6, #8
10001eec:	1c4b      	adds	r3, r1, #1
10001eee:	d100      	bne.n	10001ef2 <alarm_pool_irq_handler+0x23e>
10001ef0:	e72c      	b.n	10001d4c <alarm_pool_irq_handler+0x98>
10001ef2:	0008      	movs	r0, r1
10001ef4:	46a2      	mov	sl, r4
10001ef6:	6965      	ldr	r5, [r4, #20]
10001ef8:	e002      	b.n	10001f00 <alarm_pool_irq_handler+0x24c>
10001efa:	003e      	movs	r6, r7
10001efc:	1c4b      	adds	r3, r1, #1
10001efe:	d01a      	beq.n	10001f36 <alarm_pool_irq_handler+0x282>
10001f00:	004b      	lsls	r3, r1, #1
10001f02:	185b      	adds	r3, r3, r1
10001f04:	00db      	lsls	r3, r3, #3
10001f06:	18ef      	adds	r7, r5, r3
10001f08:	000a      	movs	r2, r1
10001f0a:	468c      	mov	ip, r1
10001f0c:	5ee9      	ldrsh	r1, [r5, r3]
10001f0e:	887b      	ldrh	r3, [r7, #2]
10001f10:	b21b      	sxth	r3, r3
10001f12:	2b00      	cmp	r3, #0
10001f14:	daf1      	bge.n	10001efa <alarm_pool_irq_handler+0x246>
10001f16:	2301      	movs	r3, #1
10001f18:	425b      	negs	r3, r3
10001f1a:	17dc      	asrs	r4, r3, #31
10001f1c:	60bb      	str	r3, [r7, #8]
10001f1e:	60fc      	str	r4, [r7, #12]
10001f20:	4282      	cmp	r2, r0
10001f22:	d005      	beq.n	10001f30 <alarm_pool_irq_handler+0x27c>
10001f24:	4653      	mov	r3, sl
10001f26:	8031      	strh	r1, [r6, #0]
10001f28:	891b      	ldrh	r3, [r3, #8]
10001f2a:	803b      	strh	r3, [r7, #0]
10001f2c:	4653      	mov	r3, sl
10001f2e:	811a      	strh	r2, [r3, #8]
10001f30:	4660      	mov	r0, ip
10001f32:	1c4b      	adds	r3, r1, #1
10001f34:	d1e4      	bne.n	10001f00 <alarm_pool_irq_handler+0x24c>
10001f36:	4654      	mov	r4, sl
10001f38:	e6e5      	b.n	10001d06 <alarm_pool_irq_handler+0x52>
10001f3a:	68a3      	ldr	r3, [r4, #8]
10001f3c:	4563      	cmp	r3, ip
10001f3e:	d9b7      	bls.n	10001eb0 <alarm_pool_irq_handler+0x1fc>
10001f40:	e7c2      	b.n	10001ec8 <alarm_pool_irq_handler+0x214>
10001f42:	1c6b      	adds	r3, r5, #1
10001f44:	d000      	beq.n	10001f48 <alarm_pool_irq_handler+0x294>
10001f46:	e6ea      	b.n	10001d1e <alarm_pool_irq_handler+0x6a>
10001f48:	e6f8      	b.n	10001d3c <alarm_pool_irq_handler+0x88>
10001f4a:	465b      	mov	r3, fp
10001f4c:	4658      	mov	r0, fp
10001f4e:	691b      	ldr	r3, [r3, #16]
10001f50:	4798      	blx	r3
10001f52:	2800      	cmp	r0, #0
10001f54:	d11b      	bne.n	10001f8e <alarm_pool_irq_handler+0x2da>
10001f56:	4653      	mov	r3, sl
10001f58:	881b      	ldrh	r3, [r3, #0]
10001f5a:	6922      	ldr	r2, [r4, #16]
10001f5c:	8123      	strh	r3, [r4, #8]
10001f5e:	f3ef 8310 	mrs	r3, PRIMASK
10001f62:	b672      	cpsid	i
10001f64:	6811      	ldr	r1, [r2, #0]
10001f66:	2900      	cmp	r1, #0
10001f68:	d0fc      	beq.n	10001f64 <alarm_pool_irq_handler+0x2b0>
10001f6a:	f3bf 8f5f 	dmb	sy
10001f6e:	4651      	mov	r1, sl
10001f70:	8862      	ldrh	r2, [r4, #2]
10001f72:	800a      	strh	r2, [r1, #0]
10001f74:	6922      	ldr	r2, [r4, #16]
10001f76:	8065      	strh	r5, [r4, #2]
10001f78:	f3bf 8f5f 	dmb	sy
10001f7c:	2100      	movs	r1, #0
10001f7e:	6011      	str	r1, [r2, #0]
10001f80:	f383 8810 	msr	PRIMASK, r3
10001f84:	e6b4      	b.n	10001cf0 <alarm_pool_irq_handler+0x3c>
10001f86:	4286      	cmp	r6, r0
10001f88:	d800      	bhi.n	10001f8c <alarm_pool_irq_handler+0x2d8>
10001f8a:	e6f8      	b.n	10001d7e <alarm_pool_irq_handler+0xca>
10001f8c:	e6b0      	b.n	10001cf0 <alarm_pool_irq_handler+0x3c>
10001f8e:	465b      	mov	r3, fp
10001f90:	681a      	ldr	r2, [r3, #0]
10001f92:	685b      	ldr	r3, [r3, #4]
10001f94:	9200      	str	r2, [sp, #0]
10001f96:	9301      	str	r3, [sp, #4]
10001f98:	e707      	b.n	10001daa <alarm_pool_irq_handler+0xf6>
10001f9a:	45b3      	cmp	fp, r6
10001f9c:	d800      	bhi.n	10001fa0 <alarm_pool_irq_handler+0x2ec>
10001f9e:	e748      	b.n	10001e32 <alarm_pool_irq_handler+0x17e>
10001fa0:	e74c      	b.n	10001e3c <alarm_pool_irq_handler+0x188>
10001fa2:	46c0      	nop			@ (mov r8, r8)
10001fa4:	2000257c 	.word	0x2000257c
10001fa8:	4005703c 	.word	0x4005703c
10001fac:	10001cb5 	.word	0x10001cb5
10001fb0:	40054000 	.word	0x40054000

10001fb4 <runtime_init_default_alarm_pool>:
10001fb4:	b570      	push	{r4, r5, r6, lr}
10001fb6:	4c2e      	ldr	r4, [pc, #184]	@ (10002070 <runtime_init_default_alarm_pool+0xbc>)
10001fb8:	6925      	ldr	r5, [r4, #16]
10001fba:	2d00      	cmp	r5, #0
10001fbc:	d004      	beq.n	10001fc8 <runtime_init_default_alarm_pool+0x14>
10001fbe:	210a      	movs	r1, #10
10001fc0:	482c      	ldr	r0, [pc, #176]	@ (10002074 <runtime_init_default_alarm_pool+0xc0>)
10001fc2:	f7ff fe2f 	bl	10001c24 <lock_init>
10001fc6:	bd70      	pop	{r4, r5, r6, pc}
10001fc8:	4e2b      	ldr	r6, [pc, #172]	@ (10002078 <runtime_init_default_alarm_pool+0xc4>)
10001fca:	2103      	movs	r1, #3
10001fcc:	0030      	movs	r0, r6
10001fce:	f000 fa6b 	bl	100024a8 <timer_hardware_alarm_claim>
10001fd2:	60e6      	str	r6, [r4, #12]
10001fd4:	f7ff fdbe 	bl	10001b54 <next_striped_spin_lock_num>
10001fd8:	4b28      	ldr	r3, [pc, #160]	@ (1000207c <runtime_init_default_alarm_pool+0xc8>)
10001fda:	2203      	movs	r2, #3
10001fdc:	469c      	mov	ip, r3
10001fde:	23d0      	movs	r3, #208	@ 0xd0
10001fe0:	7022      	strb	r2, [r4, #0]
10001fe2:	061b      	lsls	r3, r3, #24
10001fe4:	681b      	ldr	r3, [r3, #0]
10001fe6:	2101      	movs	r1, #1
10001fe8:	7063      	strb	r3, [r4, #1]
10001fea:	4b25      	ldr	r3, [pc, #148]	@ (10002080 <runtime_init_default_alarm_pool+0xcc>)
10001fec:	4460      	add	r0, ip
10001fee:	60a3      	str	r3, [r4, #8]
10001ff0:	230f      	movs	r3, #15
10001ff2:	0080      	lsls	r0, r0, #2
10001ff4:	6120      	str	r0, [r4, #16]
10001ff6:	2002      	movs	r0, #2
10001ff8:	8063      	strh	r3, [r4, #2]
10001ffa:	6963      	ldr	r3, [r4, #20]
10001ffc:	4249      	negs	r1, r1
10001ffe:	80a1      	strh	r1, [r4, #4]
10002000:	8019      	strh	r1, [r3, #0]
10002002:	3102      	adds	r1, #2
10002004:	8619      	strh	r1, [r3, #48]	@ 0x30
10002006:	3147      	adds	r1, #71	@ 0x47
10002008:	831d      	strh	r5, [r3, #24]
1000200a:	5258      	strh	r0, [r3, r1]
1000200c:	3118      	adds	r1, #24
1000200e:	525a      	strh	r2, [r3, r1]
10002010:	3275      	adds	r2, #117	@ 0x75
10002012:	395c      	subs	r1, #92	@ 0x5c
10002014:	5299      	strh	r1, [r3, r2]
10002016:	3218      	adds	r2, #24
10002018:	3101      	adds	r1, #1
1000201a:	5299      	strh	r1, [r3, r2]
1000201c:	3218      	adds	r2, #24
1000201e:	3101      	adds	r1, #1
10002020:	5299      	strh	r1, [r3, r2]
10002022:	3218      	adds	r2, #24
10002024:	3101      	adds	r1, #1
10002026:	5299      	strh	r1, [r3, r2]
10002028:	3508      	adds	r5, #8
1000202a:	3218      	adds	r2, #24
1000202c:	529d      	strh	r5, [r3, r2]
1000202e:	3102      	adds	r1, #2
10002030:	3218      	adds	r2, #24
10002032:	5299      	strh	r1, [r3, r2]
10002034:	3218      	adds	r2, #24
10002036:	3101      	adds	r1, #1
10002038:	5299      	strh	r1, [r3, r2]
1000203a:	3218      	adds	r2, #24
1000203c:	3101      	adds	r1, #1
1000203e:	5299      	strh	r1, [r3, r2]
10002040:	3218      	adds	r2, #24
10002042:	3101      	adds	r1, #1
10002044:	5299      	strh	r1, [r3, r2]
10002046:	3218      	adds	r2, #24
10002048:	3101      	adds	r1, #1
1000204a:	5299      	strh	r1, [r3, r2]
1000204c:	3218      	adds	r2, #24
1000204e:	3101      	adds	r1, #1
10002050:	5299      	strh	r1, [r3, r2]
10002052:	4b0c      	ldr	r3, [pc, #48]	@ (10002084 <runtime_init_default_alarm_pool+0xd0>)
10002054:	490c      	ldr	r1, [pc, #48]	@ (10002088 <runtime_init_default_alarm_pool+0xd4>)
10002056:	60dc      	str	r4, [r3, #12]
10002058:	3001      	adds	r0, #1
1000205a:	6235      	str	r5, [r6, #32]
1000205c:	f7ff fdb8 	bl	10001bd0 <irq_set_exclusive_handler>
10002060:	2101      	movs	r1, #1
10002062:	2003      	movs	r0, #3
10002064:	f7ff fda2 	bl	10001bac <irq_set_enabled>
10002068:	4b08      	ldr	r3, [pc, #32]	@ (1000208c <runtime_init_default_alarm_pool+0xd8>)
1000206a:	601d      	str	r5, [r3, #0]
1000206c:	e7a7      	b.n	10001fbe <runtime_init_default_alarm_pool+0xa>
1000206e:	46c0      	nop			@ (mov r8, r8)
10002070:	200013bc 	.word	0x200013bc
10002074:	20002590 	.word	0x20002590
10002078:	40054000 	.word	0x40054000
1000207c:	34000040 	.word	0x34000040
10002080:	0010ffff 	.word	0x0010ffff
10002084:	2000257c 	.word	0x2000257c
10002088:	10001cb5 	.word	0x10001cb5
1000208c:	40056038 	.word	0x40056038

10002090 <alarm_pool_add_alarm_at_force_in_context>:
10002090:	b570      	push	{r4, r5, r6, lr}
10002092:	0001      	movs	r1, r0
10002094:	6904      	ldr	r4, [r0, #16]
10002096:	f3ef 8c10 	mrs	ip, PRIMASK
1000209a:	b672      	cpsid	i
1000209c:	6820      	ldr	r0, [r4, #0]
1000209e:	2800      	cmp	r0, #0
100020a0:	d0fc      	beq.n	1000209c <alarm_pool_add_alarm_at_force_in_context+0xc>
100020a2:	f3bf 8f5f 	dmb	sy
100020a6:	2002      	movs	r0, #2
100020a8:	5e0d      	ldrsh	r5, [r1, r0]
100020aa:	694c      	ldr	r4, [r1, #20]
100020ac:	0068      	lsls	r0, r5, #1
100020ae:	1940      	adds	r0, r0, r5
100020b0:	00c0      	lsls	r0, r0, #3
100020b2:	1824      	adds	r4, r4, r0
100020b4:	6908      	ldr	r0, [r1, #16]
100020b6:	2d00      	cmp	r5, #0
100020b8:	db36      	blt.n	10002128 <alarm_pool_add_alarm_at_force_in_context+0x98>
100020ba:	8826      	ldrh	r6, [r4, #0]
100020bc:	804e      	strh	r6, [r1, #2]
100020be:	f3bf 8f5f 	dmb	sy
100020c2:	2600      	movs	r6, #0
100020c4:	6006      	str	r6, [r0, #0]
100020c6:	f38c 8810 	msr	PRIMASK, ip
100020ca:	60e3      	str	r3, [r4, #12]
100020cc:	8863      	ldrh	r3, [r4, #2]
100020ce:	9804      	ldr	r0, [sp, #16]
100020d0:	3301      	adds	r3, #1
100020d2:	6120      	str	r0, [r4, #16]
100020d4:	045b      	lsls	r3, r3, #17
100020d6:	9805      	ldr	r0, [sp, #20]
100020d8:	0c5b      	lsrs	r3, r3, #17
100020da:	60a2      	str	r2, [r4, #8]
100020dc:	6160      	str	r0, [r4, #20]
100020de:	1c1a      	adds	r2, r3, #0
100020e0:	2b00      	cmp	r3, #0
100020e2:	d01f      	beq.n	10002124 <alarm_pool_add_alarm_at_force_in_context+0x94>
100020e4:	b293      	uxth	r3, r2
100020e6:	0428      	lsls	r0, r5, #16
100020e8:	8062      	strh	r2, [r4, #2]
100020ea:	4318      	orrs	r0, r3
100020ec:	690a      	ldr	r2, [r1, #16]
100020ee:	f3ef 8c10 	mrs	ip, PRIMASK
100020f2:	b672      	cpsid	i
100020f4:	6813      	ldr	r3, [r2, #0]
100020f6:	2b00      	cmp	r3, #0
100020f8:	d0fc      	beq.n	100020f4 <alarm_pool_add_alarm_at_force_in_context+0x64>
100020fa:	f3bf 8f5f 	dmb	sy
100020fe:	888b      	ldrh	r3, [r1, #4]
10002100:	8023      	strh	r3, [r4, #0]
10002102:	808d      	strh	r5, [r1, #4]
10002104:	690b      	ldr	r3, [r1, #16]
10002106:	f3bf 8f5f 	dmb	sy
1000210a:	2200      	movs	r2, #0
1000210c:	601a      	str	r2, [r3, #0]
1000210e:	f38c 8810 	msr	PRIMASK, ip
10002112:	780b      	ldrb	r3, [r1, #0]
10002114:	3201      	adds	r2, #1
10002116:	409a      	lsls	r2, r3
10002118:	68cb      	ldr	r3, [r1, #12]
1000211a:	4908      	ldr	r1, [pc, #32]	@ (1000213c <alarm_pool_add_alarm_at_force_in_context+0xac>)
1000211c:	468c      	mov	ip, r1
1000211e:	4463      	add	r3, ip
10002120:	601a      	str	r2, [r3, #0]
10002122:	bd70      	pop	{r4, r5, r6, pc}
10002124:	2201      	movs	r2, #1
10002126:	e7dd      	b.n	100020e4 <alarm_pool_add_alarm_at_force_in_context+0x54>
10002128:	f3bf 8f5f 	dmb	sy
1000212c:	2300      	movs	r3, #0
1000212e:	6003      	str	r3, [r0, #0]
10002130:	f38c 8810 	msr	PRIMASK, ip
10002134:	2001      	movs	r0, #1
10002136:	4240      	negs	r0, r0
10002138:	e7f3      	b.n	10002122 <alarm_pool_add_alarm_at_force_in_context+0x92>
1000213a:	46c0      	nop			@ (mov r8, r8)
1000213c:	0000203c 	.word	0x0000203c

10002140 <alarm_pool_cancel_alarm>:
10002140:	b510      	push	{r4, lr}
10002142:	8943      	ldrh	r3, [r0, #10]
10002144:	140a      	asrs	r2, r1, #16
10002146:	4293      	cmp	r3, r2
10002148:	dd1a      	ble.n	10002180 <alarm_pool_cancel_alarm+0x40>
1000214a:	0053      	lsls	r3, r2, #1
1000214c:	189b      	adds	r3, r3, r2
1000214e:	6942      	ldr	r2, [r0, #20]
10002150:	00db      	lsls	r3, r3, #3
10002152:	18d3      	adds	r3, r2, r3
10002154:	6904      	ldr	r4, [r0, #16]
10002156:	f3ef 8c10 	mrs	ip, PRIMASK
1000215a:	b672      	cpsid	i
1000215c:	6822      	ldr	r2, [r4, #0]
1000215e:	2a00      	cmp	r2, #0
10002160:	d0fc      	beq.n	1000215c <alarm_pool_cancel_alarm+0x1c>
10002162:	f3bf 8f5f 	dmb	sy
10002166:	885a      	ldrh	r2, [r3, #2]
10002168:	0409      	lsls	r1, r1, #16
1000216a:	b294      	uxth	r4, r2
1000216c:	0c09      	lsrs	r1, r1, #16
1000216e:	428a      	cmp	r2, r1
10002170:	d008      	beq.n	10002184 <alarm_pool_cancel_alarm+0x44>
10002172:	6903      	ldr	r3, [r0, #16]
10002174:	f3bf 8f5f 	dmb	sy
10002178:	2200      	movs	r2, #0
1000217a:	601a      	str	r2, [r3, #0]
1000217c:	f38c 8810 	msr	PRIMASK, ip
10002180:	2000      	movs	r0, #0
10002182:	bd10      	pop	{r4, pc}
10002184:	2280      	movs	r2, #128	@ 0x80
10002186:	0212      	lsls	r2, r2, #8
10002188:	4314      	orrs	r4, r2
1000218a:	805c      	strh	r4, [r3, #2]
1000218c:	2301      	movs	r3, #1
1000218e:	6902      	ldr	r2, [r0, #16]
10002190:	7183      	strb	r3, [r0, #6]
10002192:	f3bf 8f5f 	dmb	sy
10002196:	2100      	movs	r1, #0
10002198:	6011      	str	r1, [r2, #0]
1000219a:	f38c 8810 	msr	PRIMASK, ip
1000219e:	4904      	ldr	r1, [pc, #16]	@ (100021b0 <alarm_pool_cancel_alarm+0x70>)
100021a0:	7802      	ldrb	r2, [r0, #0]
100021a2:	468c      	mov	ip, r1
100021a4:	4093      	lsls	r3, r2
100021a6:	68c2      	ldr	r2, [r0, #12]
100021a8:	2001      	movs	r0, #1
100021aa:	4462      	add	r2, ip
100021ac:	6013      	str	r3, [r2, #0]
100021ae:	e7e8      	b.n	10002182 <alarm_pool_cancel_alarm+0x42>
100021b0:	0000203c 	.word	0x0000203c

100021b4 <sleep_us>:
100021b4:	b5f0      	push	{r4, r5, r6, r7, lr}
100021b6:	46c6      	mov	lr, r8
100021b8:	b500      	push	{lr}
100021ba:	b082      	sub	sp, #8
100021bc:	0004      	movs	r4, r0
100021be:	000d      	movs	r5, r1
100021c0:	f000 f984 	bl	100024cc <time_us_64>
100021c4:	1824      	adds	r4, r4, r0
100021c6:	414d      	adcs	r5, r1
100021c8:	2d00      	cmp	r5, #0
100021ca:	da02      	bge.n	100021d2 <sleep_us+0x1e>
100021cc:	2401      	movs	r4, #1
100021ce:	4d2f      	ldr	r5, [pc, #188]	@ (1000228c <sleep_us+0xd8>)
100021d0:	4264      	negs	r4, r4
100021d2:	2606      	movs	r6, #6
100021d4:	4276      	negs	r6, r6
100021d6:	17f7      	asrs	r7, r6, #31
100021d8:	1936      	adds	r6, r6, r4
100021da:	416f      	adcs	r7, r5
100021dc:	42af      	cmp	r7, r5
100021de:	d814      	bhi.n	1000220a <sleep_us+0x56>
100021e0:	d011      	beq.n	10002206 <sleep_us+0x52>
100021e2:	f000 f973 	bl	100024cc <time_us_64>
100021e6:	0032      	movs	r2, r6
100021e8:	003b      	movs	r3, r7
100021ea:	1a12      	subs	r2, r2, r0
100021ec:	418b      	sbcs	r3, r1
100021ee:	2b00      	cmp	r3, #0
100021f0:	dc15      	bgt.n	1000221e <sleep_us+0x6a>
100021f2:	2b00      	cmp	r3, #0
100021f4:	d046      	beq.n	10002284 <sleep_us+0xd0>
100021f6:	0020      	movs	r0, r4
100021f8:	0029      	movs	r1, r5
100021fa:	f000 f9f3 	bl	100025e4 <busy_wait_until>
100021fe:	b002      	add	sp, #8
10002200:	bc80      	pop	{r7}
10002202:	46b8      	mov	r8, r7
10002204:	bdf0      	pop	{r4, r5, r6, r7, pc}
10002206:	42a6      	cmp	r6, r4
10002208:	d9eb      	bls.n	100021e2 <sleep_us+0x2e>
1000220a:	2600      	movs	r6, #0
1000220c:	2700      	movs	r7, #0
1000220e:	f000 f95d 	bl	100024cc <time_us_64>
10002212:	0032      	movs	r2, r6
10002214:	003b      	movs	r3, r7
10002216:	1a12      	subs	r2, r2, r0
10002218:	418b      	sbcs	r3, r1
1000221a:	2b00      	cmp	r3, #0
1000221c:	dde9      	ble.n	100021f2 <sleep_us+0x3e>
1000221e:	f000 f955 	bl	100024cc <time_us_64>
10002222:	0032      	movs	r2, r6
10002224:	003b      	movs	r3, r7
10002226:	1a12      	subs	r2, r2, r0
10002228:	418b      	sbcs	r3, r1
1000222a:	2b00      	cmp	r3, #0
1000222c:	db0a      	blt.n	10002244 <sleep_us+0x90>
1000222e:	2300      	movs	r3, #0
10002230:	9301      	str	r3, [sp, #4]
10002232:	4b17      	ldr	r3, [pc, #92]	@ (10002290 <sleep_us+0xdc>)
10002234:	0032      	movs	r2, r6
10002236:	9300      	str	r3, [sp, #0]
10002238:	4816      	ldr	r0, [pc, #88]	@ (10002294 <sleep_us+0xe0>)
1000223a:	003b      	movs	r3, r7
1000223c:	f7ff ff28 	bl	10002090 <alarm_pool_add_alarm_at_force_in_context>
10002240:	3001      	adds	r0, #1
10002242:	d0d8      	beq.n	100021f6 <sleep_us+0x42>
10002244:	2300      	movs	r3, #0
10002246:	0039      	movs	r1, r7
10002248:	46b0      	mov	r8, r6
1000224a:	469c      	mov	ip, r3
1000224c:	4a12      	ldr	r2, [pc, #72]	@ (10002298 <sleep_us+0xe4>)
1000224e:	4813      	ldr	r0, [pc, #76]	@ (1000229c <sleep_us+0xe8>)
10002250:	6a53      	ldr	r3, [r2, #36]	@ 0x24
10002252:	4299      	cmp	r1, r3
10002254:	d804      	bhi.n	10002260 <sleep_us+0xac>
10002256:	6a96      	ldr	r6, [r2, #40]	@ 0x28
10002258:	4546      	cmp	r6, r8
1000225a:	d2cc      	bcs.n	100021f6 <sleep_us+0x42>
1000225c:	4299      	cmp	r1, r3
1000225e:	d1ca      	bne.n	100021f6 <sleep_us+0x42>
10002260:	6806      	ldr	r6, [r0, #0]
10002262:	f3ef 8710 	mrs	r7, PRIMASK
10002266:	b672      	cpsid	i
10002268:	6833      	ldr	r3, [r6, #0]
1000226a:	2b00      	cmp	r3, #0
1000226c:	d0fc      	beq.n	10002268 <sleep_us+0xb4>
1000226e:	f3bf 8f5f 	dmb	sy
10002272:	6803      	ldr	r3, [r0, #0]
10002274:	f3bf 8f5f 	dmb	sy
10002278:	4666      	mov	r6, ip
1000227a:	601e      	str	r6, [r3, #0]
1000227c:	f387 8810 	msr	PRIMASK, r7
10002280:	bf20      	wfe
10002282:	e7e5      	b.n	10002250 <sleep_us+0x9c>
10002284:	2a00      	cmp	r2, #0
10002286:	d0b6      	beq.n	100021f6 <sleep_us+0x42>
10002288:	e7c9      	b.n	1000221e <sleep_us+0x6a>
1000228a:	46c0      	nop			@ (mov r8, r8)
1000228c:	7fffffff 	.word	0x7fffffff
10002290:	10001c85 	.word	0x10001c85
10002294:	200013bc 	.word	0x200013bc
10002298:	40054000 	.word	0x40054000
1000229c:	20002590 	.word	0x20002590

100022a0 <sleep_ms>:
100022a0:	b5f0      	push	{r4, r5, r6, r7, lr}
100022a2:	46c6      	mov	lr, r8
100022a4:	b500      	push	{lr}
100022a6:	b082      	sub	sp, #8
100022a8:	0004      	movs	r4, r0
100022aa:	f000 f90f 	bl	100024cc <time_us_64>
100022ae:	22fa      	movs	r2, #250	@ 0xfa
100022b0:	0006      	movs	r6, r0
100022b2:	000f      	movs	r7, r1
100022b4:	0020      	movs	r0, r4
100022b6:	2300      	movs	r3, #0
100022b8:	2100      	movs	r1, #0
100022ba:	0092      	lsls	r2, r2, #2
100022bc:	f001 faae 	bl	1000381c <__wrap___aeabi_lmul>
100022c0:	1980      	adds	r0, r0, r6
100022c2:	4179      	adcs	r1, r7
100022c4:	0004      	movs	r4, r0
100022c6:	1e0d      	subs	r5, r1, #0
100022c8:	da02      	bge.n	100022d0 <sleep_ms+0x30>
100022ca:	2401      	movs	r4, #1
100022cc:	4d2e      	ldr	r5, [pc, #184]	@ (10002388 <sleep_ms+0xe8>)
100022ce:	4264      	negs	r4, r4
100022d0:	2606      	movs	r6, #6
100022d2:	4276      	negs	r6, r6
100022d4:	17f7      	asrs	r7, r6, #31
100022d6:	1936      	adds	r6, r6, r4
100022d8:	416f      	adcs	r7, r5
100022da:	42af      	cmp	r7, r5
100022dc:	d814      	bhi.n	10002308 <sleep_ms+0x68>
100022de:	d011      	beq.n	10002304 <sleep_ms+0x64>
100022e0:	f000 f8f4 	bl	100024cc <time_us_64>
100022e4:	0032      	movs	r2, r6
100022e6:	003b      	movs	r3, r7
100022e8:	1a12      	subs	r2, r2, r0
100022ea:	418b      	sbcs	r3, r1
100022ec:	2b00      	cmp	r3, #0
100022ee:	dc15      	bgt.n	1000231c <sleep_ms+0x7c>
100022f0:	2b00      	cmp	r3, #0
100022f2:	d046      	beq.n	10002382 <sleep_ms+0xe2>
100022f4:	0020      	movs	r0, r4
100022f6:	0029      	movs	r1, r5
100022f8:	f000 f974 	bl	100025e4 <busy_wait_until>
100022fc:	b002      	add	sp, #8
100022fe:	bc80      	pop	{r7}
10002300:	46b8      	mov	r8, r7
10002302:	bdf0      	pop	{r4, r5, r6, r7, pc}
10002304:	42a6      	cmp	r6, r4
10002306:	d9eb      	bls.n	100022e0 <sleep_ms+0x40>
10002308:	2600      	movs	r6, #0
1000230a:	2700      	movs	r7, #0
1000230c:	f000 f8de 	bl	100024cc <time_us_64>
10002310:	0032      	movs	r2, r6
10002312:	003b      	movs	r3, r7
10002314:	1a12      	subs	r2, r2, r0
10002316:	418b      	sbcs	r3, r1
10002318:	2b00      	cmp	r3, #0
1000231a:	dde9      	ble.n	100022f0 <sleep_ms+0x50>
1000231c:	f000 f8d6 	bl	100024cc <time_us_64>
10002320:	0032      	movs	r2, r6
10002322:	003b      	movs	r3, r7
10002324:	1a12      	subs	r2, r2, r0
10002326:	418b      	sbcs	r3, r1
10002328:	2b00      	cmp	r3, #0
1000232a:	db0a      	blt.n	10002342 <sleep_ms+0xa2>
1000232c:	2300      	movs	r3, #0
1000232e:	9301      	str	r3, [sp, #4]
10002330:	4b16      	ldr	r3, [pc, #88]	@ (1000238c <sleep_ms+0xec>)
10002332:	0032      	movs	r2, r6
10002334:	9300      	str	r3, [sp, #0]
10002336:	4816      	ldr	r0, [pc, #88]	@ (10002390 <sleep_ms+0xf0>)
10002338:	003b      	movs	r3, r7
1000233a:	f7ff fea9 	bl	10002090 <alarm_pool_add_alarm_at_force_in_context>
1000233e:	3001      	adds	r0, #1
10002340:	d0d8      	beq.n	100022f4 <sleep_ms+0x54>
10002342:	2300      	movs	r3, #0
10002344:	0039      	movs	r1, r7
10002346:	46b0      	mov	r8, r6
10002348:	469c      	mov	ip, r3
1000234a:	4a12      	ldr	r2, [pc, #72]	@ (10002394 <sleep_ms+0xf4>)
1000234c:	4812      	ldr	r0, [pc, #72]	@ (10002398 <sleep_ms+0xf8>)
1000234e:	6a53      	ldr	r3, [r2, #36]	@ 0x24
10002350:	4299      	cmp	r1, r3
10002352:	d804      	bhi.n	1000235e <sleep_ms+0xbe>
10002354:	6a96      	ldr	r6, [r2, #40]	@ 0x28
10002356:	4546      	cmp	r6, r8
10002358:	d2cc      	bcs.n	100022f4 <sleep_ms+0x54>
1000235a:	4299      	cmp	r1, r3
1000235c:	d1ca      	bne.n	100022f4 <sleep_ms+0x54>
1000235e:	6806      	ldr	r6, [r0, #0]
10002360:	f3ef 8710 	mrs	r7, PRIMASK
10002364:	b672      	cpsid	i
10002366:	6833      	ldr	r3, [r6, #0]
10002368:	2b00      	cmp	r3, #0
1000236a:	d0fc      	beq.n	10002366 <sleep_ms+0xc6>
1000236c:	f3bf 8f5f 	dmb	sy
10002370:	6803      	ldr	r3, [r0, #0]
10002372:	f3bf 8f5f 	dmb	sy
10002376:	4666      	mov	r6, ip
10002378:	601e      	str	r6, [r3, #0]
1000237a:	f387 8810 	msr	PRIMASK, r7
1000237e:	bf20      	wfe
10002380:	e7e5      	b.n	1000234e <sleep_ms+0xae>
10002382:	2a00      	cmp	r2, #0
10002384:	d0b6      	beq.n	100022f4 <sleep_ms+0x54>
10002386:	e7c9      	b.n	1000231c <sleep_ms+0x7c>
10002388:	7fffffff 	.word	0x7fffffff
1000238c:	10001c85 	.word	0x10001c85
10002390:	200013bc 	.word	0x200013bc
10002394:	40054000 	.word	0x40054000
10002398:	20002590 	.word	0x20002590

1000239c <best_effort_wfe_or_timeout>:
1000239c:	b5f0      	push	{r4, r5, r6, r7, lr}
1000239e:	4657      	mov	r7, sl
100023a0:	464e      	mov	r6, r9
100023a2:	46de      	mov	lr, fp
100023a4:	4645      	mov	r5, r8
100023a6:	b5e0      	push	{r5, r6, r7, lr}
100023a8:	0006      	movs	r6, r0
100023aa:	000f      	movs	r7, r1
100023ac:	b085      	sub	sp, #20
100023ae:	f3ef 8305 	mrs	r3, IPSR
100023b2:	4699      	mov	r9, r3
100023b4:	468b      	mov	fp, r1
100023b6:	2b00      	cmp	r3, #0
100023b8:	d012      	beq.n	100023e0 <best_effort_wfe_or_timeout+0x44>
100023ba:	4938      	ldr	r1, [pc, #224]	@ (1000249c <best_effort_wfe_or_timeout+0x100>)
100023bc:	2000      	movs	r0, #0
100023be:	6a4b      	ldr	r3, [r1, #36]	@ 0x24
100023c0:	42bb      	cmp	r3, r7
100023c2:	d306      	bcc.n	100023d2 <best_effort_wfe_or_timeout+0x36>
100023c4:	6a8a      	ldr	r2, [r1, #40]	@ 0x28
100023c6:	1bdb      	subs	r3, r3, r7
100023c8:	1e59      	subs	r1, r3, #1
100023ca:	418b      	sbcs	r3, r1
100023cc:	42b2      	cmp	r2, r6
100023ce:	4140      	adcs	r0, r0
100023d0:	4318      	orrs	r0, r3
100023d2:	b005      	add	sp, #20
100023d4:	bcf0      	pop	{r4, r5, r6, r7}
100023d6:	46bb      	mov	fp, r7
100023d8:	46b2      	mov	sl, r6
100023da:	46a9      	mov	r9, r5
100023dc:	46a0      	mov	r8, r4
100023de:	bdf0      	pop	{r4, r5, r6, r7, pc}
100023e0:	4b2f      	ldr	r3, [pc, #188]	@ (100024a0 <best_effort_wfe_or_timeout+0x104>)
100023e2:	469a      	mov	sl, r3
100023e4:	68db      	ldr	r3, [r3, #12]
100023e6:	4698      	mov	r8, r3
100023e8:	4653      	mov	r3, sl
100023ea:	781b      	ldrb	r3, [r3, #0]
100023ec:	4640      	mov	r0, r8
100023ee:	9303      	str	r3, [sp, #12]
100023f0:	f000 f864 	bl	100024bc <timer_time_us_64>
100023f4:	4642      	mov	r2, r8
100023f6:	9b03      	ldr	r3, [sp, #12]
100023f8:	0004      	movs	r4, r0
100023fa:	3304      	adds	r3, #4
100023fc:	009b      	lsls	r3, r3, #2
100023fe:	589b      	ldr	r3, [r3, r2]
10002400:	000d      	movs	r5, r1
10002402:	1a1b      	subs	r3, r3, r0
10002404:	0039      	movs	r1, r7
10002406:	0030      	movs	r0, r6
10002408:	1b00      	subs	r0, r0, r4
1000240a:	41a9      	sbcs	r1, r5
1000240c:	4589      	cmp	r9, r1
1000240e:	dc10      	bgt.n	10002432 <best_effort_wfe_or_timeout+0x96>
10002410:	d00d      	beq.n	1000242e <best_effort_wfe_or_timeout+0x92>
10002412:	bf20      	wfe
10002414:	4a21      	ldr	r2, [pc, #132]	@ (1000249c <best_effort_wfe_or_timeout+0x100>)
10002416:	2000      	movs	r0, #0
10002418:	6a53      	ldr	r3, [r2, #36]	@ 0x24
1000241a:	455b      	cmp	r3, fp
1000241c:	d3d9      	bcc.n	100023d2 <best_effort_wfe_or_timeout+0x36>
1000241e:	6a92      	ldr	r2, [r2, #40]	@ 0x28
10002420:	1bdb      	subs	r3, r3, r7
10002422:	1e59      	subs	r1, r3, #1
10002424:	418b      	sbcs	r3, r1
10002426:	42b2      	cmp	r2, r6
10002428:	4140      	adcs	r0, r0
1000242a:	4318      	orrs	r0, r3
1000242c:	e7d1      	b.n	100023d2 <best_effort_wfe_or_timeout+0x36>
1000242e:	4283      	cmp	r3, r0
10002430:	d9ef      	bls.n	10002412 <best_effort_wfe_or_timeout+0x76>
10002432:	f000 f84b 	bl	100024cc <time_us_64>
10002436:	0032      	movs	r2, r6
10002438:	003b      	movs	r3, r7
1000243a:	1a12      	subs	r2, r2, r0
1000243c:	418b      	sbcs	r3, r1
1000243e:	2b00      	cmp	r3, #0
10002440:	db1a      	blt.n	10002478 <best_effort_wfe_or_timeout+0xdc>
10002442:	2300      	movs	r3, #0
10002444:	9301      	str	r3, [sp, #4]
10002446:	4b17      	ldr	r3, [pc, #92]	@ (100024a4 <best_effort_wfe_or_timeout+0x108>)
10002448:	0032      	movs	r2, r6
1000244a:	9300      	str	r3, [sp, #0]
1000244c:	4650      	mov	r0, sl
1000244e:	003b      	movs	r3, r7
10002450:	f7ff fe1e 	bl	10002090 <alarm_pool_add_alarm_at_force_in_context>
10002454:	1e01      	subs	r1, r0, #0
10002456:	dd0f      	ble.n	10002478 <best_effort_wfe_or_timeout+0xdc>
10002458:	4b10      	ldr	r3, [pc, #64]	@ (1000249c <best_effort_wfe_or_timeout+0x100>)
1000245a:	6a5a      	ldr	r2, [r3, #36]	@ 0x24
1000245c:	455a      	cmp	r2, fp
1000245e:	d31b      	bcc.n	10002498 <best_effort_wfe_or_timeout+0xfc>
10002460:	6a9b      	ldr	r3, [r3, #40]	@ 0x28
10002462:	42b3      	cmp	r3, r6
10002464:	d316      	bcc.n	10002494 <best_effort_wfe_or_timeout+0xf8>
10002466:	4650      	mov	r0, sl
10002468:	f7ff fe6a 	bl	10002140 <alarm_pool_cancel_alarm>
1000246c:	4a0b      	ldr	r2, [pc, #44]	@ (1000249c <best_effort_wfe_or_timeout+0x100>)
1000246e:	2000      	movs	r0, #0
10002470:	6a53      	ldr	r3, [r2, #36]	@ 0x24
10002472:	455b      	cmp	r3, fp
10002474:	d3ad      	bcc.n	100023d2 <best_effort_wfe_or_timeout+0x36>
10002476:	e7d2      	b.n	1000241e <best_effort_wfe_or_timeout+0x82>
10002478:	4a08      	ldr	r2, [pc, #32]	@ (1000249c <best_effort_wfe_or_timeout+0x100>)
1000247a:	2000      	movs	r0, #0
1000247c:	6a53      	ldr	r3, [r2, #36]	@ 0x24
1000247e:	455b      	cmp	r3, fp
10002480:	d3a7      	bcc.n	100023d2 <best_effort_wfe_or_timeout+0x36>
10002482:	2000      	movs	r0, #0
10002484:	6a92      	ldr	r2, [r2, #40]	@ 0x28
10002486:	1bdb      	subs	r3, r3, r7
10002488:	42b2      	cmp	r2, r6
1000248a:	4140      	adcs	r0, r0
1000248c:	1e5a      	subs	r2, r3, #1
1000248e:	4193      	sbcs	r3, r2
10002490:	4318      	orrs	r0, r3
10002492:	e79e      	b.n	100023d2 <best_effort_wfe_or_timeout+0x36>
10002494:	455a      	cmp	r2, fp
10002496:	d1e6      	bne.n	10002466 <best_effort_wfe_or_timeout+0xca>
10002498:	bf20      	wfe
1000249a:	e7e4      	b.n	10002466 <best_effort_wfe_or_timeout+0xca>
1000249c:	40054000 	.word	0x40054000
100024a0:	200013bc 	.word	0x200013bc
100024a4:	10001c85 	.word	0x10001c85

100024a8 <timer_hardware_alarm_claim>:
100024a8:	b510      	push	{r4, lr}
100024aa:	4a02      	ldr	r2, [pc, #8]	@ (100024b4 <timer_hardware_alarm_claim+0xc>)
100024ac:	4802      	ldr	r0, [pc, #8]	@ (100024b8 <timer_hardware_alarm_claim+0x10>)
100024ae:	f7ff fb2f 	bl	10001b10 <hw_claim_or_assert>
100024b2:	bd10      	pop	{r4, pc}
100024b4:	100089d0 	.word	0x100089d0
100024b8:	20002540 	.word	0x20002540

100024bc <timer_time_us_64>:
100024bc:	0003      	movs	r3, r0
100024be:	6a41      	ldr	r1, [r0, #36]	@ 0x24
100024c0:	000a      	movs	r2, r1
100024c2:	6a98      	ldr	r0, [r3, #40]	@ 0x28
100024c4:	6a59      	ldr	r1, [r3, #36]	@ 0x24
100024c6:	428a      	cmp	r2, r1
100024c8:	d1fa      	bne.n	100024c0 <timer_time_us_64+0x4>
100024ca:	4770      	bx	lr

100024cc <time_us_64>:
100024cc:	4b03      	ldr	r3, [pc, #12]	@ (100024dc <time_us_64+0x10>)
100024ce:	6a59      	ldr	r1, [r3, #36]	@ 0x24
100024d0:	000a      	movs	r2, r1
100024d2:	6a98      	ldr	r0, [r3, #40]	@ 0x28
100024d4:	6a59      	ldr	r1, [r3, #36]	@ 0x24
100024d6:	4291      	cmp	r1, r2
100024d8:	d1fa      	bne.n	100024d0 <time_us_64+0x4>
100024da:	4770      	bx	lr
100024dc:	40054000 	.word	0x40054000

100024e0 <busy_wait_us>:
100024e0:	b570      	push	{r4, r5, r6, lr}
100024e2:	0004      	movs	r4, r0
100024e4:	000d      	movs	r5, r1
100024e6:	4a17      	ldr	r2, [pc, #92]	@ (10002544 <busy_wait_us+0x64>)
100024e8:	6a53      	ldr	r3, [r2, #36]	@ 0x24
100024ea:	0019      	movs	r1, r3
100024ec:	6a96      	ldr	r6, [r2, #40]	@ 0x28
100024ee:	6a53      	ldr	r3, [r2, #36]	@ 0x24
100024f0:	428b      	cmp	r3, r1
100024f2:	d1fa      	bne.n	100024ea <busy_wait_us+0xa>
100024f4:	0030      	movs	r0, r6
100024f6:	0019      	movs	r1, r3
100024f8:	1824      	adds	r4, r4, r0
100024fa:	414d      	adcs	r5, r1
100024fc:	42ab      	cmp	r3, r5
100024fe:	d816      	bhi.n	1000252e <busy_wait_us+0x4e>
10002500:	d013      	beq.n	1000252a <busy_wait_us+0x4a>
10002502:	4b10      	ldr	r3, [pc, #64]	@ (10002544 <busy_wait_us+0x64>)
10002504:	002a      	movs	r2, r5
10002506:	6a5b      	ldr	r3, [r3, #36]	@ 0x24
10002508:	429d      	cmp	r5, r3
1000250a:	d903      	bls.n	10002514 <busy_wait_us+0x34>
1000250c:	490d      	ldr	r1, [pc, #52]	@ (10002544 <busy_wait_us+0x64>)
1000250e:	6a4b      	ldr	r3, [r1, #36]	@ 0x24
10002510:	4293      	cmp	r3, r2
10002512:	d3fc      	bcc.n	1000250e <busy_wait_us+0x2e>
10002514:	4293      	cmp	r3, r2
10002516:	d107      	bne.n	10002528 <busy_wait_us+0x48>
10002518:	4a0a      	ldr	r2, [pc, #40]	@ (10002544 <busy_wait_us+0x64>)
1000251a:	e002      	b.n	10002522 <busy_wait_us+0x42>
1000251c:	6a51      	ldr	r1, [r2, #36]	@ 0x24
1000251e:	4299      	cmp	r1, r3
10002520:	d102      	bne.n	10002528 <busy_wait_us+0x48>
10002522:	6a91      	ldr	r1, [r2, #40]	@ 0x28
10002524:	42a1      	cmp	r1, r4
10002526:	d3f9      	bcc.n	1000251c <busy_wait_us+0x3c>
10002528:	bd70      	pop	{r4, r5, r6, pc}
1000252a:	42a6      	cmp	r6, r4
1000252c:	d9e9      	bls.n	10002502 <busy_wait_us+0x22>
1000252e:	4b05      	ldr	r3, [pc, #20]	@ (10002544 <busy_wait_us+0x64>)
10002530:	6a5b      	ldr	r3, [r3, #36]	@ 0x24
10002532:	001c      	movs	r4, r3
10002534:	1c5a      	adds	r2, r3, #1
10002536:	d0ef      	beq.n	10002518 <busy_wait_us+0x38>
10002538:	2201      	movs	r2, #1
1000253a:	2401      	movs	r4, #1
1000253c:	4264      	negs	r4, r4
1000253e:	17e5      	asrs	r5, r4, #31
10002540:	4252      	negs	r2, r2
10002542:	e7e3      	b.n	1000250c <busy_wait_us+0x2c>
10002544:	40054000 	.word	0x40054000

10002548 <busy_wait_ms>:
10002548:	4b24      	ldr	r3, [pc, #144]	@ (100025dc <busy_wait_ms+0x94>)
1000254a:	b570      	push	{r4, r5, r6, lr}
1000254c:	4298      	cmp	r0, r3
1000254e:	d80b      	bhi.n	10002568 <busy_wait_ms+0x20>
10002550:	0143      	lsls	r3, r0, #5
10002552:	1a1b      	subs	r3, r3, r0
10002554:	4a22      	ldr	r2, [pc, #136]	@ (100025e0 <busy_wait_ms+0x98>)
10002556:	009b      	lsls	r3, r3, #2
10002558:	1818      	adds	r0, r3, r0
1000255a:	6a91      	ldr	r1, [r2, #40]	@ 0x28
1000255c:	00c0      	lsls	r0, r0, #3
1000255e:	6a93      	ldr	r3, [r2, #40]	@ 0x28
10002560:	1a5b      	subs	r3, r3, r1
10002562:	4298      	cmp	r0, r3
10002564:	d8fb      	bhi.n	1000255e <busy_wait_ms+0x16>
10002566:	bd70      	pop	{r4, r5, r6, pc}
10002568:	22fa      	movs	r2, #250	@ 0xfa
1000256a:	2300      	movs	r3, #0
1000256c:	0092      	lsls	r2, r2, #2
1000256e:	2100      	movs	r1, #0
10002570:	f001 f954 	bl	1000381c <__wrap___aeabi_lmul>
10002574:	0004      	movs	r4, r0
10002576:	000d      	movs	r5, r1
10002578:	4a19      	ldr	r2, [pc, #100]	@ (100025e0 <busy_wait_ms+0x98>)
1000257a:	6a53      	ldr	r3, [r2, #36]	@ 0x24
1000257c:	0019      	movs	r1, r3
1000257e:	6a96      	ldr	r6, [r2, #40]	@ 0x28
10002580:	6a53      	ldr	r3, [r2, #36]	@ 0x24
10002582:	428b      	cmp	r3, r1
10002584:	d1fa      	bne.n	1000257c <busy_wait_ms+0x34>
10002586:	0030      	movs	r0, r6
10002588:	0019      	movs	r1, r3
1000258a:	1824      	adds	r4, r4, r0
1000258c:	414d      	adcs	r5, r1
1000258e:	42ab      	cmp	r3, r5
10002590:	d918      	bls.n	100025c4 <busy_wait_ms+0x7c>
10002592:	4b13      	ldr	r3, [pc, #76]	@ (100025e0 <busy_wait_ms+0x98>)
10002594:	6a5b      	ldr	r3, [r3, #36]	@ 0x24
10002596:	001c      	movs	r4, r3
10002598:	1c5a      	adds	r2, r3, #1
1000259a:	d00a      	beq.n	100025b2 <busy_wait_ms+0x6a>
1000259c:	2301      	movs	r3, #1
1000259e:	2401      	movs	r4, #1
100025a0:	4264      	negs	r4, r4
100025a2:	17e5      	asrs	r5, r4, #31
100025a4:	425b      	negs	r3, r3
100025a6:	490e      	ldr	r1, [pc, #56]	@ (100025e0 <busy_wait_ms+0x98>)
100025a8:	6a4a      	ldr	r2, [r1, #36]	@ 0x24
100025aa:	429a      	cmp	r2, r3
100025ac:	d3fc      	bcc.n	100025a8 <busy_wait_ms+0x60>
100025ae:	429a      	cmp	r2, r3
100025b0:	d1d9      	bne.n	10002566 <busy_wait_ms+0x1e>
100025b2:	4a0b      	ldr	r2, [pc, #44]	@ (100025e0 <busy_wait_ms+0x98>)
100025b4:	e002      	b.n	100025bc <busy_wait_ms+0x74>
100025b6:	6a51      	ldr	r1, [r2, #36]	@ 0x24
100025b8:	4299      	cmp	r1, r3
100025ba:	d1d4      	bne.n	10002566 <busy_wait_ms+0x1e>
100025bc:	6a91      	ldr	r1, [r2, #40]	@ 0x28
100025be:	42a1      	cmp	r1, r4
100025c0:	d3f9      	bcc.n	100025b6 <busy_wait_ms+0x6e>
100025c2:	e7d0      	b.n	10002566 <busy_wait_ms+0x1e>
100025c4:	42ab      	cmp	r3, r5
100025c6:	d005      	beq.n	100025d4 <busy_wait_ms+0x8c>
100025c8:	4a05      	ldr	r2, [pc, #20]	@ (100025e0 <busy_wait_ms+0x98>)
100025ca:	002b      	movs	r3, r5
100025cc:	6a52      	ldr	r2, [r2, #36]	@ 0x24
100025ce:	4295      	cmp	r5, r2
100025d0:	d8e9      	bhi.n	100025a6 <busy_wait_ms+0x5e>
100025d2:	e7ec      	b.n	100025ae <busy_wait_ms+0x66>
100025d4:	42a6      	cmp	r6, r4
100025d6:	d9f7      	bls.n	100025c8 <busy_wait_ms+0x80>
100025d8:	e7db      	b.n	10002592 <busy_wait_ms+0x4a>
100025da:	46c0      	nop			@ (mov r8, r8)
100025dc:	0020c49b 	.word	0x0020c49b
100025e0:	40054000 	.word	0x40054000

100025e4 <busy_wait_until>:
100025e4:	4a06      	ldr	r2, [pc, #24]	@ (10002600 <busy_wait_until+0x1c>)
100025e6:	6a53      	ldr	r3, [r2, #36]	@ 0x24
100025e8:	4299      	cmp	r1, r3
100025ea:	d8fc      	bhi.n	100025e6 <busy_wait_until+0x2>
100025ec:	d107      	bne.n	100025fe <busy_wait_until+0x1a>
100025ee:	4b04      	ldr	r3, [pc, #16]	@ (10002600 <busy_wait_until+0x1c>)
100025f0:	e002      	b.n	100025f8 <busy_wait_until+0x14>
100025f2:	6a5a      	ldr	r2, [r3, #36]	@ 0x24
100025f4:	4291      	cmp	r1, r2
100025f6:	d102      	bne.n	100025fe <busy_wait_until+0x1a>
100025f8:	6a9a      	ldr	r2, [r3, #40]	@ 0x28
100025fa:	4290      	cmp	r0, r2
100025fc:	d8f9      	bhi.n	100025f2 <busy_wait_until+0xe>
100025fe:	4770      	bx	lr
10002600:	40054000 	.word	0x40054000

10002604 <clock_configure_int_divider>:
10002604:	b5f8      	push	{r3, r4, r5, r6, r7, lr}
10002606:	46de      	mov	lr, fp
10002608:	464e      	mov	r6, r9
1000260a:	4657      	mov	r7, sl
1000260c:	4645      	mov	r5, r8
1000260e:	b5e0      	push	{r5, r6, r7, lr}
10002610:	468b      	mov	fp, r1
10002612:	0005      	movs	r5, r0
10002614:	990a      	ldr	r1, [sp, #40]	@ 0x28
10002616:	0018      	movs	r0, r3
10002618:	0016      	movs	r6, r2
1000261a:	f000 fadb 	bl	10002bd4 <__wrap___aeabi_uidiv>
1000261e:	9b0a      	ldr	r3, [sp, #40]	@ 0x28
10002620:	006c      	lsls	r4, r5, #1
10002622:	021f      	lsls	r7, r3, #8
10002624:	4b32      	ldr	r3, [pc, #200]	@ (100026f0 <clock_configure_int_divider+0xec>)
10002626:	1964      	adds	r4, r4, r5
10002628:	469c      	mov	ip, r3
1000262a:	00a4      	lsls	r4, r4, #2
1000262c:	4464      	add	r4, ip
1000262e:	6863      	ldr	r3, [r4, #4]
10002630:	4681      	mov	r9, r0
10002632:	429f      	cmp	r7, r3
10002634:	d900      	bls.n	10002638 <clock_configure_int_divider+0x34>
10002636:	6067      	str	r7, [r4, #4]
10002638:	1f2b      	subs	r3, r5, #4
1000263a:	b2db      	uxtb	r3, r3
1000263c:	4698      	mov	r8, r3
1000263e:	2b01      	cmp	r3, #1
10002640:	d930      	bls.n	100026a4 <clock_configure_int_divider+0xa0>
10002642:	23c0      	movs	r3, #192	@ 0xc0
10002644:	2280      	movs	r2, #128	@ 0x80
10002646:	019b      	lsls	r3, r3, #6
10002648:	18e3      	adds	r3, r4, r3
1000264a:	0112      	lsls	r2, r2, #4
1000264c:	601a      	str	r2, [r3, #0]
1000264e:	4b29      	ldr	r3, [pc, #164]	@ (100026f4 <clock_configure_int_divider+0xf0>)
10002650:	00ad      	lsls	r5, r5, #2
10002652:	5959      	ldr	r1, [r3, r5]
10002654:	469a      	mov	sl, r3
10002656:	2900      	cmp	r1, #0
10002658:	d11b      	bne.n	10002692 <clock_configure_int_divider+0x8e>
1000265a:	0173      	lsls	r3, r6, #5
1000265c:	26e0      	movs	r6, #224	@ 0xe0
1000265e:	6822      	ldr	r2, [r4, #0]
10002660:	4053      	eors	r3, r2
10002662:	401e      	ands	r6, r3
10002664:	2380      	movs	r3, #128	@ 0x80
10002666:	4642      	mov	r2, r8
10002668:	015b      	lsls	r3, r3, #5
1000266a:	18e3      	adds	r3, r4, r3
1000266c:	601e      	str	r6, [r3, #0]
1000266e:	2a01      	cmp	r2, #1
10002670:	d930      	bls.n	100026d4 <clock_configure_int_divider+0xd0>
10002672:	2380      	movs	r3, #128	@ 0x80
10002674:	2280      	movs	r2, #128	@ 0x80
10002676:	019b      	lsls	r3, r3, #6
10002678:	18e3      	adds	r3, r4, r3
1000267a:	0112      	lsls	r2, r2, #4
1000267c:	601a      	str	r2, [r3, #0]
1000267e:	4653      	mov	r3, sl
10002680:	464a      	mov	r2, r9
10002682:	6067      	str	r7, [r4, #4]
10002684:	515a      	str	r2, [r3, r5]
10002686:	bcf0      	pop	{r4, r5, r6, r7}
10002688:	46bb      	mov	fp, r7
1000268a:	46b2      	mov	sl, r6
1000268c:	46a9      	mov	r9, r5
1000268e:	46a0      	mov	r8, r4
10002690:	bdf8      	pop	{r3, r4, r5, r6, r7, pc}
10002692:	6958      	ldr	r0, [r3, #20]
10002694:	f000 fa9e 	bl	10002bd4 <__wrap___aeabi_uidiv>
10002698:	3001      	adds	r0, #1
1000269a:	0043      	lsls	r3, r0, #1
1000269c:	181b      	adds	r3, r3, r0
1000269e:	3b03      	subs	r3, #3
100026a0:	d2fd      	bcs.n	1000269e <clock_configure_int_divider+0x9a>
100026a2:	e7da      	b.n	1000265a <clock_configure_int_divider+0x56>
100026a4:	465b      	mov	r3, fp
100026a6:	2b01      	cmp	r3, #1
100026a8:	d1cb      	bne.n	10002642 <clock_configure_int_divider+0x3e>
100026aa:	23c0      	movs	r3, #192	@ 0xc0
100026ac:	2203      	movs	r2, #3
100026ae:	019b      	lsls	r3, r3, #6
100026b0:	18e3      	adds	r3, r4, r3
100026b2:	601a      	str	r2, [r3, #0]
100026b4:	3a02      	subs	r2, #2
100026b6:	68a3      	ldr	r3, [r4, #8]
100026b8:	421a      	tst	r2, r3
100026ba:	d0fc      	beq.n	100026b6 <clock_configure_int_divider+0xb2>
100026bc:	0173      	lsls	r3, r6, #5
100026be:	26e0      	movs	r6, #224	@ 0xe0
100026c0:	6822      	ldr	r2, [r4, #0]
100026c2:	00ad      	lsls	r5, r5, #2
100026c4:	4053      	eors	r3, r2
100026c6:	401e      	ands	r6, r3
100026c8:	2380      	movs	r3, #128	@ 0x80
100026ca:	4a0a      	ldr	r2, [pc, #40]	@ (100026f4 <clock_configure_int_divider+0xf0>)
100026cc:	015b      	lsls	r3, r3, #5
100026ce:	4692      	mov	sl, r2
100026d0:	18e3      	adds	r3, r4, r3
100026d2:	601e      	str	r6, [r3, #0]
100026d4:	465a      	mov	r2, fp
100026d6:	6821      	ldr	r1, [r4, #0]
100026d8:	4051      	eors	r1, r2
100026da:	2203      	movs	r2, #3
100026dc:	400a      	ands	r2, r1
100026de:	601a      	str	r2, [r3, #0]
100026e0:	2201      	movs	r2, #1
100026e2:	465b      	mov	r3, fp
100026e4:	409a      	lsls	r2, r3
100026e6:	68a3      	ldr	r3, [r4, #8]
100026e8:	421a      	tst	r2, r3
100026ea:	d0fc      	beq.n	100026e6 <clock_configure_int_divider+0xe2>
100026ec:	e7c1      	b.n	10002672 <clock_configure_int_divider+0x6e>
100026ee:	46c0      	nop			@ (mov r8, r8)
100026f0:	40008000 	.word	0x40008000
100026f4:	20002544 	.word	0x20002544

100026f8 <clock_configure_undivided>:
100026f8:	b5f0      	push	{r4, r5, r6, r7, lr}
100026fa:	4646      	mov	r6, r8
100026fc:	464f      	mov	r7, r9
100026fe:	46d6      	mov	lr, sl
10002700:	b5c0      	push	{r6, r7, lr}
10002702:	001f      	movs	r7, r3
10002704:	4b34      	ldr	r3, [pc, #208]	@ (100027d8 <clock_configure_undivided+0xe0>)
10002706:	0044      	lsls	r4, r0, #1
10002708:	469c      	mov	ip, r3
1000270a:	1824      	adds	r4, r4, r0
1000270c:	00a4      	lsls	r4, r4, #2
1000270e:	4464      	add	r4, ip
10002710:	6863      	ldr	r3, [r4, #4]
10002712:	4688      	mov	r8, r1
10002714:	0016      	movs	r6, r2
10002716:	2bff      	cmp	r3, #255	@ 0xff
10002718:	d802      	bhi.n	10002720 <clock_configure_undivided+0x28>
1000271a:	2380      	movs	r3, #128	@ 0x80
1000271c:	005b      	lsls	r3, r3, #1
1000271e:	6063      	str	r3, [r4, #4]
10002720:	1f03      	subs	r3, r0, #4
10002722:	b2db      	uxtb	r3, r3
10002724:	469a      	mov	sl, r3
10002726:	2b01      	cmp	r3, #1
10002728:	d930      	bls.n	1000278c <clock_configure_undivided+0x94>
1000272a:	23c0      	movs	r3, #192	@ 0xc0
1000272c:	2280      	movs	r2, #128	@ 0x80
1000272e:	019b      	lsls	r3, r3, #6
10002730:	18e3      	adds	r3, r4, r3
10002732:	0112      	lsls	r2, r2, #4
10002734:	601a      	str	r2, [r3, #0]
10002736:	4b29      	ldr	r3, [pc, #164]	@ (100027dc <clock_configure_undivided+0xe4>)
10002738:	0085      	lsls	r5, r0, #2
1000273a:	5959      	ldr	r1, [r3, r5]
1000273c:	4699      	mov	r9, r3
1000273e:	2900      	cmp	r1, #0
10002740:	d11b      	bne.n	1000277a <clock_configure_undivided+0x82>
10002742:	0173      	lsls	r3, r6, #5
10002744:	26e0      	movs	r6, #224	@ 0xe0
10002746:	6822      	ldr	r2, [r4, #0]
10002748:	4053      	eors	r3, r2
1000274a:	401e      	ands	r6, r3
1000274c:	2380      	movs	r3, #128	@ 0x80
1000274e:	4652      	mov	r2, sl
10002750:	015b      	lsls	r3, r3, #5
10002752:	18e3      	adds	r3, r4, r3
10002754:	601e      	str	r6, [r3, #0]
10002756:	2a01      	cmp	r2, #1
10002758:	d930      	bls.n	100027bc <clock_configure_undivided+0xc4>
1000275a:	2380      	movs	r3, #128	@ 0x80
1000275c:	2280      	movs	r2, #128	@ 0x80
1000275e:	019b      	lsls	r3, r3, #6
10002760:	18e3      	adds	r3, r4, r3
10002762:	0112      	lsls	r2, r2, #4
10002764:	601a      	str	r2, [r3, #0]
10002766:	2380      	movs	r3, #128	@ 0x80
10002768:	005b      	lsls	r3, r3, #1
1000276a:	6063      	str	r3, [r4, #4]
1000276c:	464b      	mov	r3, r9
1000276e:	515f      	str	r7, [r3, r5]
10002770:	bce0      	pop	{r5, r6, r7}
10002772:	46ba      	mov	sl, r7
10002774:	46b1      	mov	r9, r6
10002776:	46a8      	mov	r8, r5
10002778:	bdf0      	pop	{r4, r5, r6, r7, pc}
1000277a:	6958      	ldr	r0, [r3, #20]
1000277c:	f000 fa2a 	bl	10002bd4 <__wrap___aeabi_uidiv>
10002780:	3001      	adds	r0, #1
10002782:	0043      	lsls	r3, r0, #1
10002784:	181b      	adds	r3, r3, r0
10002786:	3b03      	subs	r3, #3
10002788:	d2fd      	bcs.n	10002786 <clock_configure_undivided+0x8e>
1000278a:	e7da      	b.n	10002742 <clock_configure_undivided+0x4a>
1000278c:	4643      	mov	r3, r8
1000278e:	2b01      	cmp	r3, #1
10002790:	d1cb      	bne.n	1000272a <clock_configure_undivided+0x32>
10002792:	23c0      	movs	r3, #192	@ 0xc0
10002794:	2203      	movs	r2, #3
10002796:	019b      	lsls	r3, r3, #6
10002798:	18e3      	adds	r3, r4, r3
1000279a:	601a      	str	r2, [r3, #0]
1000279c:	3a02      	subs	r2, #2
1000279e:	68a3      	ldr	r3, [r4, #8]
100027a0:	421a      	tst	r2, r3
100027a2:	d0fc      	beq.n	1000279e <clock_configure_undivided+0xa6>
100027a4:	0173      	lsls	r3, r6, #5
100027a6:	26e0      	movs	r6, #224	@ 0xe0
100027a8:	6822      	ldr	r2, [r4, #0]
100027aa:	0085      	lsls	r5, r0, #2
100027ac:	4053      	eors	r3, r2
100027ae:	401e      	ands	r6, r3
100027b0:	2380      	movs	r3, #128	@ 0x80
100027b2:	4a0a      	ldr	r2, [pc, #40]	@ (100027dc <clock_configure_undivided+0xe4>)
100027b4:	015b      	lsls	r3, r3, #5
100027b6:	4691      	mov	r9, r2
100027b8:	18e3      	adds	r3, r4, r3
100027ba:	601e      	str	r6, [r3, #0]
100027bc:	4642      	mov	r2, r8
100027be:	6821      	ldr	r1, [r4, #0]
100027c0:	4051      	eors	r1, r2
100027c2:	2203      	movs	r2, #3
100027c4:	400a      	ands	r2, r1
100027c6:	601a      	str	r2, [r3, #0]
100027c8:	2301      	movs	r3, #1
100027ca:	4642      	mov	r2, r8
100027cc:	4093      	lsls	r3, r2
100027ce:	68a2      	ldr	r2, [r4, #8]
100027d0:	4213      	tst	r3, r2
100027d2:	d0fc      	beq.n	100027ce <clock_configure_undivided+0xd6>
100027d4:	e7c1      	b.n	1000275a <clock_configure_undivided+0x62>
100027d6:	46c0      	nop			@ (mov r8, r8)
100027d8:	40008000 	.word	0x40008000
100027dc:	20002544 	.word	0x20002544

100027e0 <clock_get_hz>:
100027e0:	4b01      	ldr	r3, [pc, #4]	@ (100027e8 <clock_get_hz+0x8>)
100027e2:	0080      	lsls	r0, r0, #2
100027e4:	58c0      	ldr	r0, [r0, r3]
100027e6:	4770      	bx	lr
100027e8:	20002544 	.word	0x20002544

100027ec <pll_init>:
100027ec:	b5f8      	push	{r3, r4, r5, r6, r7, lr}
100027ee:	0004      	movs	r4, r0
100027f0:	4821      	ldr	r0, [pc, #132]	@ (10002878 <pll_init+0x8c>)
100027f2:	001e      	movs	r6, r3
100027f4:	0017      	movs	r7, r2
100027f6:	000d      	movs	r5, r1
100027f8:	f000 f9ec 	bl	10002bd4 <__wrap___aeabi_uidiv>
100027fc:	0001      	movs	r1, r0
100027fe:	0038      	movs	r0, r7
10002800:	f000 f9e8 	bl	10002bd4 <__wrap___aeabi_uidiv>
10002804:	9b06      	ldr	r3, [sp, #24]
10002806:	0436      	lsls	r6, r6, #16
10002808:	031b      	lsls	r3, r3, #12
1000280a:	431e      	orrs	r6, r3
1000280c:	6823      	ldr	r3, [r4, #0]
1000280e:	2b00      	cmp	r3, #0
10002810:	db20      	blt.n	10002854 <pll_init+0x68>
10002812:	4b1a      	ldr	r3, [pc, #104]	@ (1000287c <pll_init+0x90>)
10002814:	491a      	ldr	r1, [pc, #104]	@ (10002880 <pll_init+0x94>)
10002816:	18e3      	adds	r3, r4, r3
10002818:	1e5a      	subs	r2, r3, #1
1000281a:	4193      	sbcs	r3, r2
1000281c:	2280      	movs	r2, #128	@ 0x80
1000281e:	0192      	lsls	r2, r2, #6
10002820:	4694      	mov	ip, r2
10002822:	425b      	negs	r3, r3
10002824:	0b1b      	lsrs	r3, r3, #12
10002826:	4a17      	ldr	r2, [pc, #92]	@ (10002884 <pll_init+0x98>)
10002828:	031b      	lsls	r3, r3, #12
1000282a:	4463      	add	r3, ip
1000282c:	6013      	str	r3, [r2, #0]
1000282e:	4a16      	ldr	r2, [pc, #88]	@ (10002888 <pll_init+0x9c>)
10002830:	6013      	str	r3, [r2, #0]
10002832:	001f      	movs	r7, r3
10002834:	680a      	ldr	r2, [r1, #0]
10002836:	4397      	bics	r7, r2
10002838:	d1fb      	bne.n	10002832 <pll_init+0x46>
1000283a:	4b14      	ldr	r3, [pc, #80]	@ (1000288c <pll_init+0xa0>)
1000283c:	6025      	str	r5, [r4, #0]
1000283e:	18e2      	adds	r2, r4, r3
10002840:	2321      	movs	r3, #33	@ 0x21
10002842:	60a0      	str	r0, [r4, #8]
10002844:	6013      	str	r3, [r2, #0]
10002846:	6823      	ldr	r3, [r4, #0]
10002848:	2b00      	cmp	r3, #0
1000284a:	dafc      	bge.n	10002846 <pll_init+0x5a>
1000284c:	2308      	movs	r3, #8
1000284e:	60e6      	str	r6, [r4, #12]
10002850:	6013      	str	r3, [r2, #0]
10002852:	bdf8      	pop	{r3, r4, r5, r6, r7, pc}
10002854:	233f      	movs	r3, #63	@ 0x3f
10002856:	6822      	ldr	r2, [r4, #0]
10002858:	4013      	ands	r3, r2
1000285a:	42ab      	cmp	r3, r5
1000285c:	d1d9      	bne.n	10002812 <pll_init+0x26>
1000285e:	68a3      	ldr	r3, [r4, #8]
10002860:	051b      	lsls	r3, r3, #20
10002862:	0d1b      	lsrs	r3, r3, #20
10002864:	4283      	cmp	r3, r0
10002866:	d1d4      	bne.n	10002812 <pll_init+0x26>
10002868:	22ee      	movs	r2, #238	@ 0xee
1000286a:	68e3      	ldr	r3, [r4, #12]
1000286c:	02d2      	lsls	r2, r2, #11
1000286e:	4013      	ands	r3, r2
10002870:	42b3      	cmp	r3, r6
10002872:	d1ce      	bne.n	10002812 <pll_init+0x26>
10002874:	e7ed      	b.n	10002852 <pll_init+0x66>
10002876:	46c0      	nop			@ (mov r8, r8)
10002878:	00b71b00 	.word	0x00b71b00
1000287c:	bffd4000 	.word	0xbffd4000
10002880:	4000c008 	.word	0x4000c008
10002884:	4000e000 	.word	0x4000e000
10002888:	4000f000 	.word	0x4000f000
1000288c:	00003004 	.word	0x00003004

10002890 <tick_start>:
10002890:	2380      	movs	r3, #128	@ 0x80
10002892:	4a02      	ldr	r2, [pc, #8]	@ (1000289c <tick_start+0xc>)
10002894:	009b      	lsls	r3, r3, #2
10002896:	430b      	orrs	r3, r1
10002898:	62d3      	str	r3, [r2, #44]	@ 0x2c
1000289a:	4770      	bx	lr
1000289c:	40058000 	.word	0x40058000

100028a0 <rom_func_lookup>:
100028a0:	2300      	movs	r3, #0
100028a2:	b510      	push	{r4, lr}
100028a4:	0001      	movs	r1, r0
100028a6:	8a98      	ldrh	r0, [r3, #20]
100028a8:	8b1b      	ldrh	r3, [r3, #24]
100028aa:	4798      	blx	r3
100028ac:	bd10      	pop	{r4, pc}
100028ae:	46c0      	nop			@ (mov r8, r8)

100028b0 <rom_data_lookup>:
100028b0:	2316      	movs	r3, #22
100028b2:	b510      	push	{r4, lr}
100028b4:	0001      	movs	r1, r0
100028b6:	8818      	ldrh	r0, [r3, #0]
100028b8:	3302      	adds	r3, #2
100028ba:	881b      	ldrh	r3, [r3, #0]
100028bc:	4798      	blx	r3
100028be:	bd10      	pop	{r4, pc}

100028c0 <rom_funcs_lookup>:
100028c0:	b5f8      	push	{r3, r4, r5, r6, r7, lr}
100028c2:	4647      	mov	r7, r8
100028c4:	46ce      	mov	lr, r9
100028c6:	b580      	push	{r7, lr}
100028c8:	1e0f      	subs	r7, r1, #0
100028ca:	d018      	beq.n	100028fe <rom_funcs_lookup+0x3e>
100028cc:	2314      	movs	r3, #20
100028ce:	4699      	mov	r9, r3
100028d0:	3304      	adds	r3, #4
100028d2:	0004      	movs	r4, r0
100028d4:	2500      	movs	r5, #0
100028d6:	2601      	movs	r6, #1
100028d8:	4698      	mov	r8, r3
100028da:	464b      	mov	r3, r9
100028dc:	8818      	ldrh	r0, [r3, #0]
100028de:	4643      	mov	r3, r8
100028e0:	6821      	ldr	r1, [r4, #0]
100028e2:	881b      	ldrh	r3, [r3, #0]
100028e4:	4798      	blx	r3
100028e6:	c401      	stmia	r4!, {r0}
100028e8:	1e43      	subs	r3, r0, #1
100028ea:	4198      	sbcs	r0, r3
100028ec:	3501      	adds	r5, #1
100028ee:	4006      	ands	r6, r0
100028f0:	42af      	cmp	r7, r5
100028f2:	d1f2      	bne.n	100028da <rom_funcs_lookup+0x1a>
100028f4:	0030      	movs	r0, r6
100028f6:	bcc0      	pop	{r6, r7}
100028f8:	46b9      	mov	r9, r7
100028fa:	46b0      	mov	r8, r6
100028fc:	bdf8      	pop	{r3, r4, r5, r6, r7, pc}
100028fe:	2601      	movs	r6, #1
10002900:	e7f8      	b.n	100028f4 <rom_funcs_lookup+0x34>
10002902:	46c0      	nop			@ (mov r8, r8)

10002904 <xosc_init>:
10002904:	23aa      	movs	r3, #170	@ 0xaa
10002906:	4a06      	ldr	r2, [pc, #24]	@ (10002920 <xosc_init+0x1c>)
10002908:	011b      	lsls	r3, r3, #4
1000290a:	6013      	str	r3, [r2, #0]
1000290c:	238d      	movs	r3, #141	@ 0x8d
1000290e:	005b      	lsls	r3, r3, #1
10002910:	60d3      	str	r3, [r2, #12]
10002912:	4904      	ldr	r1, [pc, #16]	@ (10002924 <xosc_init+0x20>)
10002914:	4b04      	ldr	r3, [pc, #16]	@ (10002928 <xosc_init+0x24>)
10002916:	6019      	str	r1, [r3, #0]
10002918:	6853      	ldr	r3, [r2, #4]
1000291a:	2b00      	cmp	r3, #0
1000291c:	dafc      	bge.n	10002918 <xosc_init+0x14>
1000291e:	4770      	bx	lr
10002920:	40024000 	.word	0x40024000
10002924:	00fab000 	.word	0x00fab000
10002928:	40026000 	.word	0x40026000

1000292c <first_per_core_initializer>:
1000292c:	4770      	bx	lr
1000292e:	46c0      	nop			@ (mov r8, r8)

10002930 <hard_assertion_failure>:
10002930:	b510      	push	{r4, lr}
10002932:	4801      	ldr	r0, [pc, #4]	@ (10002938 <hard_assertion_failure+0x8>)
10002934:	f7ff f8d4 	bl	10001ae0 <panic>
10002938:	100089f4 	.word	0x100089f4

1000293c <runtime_run_initializers>:
1000293c:	b570      	push	{r4, r5, r6, lr}
1000293e:	4d07      	ldr	r5, [pc, #28]	@ (1000295c <runtime_run_initializers+0x20>)
10002940:	4e07      	ldr	r6, [pc, #28]	@ (10002960 <runtime_run_initializers+0x24>)
10002942:	42b5      	cmp	r5, r6
10002944:	d209      	bcs.n	1000295a <runtime_run_initializers+0x1e>
10002946:	2400      	movs	r4, #0
10002948:	3e01      	subs	r6, #1
1000294a:	1b76      	subs	r6, r6, r5
1000294c:	08b6      	lsrs	r6, r6, #2
1000294e:	cd08      	ldmia	r5!, {r3}
10002950:	4798      	blx	r3
10002952:	0023      	movs	r3, r4
10002954:	3401      	adds	r4, #1
10002956:	42b3      	cmp	r3, r6
10002958:	d1f9      	bne.n	1000294e <runtime_run_initializers+0x12>
1000295a:	bd70      	pop	{r4, r5, r6, pc}
1000295c:	10008940 	.word	0x10008940
10002960:	1000897c 	.word	0x1000897c

10002964 <runtime_init_early_resets>:
10002964:	4b05      	ldr	r3, [pc, #20]	@ (1000297c <runtime_init_early_resets+0x18>)
10002966:	4a06      	ldr	r2, [pc, #24]	@ (10002980 <runtime_init_early_resets+0x1c>)
10002968:	4906      	ldr	r1, [pc, #24]	@ (10002984 <runtime_init_early_resets+0x20>)
1000296a:	601a      	str	r2, [r3, #0]
1000296c:	4a06      	ldr	r2, [pc, #24]	@ (10002988 <runtime_init_early_resets+0x24>)
1000296e:	4b07      	ldr	r3, [pc, #28]	@ (1000298c <runtime_init_early_resets+0x28>)
10002970:	601a      	str	r2, [r3, #0]
10002972:	0010      	movs	r0, r2
10002974:	680b      	ldr	r3, [r1, #0]
10002976:	4398      	bics	r0, r3
10002978:	d1fb      	bne.n	10002972 <runtime_init_early_resets+0xe>
1000297a:	4770      	bx	lr
1000297c:	4000e000 	.word	0x4000e000
10002980:	fefbcdbf 	.word	0xfefbcdbf
10002984:	4000c008 	.word	0x4000c008
10002988:	003c7ffe 	.word	0x003c7ffe
1000298c:	4000f000 	.word	0x4000f000

10002990 <runtime_init_usb_power_down>:
10002990:	4b04      	ldr	r3, [pc, #16]	@ (100029a4 <runtime_init_usb_power_down+0x14>)
10002992:	6cdb      	ldr	r3, [r3, #76]	@ 0x4c
10002994:	2b00      	cmp	r3, #0
10002996:	d103      	bne.n	100029a0 <runtime_init_usb_power_down+0x10>
10002998:	2280      	movs	r2, #128	@ 0x80
1000299a:	4b03      	ldr	r3, [pc, #12]	@ (100029a8 <runtime_init_usb_power_down+0x18>)
1000299c:	02d2      	lsls	r2, r2, #11
1000299e:	601a      	str	r2, [r3, #0]
100029a0:	4770      	bx	lr
100029a2:	46c0      	nop			@ (mov r8, r8)
100029a4:	50110000 	.word	0x50110000
100029a8:	5011204c 	.word	0x5011204c

100029ac <runtime_init_post_clock_resets>:
100029ac:	4a04      	ldr	r2, [pc, #16]	@ (100029c0 <runtime_init_post_clock_resets+0x14>)
100029ae:	4b05      	ldr	r3, [pc, #20]	@ (100029c4 <runtime_init_post_clock_resets+0x18>)
100029b0:	601a      	str	r2, [r3, #0]
100029b2:	4a05      	ldr	r2, [pc, #20]	@ (100029c8 <runtime_init_post_clock_resets+0x1c>)
100029b4:	6813      	ldr	r3, [r2, #0]
100029b6:	01db      	lsls	r3, r3, #7
100029b8:	3380      	adds	r3, #128	@ 0x80
100029ba:	d1fb      	bne.n	100029b4 <runtime_init_post_clock_resets+0x8>
100029bc:	4770      	bx	lr
100029be:	46c0      	nop			@ (mov r8, r8)
100029c0:	01ffffff 	.word	0x01ffffff
100029c4:	4000f000 	.word	0x4000f000
100029c8:	4000c008 	.word	0x4000c008

100029cc <runtime_init_rp2040_gpio_ie_disable>:
100029cc:	2240      	movs	r2, #64	@ 0x40
100029ce:	4b03      	ldr	r3, [pc, #12]	@ (100029dc <runtime_init_rp2040_gpio_ie_disable+0x10>)
100029d0:	679a      	str	r2, [r3, #120]	@ 0x78
100029d2:	675a      	str	r2, [r3, #116]	@ 0x74
100029d4:	671a      	str	r2, [r3, #112]	@ 0x70
100029d6:	66da      	str	r2, [r3, #108]	@ 0x6c
100029d8:	4770      	bx	lr
100029da:	46c0      	nop			@ (mov r8, r8)
100029dc:	4001f000 	.word	0x4001f000

100029e0 <runtime_init_spin_locks_reset>:
100029e0:	b510      	push	{r4, lr}
100029e2:	f7ff f8c3 	bl	10001b6c <spin_locks_reset>
100029e6:	bd10      	pop	{r4, pc}

100029e8 <runtime_init_install_ram_vector_table>:
100029e8:	b5f8      	push	{r3, r4, r5, r6, r7, lr}
100029ea:	4927      	ldr	r1, [pc, #156]	@ (10002a88 <runtime_init_install_ram_vector_table+0xa0>)
100029ec:	4c27      	ldr	r4, [pc, #156]	@ (10002a8c <runtime_init_install_ram_vector_table+0xa4>)
100029ee:	4d28      	ldr	r5, [pc, #160]	@ (10002a90 <runtime_init_install_ram_vector_table+0xa8>)
100029f0:	1a64      	subs	r4, r4, r1
100029f2:	10a6      	asrs	r6, r4, #2
100029f4:	0032      	movs	r2, r6
100029f6:	2e30      	cmp	r6, #48	@ 0x30
100029f8:	d900      	bls.n	100029fc <runtime_init_install_ram_vector_table+0x14>
100029fa:	2230      	movs	r2, #48	@ 0x30
100029fc:	0028      	movs	r0, r5
100029fe:	0092      	lsls	r2, r2, #2
10002a00:	f000 ffb4 	bl	1000396c <__wrap___aeabi_memcpy>
10002a04:	2cbc      	cmp	r4, #188	@ 0xbc
10002a06:	d83b      	bhi.n	10002a80 <runtime_init_install_ram_vector_table+0x98>
10002a08:	2030      	movs	r0, #48	@ 0x30
10002a0a:	232f      	movs	r3, #47	@ 0x2f
10002a0c:	192c      	adds	r4, r5, r4
10002a0e:	0764      	lsls	r4, r4, #29
10002a10:	4a20      	ldr	r2, [pc, #128]	@ (10002a94 <runtime_init_install_ram_vector_table+0xac>)
10002a12:	1b80      	subs	r0, r0, r6
10002a14:	0fe4      	lsrs	r4, r4, #31
10002a16:	1b9b      	subs	r3, r3, r6
10002a18:	2b05      	cmp	r3, #5
10002a1a:	d916      	bls.n	10002a4a <runtime_init_install_ram_vector_table+0x62>
10002a1c:	0037      	movs	r7, r6
10002a1e:	2c00      	cmp	r4, #0
10002a20:	d002      	beq.n	10002a28 <runtime_init_install_ram_vector_table+0x40>
10002a22:	00b3      	lsls	r3, r6, #2
10002a24:	1c77      	adds	r7, r6, #1
10002a26:	50ea      	str	r2, [r5, r3]
10002a28:	1b00      	subs	r0, r0, r4
10002a2a:	1933      	adds	r3, r6, r4
10002a2c:	009b      	lsls	r3, r3, #2
10002a2e:	0841      	lsrs	r1, r0, #1
10002a30:	18eb      	adds	r3, r5, r3
10002a32:	00c9      	lsls	r1, r1, #3
10002a34:	18c9      	adds	r1, r1, r3
10002a36:	601a      	str	r2, [r3, #0]
10002a38:	605a      	str	r2, [r3, #4]
10002a3a:	3308      	adds	r3, #8
10002a3c:	4299      	cmp	r1, r3
10002a3e:	d1fa      	bne.n	10002a36 <runtime_init_install_ram_vector_table+0x4e>
10002a40:	2301      	movs	r3, #1
10002a42:	4203      	tst	r3, r0
10002a44:	d01c      	beq.n	10002a80 <runtime_init_install_ram_vector_table+0x98>
10002a46:	4398      	bics	r0, r3
10002a48:	19c6      	adds	r6, r0, r7
10002a4a:	00b3      	lsls	r3, r6, #2
10002a4c:	50ea      	str	r2, [r5, r3]
10002a4e:	1c73      	adds	r3, r6, #1
10002a50:	2e2f      	cmp	r6, #47	@ 0x2f
10002a52:	d015      	beq.n	10002a80 <runtime_init_install_ram_vector_table+0x98>
10002a54:	009b      	lsls	r3, r3, #2
10002a56:	50ea      	str	r2, [r5, r3]
10002a58:	1cb3      	adds	r3, r6, #2
10002a5a:	2e2e      	cmp	r6, #46	@ 0x2e
10002a5c:	d010      	beq.n	10002a80 <runtime_init_install_ram_vector_table+0x98>
10002a5e:	009b      	lsls	r3, r3, #2
10002a60:	50ea      	str	r2, [r5, r3]
10002a62:	1cf3      	adds	r3, r6, #3
10002a64:	2e2d      	cmp	r6, #45	@ 0x2d
10002a66:	d00b      	beq.n	10002a80 <runtime_init_install_ram_vector_table+0x98>
10002a68:	009b      	lsls	r3, r3, #2
10002a6a:	50ea      	str	r2, [r5, r3]
10002a6c:	1d33      	adds	r3, r6, #4
10002a6e:	2e2c      	cmp	r6, #44	@ 0x2c
10002a70:	d006      	beq.n	10002a80 <runtime_init_install_ram_vector_table+0x98>
10002a72:	009b      	lsls	r3, r3, #2
10002a74:	50ea      	str	r2, [r5, r3]
10002a76:	1d73      	adds	r3, r6, #5
10002a78:	2e2b      	cmp	r6, #43	@ 0x2b
10002a7a:	d001      	beq.n	10002a80 <runtime_init_install_ram_vector_table+0x98>
10002a7c:	009b      	lsls	r3, r3, #2
10002a7e:	50ea      	str	r2, [r5, r3]
10002a80:	4b05      	ldr	r3, [pc, #20]	@ (10002a98 <runtime_init_install_ram_vector_table+0xb0>)
10002a82:	609d      	str	r5, [r3, #8]
10002a84:	bdf8      	pop	{r3, r4, r5, r6, r7, pc}
10002a86:	46c0      	nop			@ (mov r8, r8)
10002a88:	10000100 	.word	0x10000100
10002a8c:	100001c0 	.word	0x100001c0
10002a90:	20000000 	.word	0x20000000
10002a94:	100001c1 	.word	0x100001c1
10002a98:	e000ed00 	.word	0xe000ed00

10002a9c <runtime_init_clocks>:
10002a9c:	2300      	movs	r3, #0
10002a9e:	b510      	push	{r4, lr}
10002aa0:	4c29      	ldr	r4, [pc, #164]	@ (10002b48 <runtime_init_clocks+0xac>)
10002aa2:	b082      	sub	sp, #8
10002aa4:	67a3      	str	r3, [r4, #120]	@ 0x78
10002aa6:	f7ff ff2d 	bl	10002904 <xosc_init>
10002aaa:	2201      	movs	r2, #1
10002aac:	4b27      	ldr	r3, [pc, #156]	@ (10002b4c <runtime_init_clocks+0xb0>)
10002aae:	601a      	str	r2, [r3, #0]
10002ab0:	6c63      	ldr	r3, [r4, #68]	@ 0x44
10002ab2:	2b01      	cmp	r3, #1
10002ab4:	d1fc      	bne.n	10002ab0 <runtime_init_clocks+0x14>
10002ab6:	2203      	movs	r2, #3
10002ab8:	4b25      	ldr	r3, [pc, #148]	@ (10002b50 <runtime_init_clocks+0xb4>)
10002aba:	601a      	str	r2, [r3, #0]
10002abc:	4a22      	ldr	r2, [pc, #136]	@ (10002b48 <runtime_init_clocks+0xac>)
10002abe:	6b93      	ldr	r3, [r2, #56]	@ 0x38
10002ac0:	2b01      	cmp	r3, #1
10002ac2:	d1fc      	bne.n	10002abe <runtime_init_clocks+0x22>
10002ac4:	3301      	adds	r3, #1
10002ac6:	9300      	str	r3, [sp, #0]
10002ac8:	2101      	movs	r1, #1
10002aca:	4a22      	ldr	r2, [pc, #136]	@ (10002b54 <runtime_init_clocks+0xb8>)
10002acc:	4822      	ldr	r0, [pc, #136]	@ (10002b58 <runtime_init_clocks+0xbc>)
10002ace:	3304      	adds	r3, #4
10002ad0:	f7ff fe8c 	bl	100027ec <pll_init>
10002ad4:	2305      	movs	r3, #5
10002ad6:	2101      	movs	r1, #1
10002ad8:	9300      	str	r3, [sp, #0]
10002ada:	4a20      	ldr	r2, [pc, #128]	@ (10002b5c <runtime_init_clocks+0xc0>)
10002adc:	4820      	ldr	r0, [pc, #128]	@ (10002b60 <runtime_init_clocks+0xc4>)
10002ade:	f7ff fe85 	bl	100027ec <pll_init>
10002ae2:	2200      	movs	r2, #0
10002ae4:	2102      	movs	r1, #2
10002ae6:	2004      	movs	r0, #4
10002ae8:	4b1e      	ldr	r3, [pc, #120]	@ (10002b64 <runtime_init_clocks+0xc8>)
10002aea:	f7ff fe05 	bl	100026f8 <clock_configure_undivided>
10002aee:	2200      	movs	r2, #0
10002af0:	2101      	movs	r1, #1
10002af2:	2005      	movs	r0, #5
10002af4:	4b1c      	ldr	r3, [pc, #112]	@ (10002b68 <runtime_init_clocks+0xcc>)
10002af6:	f7ff fdff 	bl	100026f8 <clock_configure_undivided>
10002afa:	2200      	movs	r2, #0
10002afc:	2100      	movs	r1, #0
10002afe:	2007      	movs	r0, #7
10002b00:	4b1a      	ldr	r3, [pc, #104]	@ (10002b6c <runtime_init_clocks+0xd0>)
10002b02:	f7ff fdf9 	bl	100026f8 <clock_configure_undivided>
10002b06:	2200      	movs	r2, #0
10002b08:	2100      	movs	r1, #0
10002b0a:	2008      	movs	r0, #8
10002b0c:	4b17      	ldr	r3, [pc, #92]	@ (10002b6c <runtime_init_clocks+0xd0>)
10002b0e:	f7ff fdf3 	bl	100026f8 <clock_configure_undivided>
10002b12:	2380      	movs	r3, #128	@ 0x80
10002b14:	00db      	lsls	r3, r3, #3
10002b16:	9300      	str	r3, [sp, #0]
10002b18:	2200      	movs	r2, #0
10002b1a:	2100      	movs	r1, #0
10002b1c:	2009      	movs	r0, #9
10002b1e:	4b13      	ldr	r3, [pc, #76]	@ (10002b6c <runtime_init_clocks+0xd0>)
10002b20:	f7ff fd70 	bl	10002604 <clock_configure_int_divider>
10002b24:	2200      	movs	r2, #0
10002b26:	4b10      	ldr	r3, [pc, #64]	@ (10002b68 <runtime_init_clocks+0xcc>)
10002b28:	2100      	movs	r1, #0
10002b2a:	2006      	movs	r0, #6
10002b2c:	f7ff fde4 	bl	100026f8 <clock_configure_undivided>
10002b30:	2004      	movs	r0, #4
10002b32:	f7ff fe55 	bl	100027e0 <clock_get_hz>
10002b36:	490e      	ldr	r1, [pc, #56]	@ (10002b70 <runtime_init_clocks+0xd4>)
10002b38:	f000 f84c 	bl	10002bd4 <__wrap___aeabi_uidiv>
10002b3c:	0001      	movs	r1, r0
10002b3e:	2000      	movs	r0, #0
10002b40:	f7ff fea6 	bl	10002890 <tick_start>
10002b44:	b002      	add	sp, #8
10002b46:	bd10      	pop	{r4, pc}
10002b48:	40008000 	.word	0x40008000
10002b4c:	4000b03c 	.word	0x4000b03c
10002b50:	4000b030 	.word	0x4000b030
10002b54:	59682f00 	.word	0x59682f00
10002b58:	40028000 	.word	0x40028000
10002b5c:	47868c00 	.word	0x47868c00
10002b60:	4002c000 	.word	0x4002c000
10002b64:	00b71b00 	.word	0x00b71b00
10002b68:	07735940 	.word	0x07735940
10002b6c:	02dc6c00 	.word	0x02dc6c00
10002b70:	000f4240 	.word	0x000f4240

10002b74 <__aeabi_bits_init>:
10002b74:	4801      	ldr	r0, [pc, #4]	@ (10002b7c <__aeabi_bits_init+0x8>)
10002b76:	2104      	movs	r1, #4
10002b78:	4b01      	ldr	r3, [pc, #4]	@ (10002b80 <__aeabi_bits_init+0xc>)
10002b7a:	4718      	bx	r3
10002b7c:	200013e0 	.word	0x200013e0
10002b80:	100028c1 	.word	0x100028c1

10002b84 <__wrap___aeabi_idiv>:
10002b84:	4a12      	ldr	r2, [pc, #72]	@ (10002bd0 <divmod_s32s32_savestate+0x18>)
10002b86:	6f93      	ldr	r3, [r2, #120]	@ 0x78
10002b88:	089b      	lsrs	r3, r3, #2
10002b8a:	d215      	bcs.n	10002bb8 <divmod_s32s32_savestate>

10002b8c <divmod_s32s32_unsafe>:
10002b8c:	6690      	str	r0, [r2, #104]	@ 0x68
10002b8e:	66d1      	str	r1, [r2, #108]	@ 0x6c
10002b90:	2900      	cmp	r1, #0
10002b92:	d005      	beq.n	10002ba0 <divmod_s32s32_unsafe+0x14>
10002b94:	e7ff      	b.n	10002b96 <divmod_s32s32_unsafe+0xa>
10002b96:	e7ff      	b.n	10002b98 <divmod_s32s32_unsafe+0xc>
10002b98:	e7ff      	b.n	10002b9a <divmod_s32s32_unsafe+0xe>
10002b9a:	6f51      	ldr	r1, [r2, #116]	@ 0x74
10002b9c:	6f10      	ldr	r0, [r2, #112]	@ 0x70
10002b9e:	4770      	bx	lr
10002ba0:	b504      	push	{r2, lr}
10002ba2:	2180      	movs	r1, #128	@ 0x80
10002ba4:	0609      	lsls	r1, r1, #24
10002ba6:	17c2      	asrs	r2, r0, #31
10002ba8:	4051      	eors	r1, r2
10002baa:	2800      	cmp	r0, #0
10002bac:	d000      	beq.n	10002bb0 <divmod_s32s32_unsafe+0x24>
10002bae:	43c8      	mvns	r0, r1
10002bb0:	f005 fe6e 	bl	10008890 <____aeabi_idiv0_veneer>
10002bb4:	2100      	movs	r1, #0
10002bb6:	bd04      	pop	{r2, pc}

10002bb8 <divmod_s32s32_savestate>:
10002bb8:	b5f0      	push	{r4, r5, r6, r7, lr}
10002bba:	6e14      	ldr	r4, [r2, #96]	@ 0x60
10002bbc:	6e55      	ldr	r5, [r2, #100]	@ 0x64
10002bbe:	6f57      	ldr	r7, [r2, #116]	@ 0x74
10002bc0:	6f16      	ldr	r6, [r2, #112]	@ 0x70
10002bc2:	f7ff ffe3 	bl	10002b8c <divmod_s32s32_unsafe>
10002bc6:	6614      	str	r4, [r2, #96]	@ 0x60
10002bc8:	6655      	str	r5, [r2, #100]	@ 0x64
10002bca:	6757      	str	r7, [r2, #116]	@ 0x74
10002bcc:	6716      	str	r6, [r2, #112]	@ 0x70
10002bce:	bdf0      	pop	{r4, r5, r6, r7, pc}
10002bd0:	d0000000 	.word	0xd0000000

10002bd4 <__wrap___aeabi_uidiv>:
10002bd4:	4a11      	ldr	r2, [pc, #68]	@ (10002c1c <divmod_u32u32_savestate+0x18>)
10002bd6:	6f93      	ldr	r3, [r2, #120]	@ 0x78
10002bd8:	089b      	lsrs	r3, r3, #2
10002bda:	d213      	bcs.n	10002c04 <divmod_u32u32_savestate>

10002bdc <divmod_u32u32_unsafe>:
10002bdc:	6610      	str	r0, [r2, #96]	@ 0x60
10002bde:	6651      	str	r1, [r2, #100]	@ 0x64
10002be0:	2900      	cmp	r1, #0
10002be2:	d005      	beq.n	10002bf0 <divmod_u32u32_unsafe+0x14>
10002be4:	e7ff      	b.n	10002be6 <divmod_u32u32_unsafe+0xa>
10002be6:	e7ff      	b.n	10002be8 <divmod_u32u32_unsafe+0xc>
10002be8:	e7ff      	b.n	10002bea <divmod_u32u32_unsafe+0xe>
10002bea:	6f51      	ldr	r1, [r2, #116]	@ 0x74
10002bec:	6f10      	ldr	r0, [r2, #112]	@ 0x70
10002bee:	4770      	bx	lr
10002bf0:	b504      	push	{r2, lr}
10002bf2:	2800      	cmp	r0, #0
10002bf4:	d001      	beq.n	10002bfa <divmod_u32u32_unsafe+0x1e>
10002bf6:	2000      	movs	r0, #0
10002bf8:	43c0      	mvns	r0, r0
10002bfa:	f005 fe49 	bl	10008890 <____aeabi_idiv0_veneer>
10002bfe:	2100      	movs	r1, #0
10002c00:	bd04      	pop	{r2, pc}
10002c02:	46c0      	nop			@ (mov r8, r8)

10002c04 <divmod_u32u32_savestate>:
10002c04:	b5f0      	push	{r4, r5, r6, r7, lr}
10002c06:	6e14      	ldr	r4, [r2, #96]	@ 0x60
10002c08:	6e55      	ldr	r5, [r2, #100]	@ 0x64
10002c0a:	6f57      	ldr	r7, [r2, #116]	@ 0x74
10002c0c:	6f16      	ldr	r6, [r2, #112]	@ 0x70
10002c0e:	f7ff ffe5 	bl	10002bdc <divmod_u32u32_unsafe>
10002c12:	6614      	str	r4, [r2, #96]	@ 0x60
10002c14:	6655      	str	r5, [r2, #100]	@ 0x64
10002c16:	6757      	str	r7, [r2, #116]	@ 0x74
10002c18:	6716      	str	r6, [r2, #112]	@ 0x70
10002c1a:	bdf0      	pop	{r4, r5, r6, r7, pc}
10002c1c:	d0000000 	.word	0xd0000000

10002c20 <__wrap___aeabi_ldivmod>:
10002c20:	4694      	mov	ip, r2
10002c22:	4a4a      	ldr	r2, [pc, #296]	@ (10002d4c <udiv0+0x1a>)
10002c24:	6f92      	ldr	r2, [r2, #120]	@ 0x78
10002c26:	0892      	lsrs	r2, r2, #2
10002c28:	4662      	mov	r2, ip
10002c2a:	d201      	bcs.n	10002c30 <divmod_s64s64_savestate>
10002c2c:	e028      	b.n	10002c80 <divmod_s64s64_unsafe>
10002c2e:	46c0      	nop			@ (mov r8, r8)

10002c30 <divmod_s64s64_savestate>:
10002c30:	b5f0      	push	{r4, r5, r6, r7, lr}
10002c32:	4e46      	ldr	r6, [pc, #280]	@ (10002d4c <udiv0+0x1a>)
10002c34:	6e34      	ldr	r4, [r6, #96]	@ 0x60
10002c36:	6e75      	ldr	r5, [r6, #100]	@ 0x64
10002c38:	6f77      	ldr	r7, [r6, #116]	@ 0x74
10002c3a:	6f36      	ldr	r6, [r6, #112]	@ 0x70
10002c3c:	f000 f820 	bl	10002c80 <divmod_s64s64_unsafe>
10002c40:	4694      	mov	ip, r2
10002c42:	4a42      	ldr	r2, [pc, #264]	@ (10002d4c <udiv0+0x1a>)
10002c44:	6614      	str	r4, [r2, #96]	@ 0x60
10002c46:	6655      	str	r5, [r2, #100]	@ 0x64
10002c48:	6757      	str	r7, [r2, #116]	@ 0x74
10002c4a:	6716      	str	r6, [r2, #112]	@ 0x70
10002c4c:	4662      	mov	r2, ip
10002c4e:	bdf0      	pop	{r4, r5, r6, r7, pc}

10002c50 <__wrap___aeabi_uldivmod>:
10002c50:	4694      	mov	ip, r2
10002c52:	4a3e      	ldr	r2, [pc, #248]	@ (10002d4c <udiv0+0x1a>)
10002c54:	6f92      	ldr	r2, [r2, #120]	@ 0x78
10002c56:	0892      	lsrs	r2, r2, #2
10002c58:	4662      	mov	r2, ip
10002c5a:	d201      	bcs.n	10002c60 <divmod_u64u64_savestate>
10002c5c:	e054      	b.n	10002d08 <divmod_u64u64_unsafe>
10002c5e:	46c0      	nop			@ (mov r8, r8)

10002c60 <divmod_u64u64_savestate>:
10002c60:	b5f0      	push	{r4, r5, r6, r7, lr}
10002c62:	4e3a      	ldr	r6, [pc, #232]	@ (10002d4c <udiv0+0x1a>)
10002c64:	6e34      	ldr	r4, [r6, #96]	@ 0x60
10002c66:	6e75      	ldr	r5, [r6, #100]	@ 0x64
10002c68:	6f77      	ldr	r7, [r6, #116]	@ 0x74
10002c6a:	6f36      	ldr	r6, [r6, #112]	@ 0x70
10002c6c:	f000 f84c 	bl	10002d08 <divmod_u64u64_unsafe>
10002c70:	4694      	mov	ip, r2
10002c72:	4a36      	ldr	r2, [pc, #216]	@ (10002d4c <udiv0+0x1a>)
10002c74:	6614      	str	r4, [r2, #96]	@ 0x60
10002c76:	6655      	str	r5, [r2, #100]	@ 0x64
10002c78:	6757      	str	r7, [r2, #116]	@ 0x74
10002c7a:	6716      	str	r6, [r2, #112]	@ 0x70
10002c7c:	4662      	mov	r2, ip
10002c7e:	bdf0      	pop	{r4, r5, r6, r7, pc}

10002c80 <divmod_s64s64_unsafe>:
10002c80:	2b00      	cmp	r3, #0
10002c82:	db24      	blt.n	10002cce <l42_1+0x26>
10002c84:	d011      	beq.n	10002caa <l42_1+0x2>
10002c86:	2900      	cmp	r1, #0
10002c88:	da3e      	bge.n	10002d08 <divmod_u64u64_unsafe>
10002c8a:	b500      	push	{lr}
10002c8c:	43c9      	mvns	r1, r1
10002c8e:	4240      	negs	r0, r0
10002c90:	d100      	bne.n	10002c94 <l40_1>
10002c92:	3101      	adds	r1, #1

10002c94 <l40_1>:
10002c94:	f000 f838 	bl	10002d08 <divmod_u64u64_unsafe>
10002c98:	43c9      	mvns	r1, r1
10002c9a:	4240      	negs	r0, r0
10002c9c:	d100      	bne.n	10002ca0 <l41_1>
10002c9e:	3101      	adds	r1, #1

10002ca0 <l41_1>:
10002ca0:	43db      	mvns	r3, r3
10002ca2:	4252      	negs	r2, r2
10002ca4:	d100      	bne.n	10002ca8 <l42_1>
10002ca6:	3301      	adds	r3, #1

10002ca8 <l42_1>:
10002ca8:	bd00      	pop	{pc}
10002caa:	2a00      	cmp	r2, #0
10002cac:	d1eb      	bne.n	10002c86 <divmod_s64s64_unsafe+0x6>
10002cae:	2800      	cmp	r0, #0
10002cb0:	d101      	bne.n	10002cb6 <l42_1+0xe>
10002cb2:	2900      	cmp	r1, #0
10002cb4:	d005      	beq.n	10002cc2 <l42_1+0x1a>
10002cb6:	2000      	movs	r0, #0
10002cb8:	0fc9      	lsrs	r1, r1, #31
10002cba:	07c9      	lsls	r1, r1, #31
10002cbc:	d101      	bne.n	10002cc2 <l42_1+0x1a>
10002cbe:	43c0      	mvns	r0, r0
10002cc0:	0841      	lsrs	r1, r0, #1
10002cc2:	b500      	push	{lr}
10002cc4:	f005 fdb4 	bl	10008830 <____aeabi_ldiv0_veneer>
10002cc8:	2200      	movs	r2, #0
10002cca:	2300      	movs	r3, #0
10002ccc:	bd00      	pop	{pc}
10002cce:	b500      	push	{lr}
10002cd0:	2900      	cmp	r1, #0
10002cd2:	db0a      	blt.n	10002cea <l44_1+0x2>
10002cd4:	43db      	mvns	r3, r3
10002cd6:	4252      	negs	r2, r2
10002cd8:	d100      	bne.n	10002cdc <l43_1>
10002cda:	3301      	adds	r3, #1

10002cdc <l43_1>:
10002cdc:	f000 f814 	bl	10002d08 <divmod_u64u64_unsafe>
10002ce0:	43c9      	mvns	r1, r1
10002ce2:	4240      	negs	r0, r0
10002ce4:	d100      	bne.n	10002ce8 <l44_1>
10002ce6:	3101      	adds	r1, #1

10002ce8 <l44_1>:
10002ce8:	bd00      	pop	{pc}
10002cea:	43c9      	mvns	r1, r1
10002cec:	4240      	negs	r0, r0
10002cee:	d100      	bne.n	10002cf2 <l45_1>
10002cf0:	3101      	adds	r1, #1

10002cf2 <l45_1>:
10002cf2:	43db      	mvns	r3, r3
10002cf4:	4252      	negs	r2, r2
10002cf6:	d100      	bne.n	10002cfa <l46_1>
10002cf8:	3301      	adds	r3, #1

10002cfa <l46_1>:
10002cfa:	f000 f805 	bl	10002d08 <divmod_u64u64_unsafe>
10002cfe:	43db      	mvns	r3, r3
10002d00:	4252      	negs	r2, r2
10002d02:	d100      	bne.n	10002d06 <l47_1>
10002d04:	3301      	adds	r3, #1

10002d06 <l47_1>:
10002d06:	bd00      	pop	{pc}

10002d08 <divmod_u64u64_unsafe>:
10002d08:	2900      	cmp	r1, #0
10002d0a:	d123      	bne.n	10002d54 <y64>
10002d0c:	2b00      	cmp	r3, #0
10002d0e:	d118      	bne.n	10002d42 <udiv0+0x10>
10002d10:	2a00      	cmp	r2, #0
10002d12:	d00c      	beq.n	10002d2e <divmod_u64u64_unsafe+0x26>
10002d14:	46bc      	mov	ip, r7
10002d16:	4f0d      	ldr	r7, [pc, #52]	@ (10002d4c <udiv0+0x1a>)
10002d18:	6638      	str	r0, [r7, #96]	@ 0x60
10002d1a:	667a      	str	r2, [r7, #100]	@ 0x64
10002d1c:	2100      	movs	r1, #0
10002d1e:	2300      	movs	r3, #0
10002d20:	e7ff      	b.n	10002d22 <divmod_u64u64_unsafe+0x1a>
10002d22:	e7ff      	b.n	10002d24 <divmod_u64u64_unsafe+0x1c>
10002d24:	e7ff      	b.n	10002d26 <divmod_u64u64_unsafe+0x1e>
10002d26:	6f7a      	ldr	r2, [r7, #116]	@ 0x74
10002d28:	6f38      	ldr	r0, [r7, #112]	@ 0x70
10002d2a:	4667      	mov	r7, ip
10002d2c:	4770      	bx	lr
10002d2e:	2800      	cmp	r0, #0
10002d30:	d001      	beq.n	10002d36 <udiv0+0x4>

10002d32 <udiv0>:
10002d32:	4807      	ldr	r0, [pc, #28]	@ (10002d50 <udiv0+0x1e>)
10002d34:	0001      	movs	r1, r0
10002d36:	b500      	push	{lr}
10002d38:	f005 fd7a 	bl	10008830 <____aeabi_ldiv0_veneer>
10002d3c:	2200      	movs	r2, #0
10002d3e:	2300      	movs	r3, #0
10002d40:	bd00      	pop	{pc}
10002d42:	0002      	movs	r2, r0
10002d44:	000b      	movs	r3, r1
10002d46:	2000      	movs	r0, #0
10002d48:	2100      	movs	r1, #0
10002d4a:	4770      	bx	lr
10002d4c:	d0000000 	.word	0xd0000000
10002d50:	ffffffff 	.word	0xffffffff

10002d54 <y64>:
10002d54:	2b00      	cmp	r3, #0
10002d56:	d000      	beq.n	10002d5a <y64+0x6>
10002d58:	e0bf      	b.n	10002eda <y64_x48>
10002d5a:	0c13      	lsrs	r3, r2, #16
10002d5c:	d128      	bne.n	10002db0 <y64_x32>
10002d5e:	2a00      	cmp	r2, #0
10002d60:	d0e7      	beq.n	10002d32 <udiv0>
10002d62:	b480      	push	{r7}
10002d64:	4f11      	ldr	r7, [pc, #68]	@ (10002dac <y64+0x58>)
10002d66:	6639      	str	r1, [r7, #96]	@ 0x60
10002d68:	667a      	str	r2, [r7, #100]	@ 0x64
10002d6a:	e7ff      	b.n	10002d6c <y64+0x18>
10002d6c:	e7ff      	b.n	10002d6e <y64+0x1a>
10002d6e:	b430      	push	{r4, r5}
10002d70:	0c04      	lsrs	r4, r0, #16
10002d72:	6f7b      	ldr	r3, [r7, #116]	@ 0x74
10002d74:	6f39      	ldr	r1, [r7, #112]	@ 0x70
10002d76:	041b      	lsls	r3, r3, #16
10002d78:	4323      	orrs	r3, r4
10002d7a:	663b      	str	r3, [r7, #96]	@ 0x60
10002d7c:	667a      	str	r2, [r7, #100]	@ 0x64
10002d7e:	e7ff      	b.n	10002d80 <y64+0x2c>
10002d80:	e7ff      	b.n	10002d82 <y64+0x2e>
10002d82:	e7ff      	b.n	10002d84 <y64+0x30>
10002d84:	46c0      	nop			@ (mov r8, r8)
10002d86:	b284      	uxth	r4, r0
10002d88:	6f7b      	ldr	r3, [r7, #116]	@ 0x74
10002d8a:	6f3d      	ldr	r5, [r7, #112]	@ 0x70
10002d8c:	041b      	lsls	r3, r3, #16
10002d8e:	4323      	orrs	r3, r4
10002d90:	663b      	str	r3, [r7, #96]	@ 0x60
10002d92:	667a      	str	r2, [r7, #100]	@ 0x64
10002d94:	e7ff      	b.n	10002d96 <y64+0x42>
10002d96:	e7ff      	b.n	10002d98 <y64+0x44>
10002d98:	46c0      	nop			@ (mov r8, r8)
10002d9a:	2300      	movs	r3, #0
10002d9c:	042c      	lsls	r4, r5, #16
10002d9e:	0c2d      	lsrs	r5, r5, #16
10002da0:	6f7a      	ldr	r2, [r7, #116]	@ 0x74
10002da2:	6f38      	ldr	r0, [r7, #112]	@ 0x70
10002da4:	1900      	adds	r0, r0, r4
10002da6:	4169      	adcs	r1, r5
10002da8:	bcb0      	pop	{r4, r5, r7}
10002daa:	4770      	bx	lr
10002dac:	d0000000 	.word	0xd0000000

10002db0 <y64_x32>:
10002db0:	b5f0      	push	{r4, r5, r6, r7, lr}
10002db2:	4694      	mov	ip, r2
10002db4:	2500      	movs	r5, #0
10002db6:	0e14      	lsrs	r4, r2, #24
10002db8:	d101      	bne.n	10002dbe <y64_x32+0xe>
10002dba:	0212      	lsls	r2, r2, #8
10002dbc:	3508      	adds	r5, #8
10002dbe:	0f14      	lsrs	r4, r2, #28
10002dc0:	d101      	bne.n	10002dc6 <y64_x32+0x16>
10002dc2:	0112      	lsls	r2, r2, #4
10002dc4:	3504      	adds	r5, #4
10002dc6:	0f94      	lsrs	r4, r2, #30
10002dc8:	d101      	bne.n	10002dce <y64_x32+0x1e>
10002dca:	0092      	lsls	r2, r2, #2
10002dcc:	3502      	adds	r5, #2
10002dce:	0fd4      	lsrs	r4, r2, #31
10002dd0:	d101      	bne.n	10002dd6 <y64_x32+0x26>
10002dd2:	0052      	lsls	r2, r2, #1
10002dd4:	3501      	adds	r5, #1
10002dd6:	0bd4      	lsrs	r4, r2, #15
10002dd8:	3401      	adds	r4, #1
10002dda:	4f25      	ldr	r7, [pc, #148]	@ (10002e70 <y64_x32+0xc0>)
10002ddc:	667c      	str	r4, [r7, #100]	@ 0x64
10002dde:	4c25      	ldr	r4, [pc, #148]	@ (10002e74 <y64_x32+0xc4>)
10002de0:	663c      	str	r4, [r7, #96]	@ 0x60
10002de2:	0c0e      	lsrs	r6, r1, #16
10002de4:	b293      	uxth	r3, r2
10002de6:	e7ff      	b.n	10002de8 <y64_x32+0x38>
10002de8:	e7ff      	b.n	10002dea <y64_x32+0x3a>
10002dea:	e7ff      	b.n	10002dec <y64_x32+0x3c>
10002dec:	6f3c      	ldr	r4, [r7, #112]	@ 0x70
10002dee:	4366      	muls	r6, r4
10002df0:	0c36      	lsrs	r6, r6, #16
10002df2:	0377      	lsls	r7, r6, #13
10002df4:	46be      	mov	lr, r7
10002df6:	4373      	muls	r3, r6
10002df8:	0bdf      	lsrs	r7, r3, #15
10002dfa:	045b      	lsls	r3, r3, #17
10002dfc:	1ac0      	subs	r0, r0, r3
10002dfe:	41b9      	sbcs	r1, r7
10002e00:	0c13      	lsrs	r3, r2, #16
10002e02:	4373      	muls	r3, r6
10002e04:	18db      	adds	r3, r3, r3
10002e06:	1ac9      	subs	r1, r1, r3
10002e08:	08ce      	lsrs	r6, r1, #3
10002e0a:	4366      	muls	r6, r4
10002e0c:	0c36      	lsrs	r6, r6, #16
10002e0e:	44b6      	add	lr, r6
10002e10:	b293      	uxth	r3, r2
10002e12:	4373      	muls	r3, r6
10002e14:	0f1f      	lsrs	r7, r3, #28
10002e16:	011b      	lsls	r3, r3, #4
10002e18:	1ac0      	subs	r0, r0, r3
10002e1a:	41b9      	sbcs	r1, r7
10002e1c:	0c13      	lsrs	r3, r2, #16
10002e1e:	4373      	muls	r3, r6
10002e20:	0b1f      	lsrs	r7, r3, #12
10002e22:	051b      	lsls	r3, r3, #20
10002e24:	1ac0      	subs	r0, r0, r3
10002e26:	41b9      	sbcs	r1, r7
10002e28:	0d86      	lsrs	r6, r0, #22
10002e2a:	028f      	lsls	r7, r1, #10
10002e2c:	433e      	orrs	r6, r7
10002e2e:	4366      	muls	r6, r4
10002e30:	0c36      	lsrs	r6, r6, #16
10002e32:	2d09      	cmp	r5, #9
10002e34:	db24      	blt.n	10002e80 <last0>
10002e36:	0a52      	lsrs	r2, r2, #9
10002e38:	4372      	muls	r2, r6
10002e3a:	1a80      	subs	r0, r0, r2
10002e3c:	0377      	lsls	r7, r6, #13
10002e3e:	0a46      	lsrs	r6, r0, #9
10002e40:	4366      	muls	r6, r4
10002e42:	0c36      	lsrs	r6, r6, #16
10002e44:	2316      	movs	r3, #22
10002e46:	1b5b      	subs	r3, r3, r5
10002e48:	40de      	lsrs	r6, r3
10002e4a:	40df      	lsrs	r7, r3
10002e4c:	19bf      	adds	r7, r7, r6
10002e4e:	4664      	mov	r4, ip
10002e50:	4366      	muls	r6, r4
10002e52:	1b82      	subs	r2, r0, r6
10002e54:	4670      	mov	r0, lr
10002e56:	3504      	adds	r5, #4
10002e58:	3306      	adds	r3, #6
10002e5a:	0001      	movs	r1, r0
10002e5c:	40d9      	lsrs	r1, r3
10002e5e:	40a8      	lsls	r0, r5
10002e60:	19c0      	adds	r0, r0, r7
10002e62:	d300      	bcc.n	10002e66 <y64_x32+0xb6>
10002e64:	3101      	adds	r1, #1
10002e66:	42a2      	cmp	r2, r4
10002e68:	d206      	bcs.n	10002e78 <y64_x32+0xc8>
10002e6a:	2300      	movs	r3, #0
10002e6c:	bdf0      	pop	{r4, r5, r6, r7, pc}
10002e6e:	0000      	.short	0x0000
10002e70:	d0000000 	.word	0xd0000000
10002e74:	ffffffff 	.word	0xffffffff
10002e78:	1b12      	subs	r2, r2, r4
10002e7a:	3001      	adds	r0, #1
10002e7c:	d3f3      	bcc.n	10002e66 <y64_x32+0xb6>
10002e7e:	e7f1      	b.n	10002e64 <y64_x32+0xb4>

10002e80 <last0>:
10002e80:	2709      	movs	r7, #9
10002e82:	1b7f      	subs	r7, r7, r5
10002e84:	40fe      	lsrs	r6, r7
10002e86:	4664      	mov	r4, ip
10002e88:	b2a2      	uxth	r2, r4
10002e8a:	4372      	muls	r2, r6
10002e8c:	1a80      	subs	r0, r0, r2
10002e8e:	d200      	bcs.n	10002e92 <last0+0x12>
10002e90:	3901      	subs	r1, #1
10002e92:	0c22      	lsrs	r2, r4, #16
10002e94:	4372      	muls	r2, r6
10002e96:	0c13      	lsrs	r3, r2, #16
10002e98:	0412      	lsls	r2, r2, #16
10002e9a:	1a82      	subs	r2, r0, r2
10002e9c:	4199      	sbcs	r1, r3
10002e9e:	000b      	movs	r3, r1
10002ea0:	4670      	mov	r0, lr
10002ea2:	3504      	adds	r5, #4
10002ea4:	3713      	adds	r7, #19
10002ea6:	0001      	movs	r1, r0
10002ea8:	40f9      	lsrs	r1, r7
10002eaa:	40a8      	lsls	r0, r5
10002eac:	1980      	adds	r0, r0, r6
10002eae:	d300      	bcc.n	10002eb2 <last0+0x32>
10002eb0:	3101      	adds	r1, #1
10002eb2:	2b00      	cmp	r3, #0
10002eb4:	d102      	bne.n	10002ebc <last0+0x3c>
10002eb6:	42a2      	cmp	r2, r4
10002eb8:	d20a      	bcs.n	10002ed0 <last0+0x50>
10002eba:	bdf0      	pop	{r4, r5, r6, r7, pc}
10002ebc:	3001      	adds	r0, #1
10002ebe:	d300      	bcc.n	10002ec2 <last0+0x42>
10002ec0:	3101      	adds	r1, #1
10002ec2:	1b12      	subs	r2, r2, r4
10002ec4:	d2fa      	bcs.n	10002ebc <last0+0x3c>
10002ec6:	3b01      	subs	r3, #1
10002ec8:	d1f8      	bne.n	10002ebc <last0+0x3c>
10002eca:	42a2      	cmp	r2, r4
10002ecc:	d200      	bcs.n	10002ed0 <last0+0x50>
10002ece:	bdf0      	pop	{r4, r5, r6, r7, pc}
10002ed0:	3001      	adds	r0, #1
10002ed2:	d300      	bcc.n	10002ed6 <last0+0x56>
10002ed4:	3101      	adds	r1, #1
10002ed6:	1b12      	subs	r2, r2, r4
10002ed8:	e7f7      	b.n	10002eca <last0+0x4a>

10002eda <y64_x48>:
10002eda:	b5f0      	push	{r4, r5, r6, r7, lr}
10002edc:	0c1c      	lsrs	r4, r3, #16
10002ede:	d000      	beq.n	10002ee2 <y64_x48+0x8>
10002ee0:	e080      	b.n	10002fe4 <y64_x64>
10002ee2:	b40c      	push	{r2, r3}
10002ee4:	2500      	movs	r5, #0
10002ee6:	0a1c      	lsrs	r4, r3, #8
10002ee8:	d104      	bne.n	10002ef4 <y64_x48+0x1a>
10002eea:	021b      	lsls	r3, r3, #8
10002eec:	0e16      	lsrs	r6, r2, #24
10002eee:	4333      	orrs	r3, r6
10002ef0:	0212      	lsls	r2, r2, #8
10002ef2:	3508      	adds	r5, #8
10002ef4:	0b1c      	lsrs	r4, r3, #12
10002ef6:	d104      	bne.n	10002f02 <y64_x48+0x28>
10002ef8:	011b      	lsls	r3, r3, #4
10002efa:	0f16      	lsrs	r6, r2, #28
10002efc:	4333      	orrs	r3, r6
10002efe:	0112      	lsls	r2, r2, #4
10002f00:	3504      	adds	r5, #4
10002f02:	0b9c      	lsrs	r4, r3, #14
10002f04:	d104      	bne.n	10002f10 <y64_x48+0x36>
10002f06:	009b      	lsls	r3, r3, #2
10002f08:	0f96      	lsrs	r6, r2, #30
10002f0a:	4333      	orrs	r3, r6
10002f0c:	0092      	lsls	r2, r2, #2
10002f0e:	3502      	adds	r5, #2
10002f10:	0bdc      	lsrs	r4, r3, #15
10002f12:	d102      	bne.n	10002f1a <y64_x48+0x40>
10002f14:	1892      	adds	r2, r2, r2
10002f16:	415b      	adcs	r3, r3
10002f18:	3501      	adds	r5, #1
10002f1a:	001c      	movs	r4, r3
10002f1c:	1897      	adds	r7, r2, r2
10002f1e:	4164      	adcs	r4, r4
10002f20:	3401      	adds	r4, #1
10002f22:	4f46      	ldr	r7, [pc, #280]	@ (1000303c <y64_x64+0x58>)
10002f24:	667c      	str	r4, [r7, #100]	@ 0x64
10002f26:	4c46      	ldr	r4, [pc, #280]	@ (10003040 <y64_x64+0x5c>)
10002f28:	663c      	str	r4, [r7, #96]	@ 0x60
10002f2a:	0c0e      	lsrs	r6, r1, #16
10002f2c:	e7ff      	b.n	10002f2e <y64_x48+0x54>
10002f2e:	e7ff      	b.n	10002f30 <y64_x48+0x56>
10002f30:	e7ff      	b.n	10002f32 <y64_x48+0x58>
10002f32:	46c0      	nop			@ (mov r8, r8)
10002f34:	6f3c      	ldr	r4, [r7, #112]	@ 0x70
10002f36:	4366      	muls	r6, r4
10002f38:	0c36      	lsrs	r6, r6, #16
10002f3a:	0377      	lsls	r7, r6, #13
10002f3c:	46be      	mov	lr, r7
10002f3e:	b297      	uxth	r7, r2
10002f40:	4377      	muls	r7, r6
10002f42:	1bc0      	subs	r0, r0, r7
10002f44:	d200      	bcs.n	10002f48 <y64_x48+0x6e>
10002f46:	3901      	subs	r1, #1
10002f48:	1bc0      	subs	r0, r0, r7
10002f4a:	d200      	bcs.n	10002f4e <y64_x48+0x74>
10002f4c:	3901      	subs	r1, #1
10002f4e:	b29f      	uxth	r7, r3
10002f50:	4377      	muls	r7, r6
10002f52:	1bc9      	subs	r1, r1, r7
10002f54:	1bc9      	subs	r1, r1, r7
10002f56:	0c17      	lsrs	r7, r2, #16
10002f58:	4377      	muls	r7, r6
10002f5a:	047e      	lsls	r6, r7, #17
10002f5c:	0bff      	lsrs	r7, r7, #15
10002f5e:	1b80      	subs	r0, r0, r6
10002f60:	41b9      	sbcs	r1, r7
10002f62:	08ce      	lsrs	r6, r1, #3
10002f64:	4366      	muls	r6, r4
10002f66:	0c36      	lsrs	r6, r6, #16
10002f68:	2d0c      	cmp	r5, #12
10002f6a:	db33      	blt.n	10002fd4 <last1>
10002f6c:	44b6      	add	lr, r6
10002f6e:	0b12      	lsrs	r2, r2, #12
10002f70:	051f      	lsls	r7, r3, #20
10002f72:	433a      	orrs	r2, r7
10002f74:	0b1b      	lsrs	r3, r3, #12
10002f76:	b297      	uxth	r7, r2
10002f78:	4377      	muls	r7, r6
10002f7a:	1bc0      	subs	r0, r0, r7
10002f7c:	d200      	bcs.n	10002f80 <y64_x48+0xa6>
10002f7e:	3901      	subs	r1, #1
10002f80:	b29f      	uxth	r7, r3
10002f82:	4377      	muls	r7, r6
10002f84:	1bc9      	subs	r1, r1, r7
10002f86:	0c17      	lsrs	r7, r2, #16
10002f88:	4377      	muls	r7, r6
10002f8a:	043e      	lsls	r6, r7, #16
10002f8c:	0c3f      	lsrs	r7, r7, #16
10002f8e:	1b80      	subs	r0, r0, r6
10002f90:	41b9      	sbcs	r1, r7
10002f92:	0d86      	lsrs	r6, r0, #22
10002f94:	028f      	lsls	r7, r1, #10
10002f96:	433e      	orrs	r6, r7
10002f98:	4366      	muls	r6, r4
10002f9a:	2729      	movs	r7, #41	@ 0x29
10002f9c:	1b7f      	subs	r7, r7, r5
10002f9e:	40fe      	lsrs	r6, r7
10002fa0:	3d0c      	subs	r5, #12
10002fa2:	4677      	mov	r7, lr
10002fa4:	40af      	lsls	r7, r5
10002fa6:	19bf      	adds	r7, r7, r6
10002fa8:	bc30      	pop	{r4, r5}
10002faa:	b2a2      	uxth	r2, r4
10002fac:	b2ab      	uxth	r3, r5
10002fae:	4372      	muls	r2, r6
10002fb0:	4373      	muls	r3, r6
10002fb2:	1a80      	subs	r0, r0, r2
10002fb4:	4199      	sbcs	r1, r3
10002fb6:	0c22      	lsrs	r2, r4, #16
10002fb8:	4372      	muls	r2, r6
10002fba:	0c13      	lsrs	r3, r2, #16
10002fbc:	0412      	lsls	r2, r2, #16
10002fbe:	1a80      	subs	r0, r0, r2
10002fc0:	4199      	sbcs	r1, r3
10002fc2:	0002      	movs	r2, r0
10002fc4:	000b      	movs	r3, r1
10002fc6:	3701      	adds	r7, #1
10002fc8:	1b00      	subs	r0, r0, r4
10002fca:	41a9      	sbcs	r1, r5
10002fcc:	d2f9      	bcs.n	10002fc2 <y64_x48+0xe8>
10002fce:	1e78      	subs	r0, r7, #1
10002fd0:	2100      	movs	r1, #0
10002fd2:	bdf0      	pop	{r4, r5, r6, r7, pc}

10002fd4 <last1>:
10002fd4:	270c      	movs	r7, #12
10002fd6:	1b7f      	subs	r7, r7, r5
10002fd8:	40fe      	lsrs	r6, r7
10002fda:	4677      	mov	r7, lr
10002fdc:	0b7f      	lsrs	r7, r7, #13
10002fde:	40af      	lsls	r7, r5
10002fe0:	19ff      	adds	r7, r7, r7
10002fe2:	e7e0      	b.n	10002fa6 <y64_x48+0xcc>

10002fe4 <y64_x64>:
10002fe4:	2400      	movs	r4, #0
10002fe6:	1c5d      	adds	r5, r3, #1
10002fe8:	d007      	beq.n	10002ffa <y64_x64+0x16>
10002fea:	4f14      	ldr	r7, [pc, #80]	@ (1000303c <y64_x64+0x58>)
10002fec:	667d      	str	r5, [r7, #100]	@ 0x64
10002fee:	6639      	str	r1, [r7, #96]	@ 0x60
10002ff0:	e7ff      	b.n	10002ff2 <y64_x64+0xe>
10002ff2:	e7ff      	b.n	10002ff4 <y64_x64+0x10>
10002ff4:	e7ff      	b.n	10002ff6 <y64_x64+0x12>
10002ff6:	e7ff      	b.n	10002ff8 <y64_x64+0x14>
10002ff8:	6f3c      	ldr	r4, [r7, #112]	@ 0x70
10002ffa:	b295      	uxth	r5, r2
10002ffc:	b29e      	uxth	r6, r3
10002ffe:	4365      	muls	r5, r4
10003000:	4366      	muls	r6, r4
10003002:	1b40      	subs	r0, r0, r5
10003004:	41b1      	sbcs	r1, r6
10003006:	0c15      	lsrs	r5, r2, #16
10003008:	0c1e      	lsrs	r6, r3, #16
1000300a:	4365      	muls	r5, r4
1000300c:	4366      	muls	r6, r4
1000300e:	0436      	lsls	r6, r6, #16
10003010:	0c2f      	lsrs	r7, r5, #16
10003012:	433e      	orrs	r6, r7
10003014:	042d      	lsls	r5, r5, #16
10003016:	1b40      	subs	r0, r0, r5
10003018:	41b1      	sbcs	r1, r6
1000301a:	4299      	cmp	r1, r3
1000301c:	d204      	bcs.n	10003028 <y64_x64+0x44>
1000301e:	0002      	movs	r2, r0
10003020:	000b      	movs	r3, r1
10003022:	0020      	movs	r0, r4
10003024:	2100      	movs	r1, #0
10003026:	bdf0      	pop	{r4, r5, r6, r7, pc}
10003028:	d101      	bne.n	1000302e <y64_x64+0x4a>
1000302a:	4290      	cmp	r0, r2
1000302c:	d3f7      	bcc.n	1000301e <y64_x64+0x3a>
1000302e:	1a80      	subs	r0, r0, r2
10003030:	4199      	sbcs	r1, r3
10003032:	3401      	adds	r4, #1
10003034:	4299      	cmp	r1, r3
10003036:	d3f2      	bcc.n	1000301e <y64_x64+0x3a>
10003038:	e7f6      	b.n	10003028 <y64_x64+0x44>
1000303a:	0000      	.short	0x0000
1000303c:	d0000000 	.word	0xd0000000
10003040:	ffffffff 	.word	0xffffffff

10003044 <__wrap___aeabi_drsub>:
10003044:	4048      	eors	r0, r1
10003046:	4041      	eors	r1, r0
10003048:	4048      	eors	r0, r1

1000304a <__wrap___aeabi_dsub>:
1000304a:	b418      	push	{r3, r4}
1000304c:	4b1b      	ldr	r3, [pc, #108]	@ (100030bc <__wrap___aeabi_dmul+0x12>)
1000304e:	685b      	ldr	r3, [r3, #4]
10003050:	46fc      	mov	ip, pc
10003052:	9301      	str	r3, [sp, #4]
10003054:	bd08      	pop	{r3, pc}
10003056:	df04      	.short	0xdf04
10003058:	100032ef 	.word	0x100032ef

1000305c <__wrap___aeabi_dadd>:
1000305c:	b418      	push	{r3, r4}
1000305e:	4b17      	ldr	r3, [pc, #92]	@ (100030bc <__wrap___aeabi_dmul+0x12>)
10003060:	681b      	ldr	r3, [r3, #0]
10003062:	46fc      	mov	ip, pc
10003064:	9301      	str	r3, [sp, #4]
10003066:	bd08      	pop	{r3, pc}
10003068:	32f9df00 	.word	0x32f9df00
1000306c:	1000      	.short	0x1000

1000306e <__wrap___aeabi_ddiv>:
1000306e:	4694      	mov	ip, r2
10003070:	4a13      	ldr	r2, [pc, #76]	@ (100030c0 <__wrap___aeabi_dmul+0x16>)
10003072:	6f92      	ldr	r2, [r2, #120]	@ 0x78
10003074:	0892      	lsrs	r2, r2, #2
10003076:	d209      	bcs.n	1000308c <ddiv_save_state>
10003078:	4662      	mov	r2, ip

1000307a <ddiv_shim_call>:
1000307a:	b418      	push	{r3, r4}
1000307c:	4b0f      	ldr	r3, [pc, #60]	@ (100030bc <__wrap___aeabi_dmul+0x12>)
1000307e:	68db      	ldr	r3, [r3, #12]
10003080:	46fc      	mov	ip, pc
10003082:	9301      	str	r3, [sp, #4]
10003084:	bd08      	pop	{r3, pc}
10003086:	df0c      	.short	0xdf0c
10003088:	100035b1 	.word	0x100035b1

1000308c <ddiv_save_state>:
1000308c:	4a0c      	ldr	r2, [pc, #48]	@ (100030c0 <__wrap___aeabi_dmul+0x16>)
1000308e:	b5f0      	push	{r4, r5, r6, r7, lr}
10003090:	6e14      	ldr	r4, [r2, #96]	@ 0x60
10003092:	6e55      	ldr	r5, [r2, #100]	@ 0x64
10003094:	6f57      	ldr	r7, [r2, #116]	@ 0x74
10003096:	6f16      	ldr	r6, [r2, #112]	@ 0x70
10003098:	4662      	mov	r2, ip
1000309a:	f7ff ffee 	bl	1000307a <ddiv_shim_call>
1000309e:	4a08      	ldr	r2, [pc, #32]	@ (100030c0 <__wrap___aeabi_dmul+0x16>)
100030a0:	6614      	str	r4, [r2, #96]	@ 0x60
100030a2:	6655      	str	r5, [r2, #100]	@ 0x64
100030a4:	6757      	str	r7, [r2, #116]	@ 0x74
100030a6:	6716      	str	r6, [r2, #112]	@ 0x70
100030a8:	bdf0      	pop	{r4, r5, r6, r7, pc}

100030aa <__wrap___aeabi_dmul>:
100030aa:	b418      	push	{r3, r4}
100030ac:	4b03      	ldr	r3, [pc, #12]	@ (100030bc <__wrap___aeabi_dmul+0x12>)
100030ae:	689b      	ldr	r3, [r3, #8]
100030b0:	46fc      	mov	ip, pc
100030b2:	9301      	str	r3, [sp, #4]
100030b4:	bd08      	pop	{r3, pc}
100030b6:	df08      	.short	0xdf08
100030b8:	10003455 	.word	0x10003455
100030bc:	20001ee8 	.word	0x20001ee8
100030c0:	d0000000 	.word	0xd0000000

100030c4 <__wrap___aeabi_cdrcmple>:
100030c4:	b5ff      	push	{r0, r1, r2, r3, r4, r5, r6, r7, lr}
100030c6:	4050      	eors	r0, r2
100030c8:	4042      	eors	r2, r0
100030ca:	4050      	eors	r0, r2
100030cc:	4059      	eors	r1, r3
100030ce:	404b      	eors	r3, r1
100030d0:	4059      	eors	r1, r3
100030d2:	e000      	b.n	100030d6 <__aeabi_dfcmple_guts>

100030d4 <__wrap___aeabi_cdcmpeq>:
100030d4:	b5ff      	push	{r0, r1, r2, r3, r4, r5, r6, r7, lr}

100030d6 <__aeabi_dfcmple_guts>:
100030d6:	4f15      	ldr	r7, [pc, #84]	@ (1000312c <__aeabi_dfcmple_guts+0x56>)
100030d8:	004c      	lsls	r4, r1, #1
100030da:	0d64      	lsrs	r4, r4, #21
100030dc:	d003      	beq.n	100030e6 <__aeabi_dfcmple_guts+0x10>
100030de:	42bc      	cmp	r4, r7
100030e0:	d104      	bne.n	100030ec <__aeabi_dfcmple_guts+0x16>
100030e2:	030c      	lsls	r4, r1, #12
100030e4:	d814      	bhi.n	10003110 <__aeabi_dfcmple_guts+0x3a>
100030e6:	2000      	movs	r0, #0
100030e8:	0d09      	lsrs	r1, r1, #20
100030ea:	0509      	lsls	r1, r1, #20
100030ec:	005c      	lsls	r4, r3, #1
100030ee:	0d64      	lsrs	r4, r4, #21
100030f0:	d003      	beq.n	100030fa <__aeabi_dfcmple_guts+0x24>
100030f2:	42bc      	cmp	r4, r7
100030f4:	d104      	bne.n	10003100 <__aeabi_dfcmple_guts+0x2a>
100030f6:	031c      	lsls	r4, r3, #12
100030f8:	d80a      	bhi.n	10003110 <__aeabi_dfcmple_guts+0x3a>
100030fa:	2200      	movs	r2, #0
100030fc:	0d1b      	lsrs	r3, r3, #20
100030fe:	051b      	lsls	r3, r3, #20
10003100:	2601      	movs	r6, #1
10003102:	404b      	eors	r3, r1
10003104:	d409      	bmi.n	1000311a <__aeabi_dfcmple_guts+0x44>
10003106:	404b      	eors	r3, r1
10003108:	d503      	bpl.n	10003112 <__aeabi_dfcmple_guts+0x3c>
1000310a:	428b      	cmp	r3, r1
1000310c:	d100      	bne.n	10003110 <__aeabi_dfcmple_guts+0x3a>
1000310e:	4282      	cmp	r2, r0
10003110:	bdff      	pop	{r0, r1, r2, r3, r4, r5, r6, r7, pc}
10003112:	4299      	cmp	r1, r3
10003114:	d1fc      	bne.n	10003110 <__aeabi_dfcmple_guts+0x3a>
10003116:	4290      	cmp	r0, r2
10003118:	bdff      	pop	{r0, r1, r2, r3, r4, r5, r6, r7, pc}
1000311a:	430b      	orrs	r3, r1
1000311c:	18db      	adds	r3, r3, r3
1000311e:	4303      	orrs	r3, r0
10003120:	4313      	orrs	r3, r2
10003122:	d0f5      	beq.n	10003110 <__aeabi_dfcmple_guts+0x3a>
10003124:	43c9      	mvns	r1, r1
10003126:	1849      	adds	r1, r1, r1
10003128:	bdff      	pop	{r0, r1, r2, r3, r4, r5, r6, r7, pc}
1000312a:	0000      	.short	0x0000
1000312c:	000007ff 	.word	0x000007ff

10003130 <__wrap___aeabi_dcmplt>:
10003130:	b500      	push	{lr}
10003132:	f7ff ffcf 	bl	100030d4 <__wrap___aeabi_cdcmpeq>
10003136:	4180      	sbcs	r0, r0
10003138:	bd00      	pop	{pc}
1000313a:	46c0      	nop			@ (mov r8, r8)

1000313c <__wrap___aeabi_dcmple>:
1000313c:	b500      	push	{lr}
1000313e:	f7ff ffc9 	bl	100030d4 <__wrap___aeabi_cdcmpeq>
10003142:	d901      	bls.n	10003148 <__wrap___aeabi_dcmple+0xc>
10003144:	2000      	movs	r0, #0
10003146:	bd00      	pop	{pc}
10003148:	2001      	movs	r0, #1
1000314a:	bd00      	pop	{pc}

1000314c <__wrap___aeabi_dcmpge>:
1000314c:	b500      	push	{lr}
1000314e:	f7ff ffb9 	bl	100030c4 <__wrap___aeabi_cdrcmple>
10003152:	d901      	bls.n	10003158 <__wrap___aeabi_dcmpge+0xc>
10003154:	2000      	movs	r0, #0
10003156:	bd00      	pop	{pc}
10003158:	2001      	movs	r0, #1
1000315a:	bd00      	pop	{pc}

1000315c <__wrap___aeabi_dcmpgt>:
1000315c:	b500      	push	{lr}
1000315e:	f7ff ffb1 	bl	100030c4 <__wrap___aeabi_cdrcmple>
10003162:	4180      	sbcs	r0, r0
10003164:	bd00      	pop	{pc}

10003166 <__wrap___aeabi_dcmpun>:
10003166:	2001      	movs	r0, #1
10003168:	0540      	lsls	r0, r0, #21
1000316a:	004a      	lsls	r2, r1, #1
1000316c:	1812      	adds	r2, r2, r0
1000316e:	d804      	bhi.n	1000317a <__wrap___aeabi_dcmpun+0x14>
10003170:	005a      	lsls	r2, r3, #1
10003172:	1812      	adds	r2, r2, r0
10003174:	d801      	bhi.n	1000317a <__wrap___aeabi_dcmpun+0x14>
10003176:	2000      	movs	r0, #0
10003178:	4770      	bx	lr
1000317a:	2001      	movs	r0, #1
1000317c:	4770      	bx	lr
	...

10003180 <__wrap___aeabi_ui2d>:
10003180:	2100      	movs	r1, #0
10003182:	2800      	cmp	r0, #0
10003184:	d105      	bne.n	10003192 <__wrap___aeabi_i2d+0xa>
10003186:	4770      	bx	lr

10003188 <__wrap___aeabi_i2d>:
10003188:	17c1      	asrs	r1, r0, #31
1000318a:	4048      	eors	r0, r1
1000318c:	1a40      	subs	r0, r0, r1
1000318e:	d0fa      	beq.n	10003186 <__wrap___aeabi_ui2d+0x6>
10003190:	07c9      	lsls	r1, r1, #31
10003192:	b513      	push	{r0, r1, r4, lr}
10003194:	4b06      	ldr	r3, [pc, #24]	@ (100031b0 <__wrap___aeabi_i2d+0x28>)
10003196:	681b      	ldr	r3, [r3, #0]
10003198:	4798      	blx	r3
1000319a:	bc0c      	pop	{r2, r3}
1000319c:	1c44      	adds	r4, r0, #1
1000319e:	40a2      	lsls	r2, r4
100031a0:	0510      	lsls	r0, r2, #20
100031a2:	0b12      	lsrs	r2, r2, #12
100031a4:	4903      	ldr	r1, [pc, #12]	@ (100031b4 <__wrap___aeabi_i2d+0x2c>)
100031a6:	1b09      	subs	r1, r1, r4
100031a8:	0509      	lsls	r1, r1, #20
100031aa:	4319      	orrs	r1, r3
100031ac:	4311      	orrs	r1, r2
100031ae:	bd10      	pop	{r4, pc}
100031b0:	2000258c 	.word	0x2000258c
100031b4:	0000041f 	.word	0x0000041f

100031b8 <__wrap___aeabi_d2iz>:
100031b8:	b510      	push	{r4, lr}
100031ba:	004c      	lsls	r4, r1, #1
100031bc:	0d62      	lsrs	r2, r4, #21
100031be:	2380      	movs	r3, #128	@ 0x80
100031c0:	18d2      	adds	r2, r2, r3
100031c2:	00db      	lsls	r3, r3, #3
100031c4:	1ad2      	subs	r2, r2, r3
100031c6:	055b      	lsls	r3, r3, #21
100031c8:	2a7e      	cmp	r2, #126	@ 0x7e
100031ca:	dd10      	ble.n	100031ee <__wrap___aeabi_d2iz+0x36>
100031cc:	3a9e      	subs	r2, #158	@ 0x9e
100031ce:	da13      	bge.n	100031f8 <__wrap___aeabi_d2iz+0x40>
100031d0:	17cc      	asrs	r4, r1, #31
100031d2:	0309      	lsls	r1, r1, #12
100031d4:	0849      	lsrs	r1, r1, #1
100031d6:	4319      	orrs	r1, r3
100031d8:	4252      	negs	r2, r2
100031da:	40d1      	lsrs	r1, r2
100031dc:	0064      	lsls	r4, r4, #1
100031de:	3401      	adds	r4, #1
100031e0:	3215      	adds	r2, #21
100031e2:	2a20      	cmp	r2, #32
100031e4:	da05      	bge.n	100031f2 <__wrap___aeabi_d2iz+0x3a>
100031e6:	40d0      	lsrs	r0, r2
100031e8:	4308      	orrs	r0, r1
100031ea:	4360      	muls	r0, r4
100031ec:	bd10      	pop	{r4, pc}
100031ee:	2000      	movs	r0, #0
100031f0:	bd10      	pop	{r4, pc}
100031f2:	4608      	mov	r0, r1
100031f4:	4360      	muls	r0, r4
100031f6:	bd10      	pop	{r4, pc}
100031f8:	0fc8      	lsrs	r0, r1, #31
100031fa:	18c0      	adds	r0, r0, r3
100031fc:	3801      	subs	r0, #1
100031fe:	bd10      	pop	{r4, pc}

10003200 <__wrap___aeabi_d2uiz>:
10003200:	b418      	push	{r3, r4}
10003202:	4b04      	ldr	r3, [pc, #16]	@ (10003214 <__wrap___aeabi_d2uiz+0x14>)
10003204:	6a5b      	ldr	r3, [r3, #36]	@ 0x24
10003206:	46fc      	mov	ip, pc
10003208:	9301      	str	r3, [sp, #4]
1000320a:	bd08      	pop	{r3, pc}
1000320c:	3761df24 	.word	0x3761df24
10003210:	00001000 	.word	0x00001000
10003214:	20001ee8 	.word	0x20001ee8

10003218 <__aeabi_double_init>:
10003218:	2313      	movs	r3, #19
1000321a:	b570      	push	{r4, r5, r6, lr}
1000321c:	781d      	ldrb	r5, [r3, #0]
1000321e:	2d01      	cmp	r5, #1
10003220:	d019      	beq.n	10003256 <__aeabi_double_init+0x3e>
10003222:	dd14      	ble.n	1000324e <__aeabi_double_init+0x36>
10003224:	481f      	ldr	r0, [pc, #124]	@ (100032a4 <__aeabi_double_init+0x8c>)
10003226:	f7ff fb43 	bl	100028b0 <rom_data_lookup>
1000322a:	0006      	movs	r6, r0
1000322c:	481e      	ldr	r0, [pc, #120]	@ (100032a8 <__aeabi_double_init+0x90>)
1000322e:	f7ff fb3f 	bl	100028b0 <rom_data_lookup>
10003232:	4c1e      	ldr	r4, [pc, #120]	@ (100032ac <__aeabi_double_init+0x94>)
10003234:	2280      	movs	r2, #128	@ 0x80
10003236:	0031      	movs	r1, r6
10003238:	0020      	movs	r0, r4
1000323a:	f000 fb97 	bl	1000396c <__wrap___aeabi_memcpy>
1000323e:	2d02      	cmp	r5, #2
10003240:	d02d      	beq.n	1000329e <__aeabi_double_init+0x86>
10003242:	481b      	ldr	r0, [pc, #108]	@ (100032b0 <__aeabi_double_init+0x98>)
10003244:	f7ff fb2c 	bl	100028a0 <rom_func_lookup>
10003248:	4b1a      	ldr	r3, [pc, #104]	@ (100032b4 <__aeabi_double_init+0x9c>)
1000324a:	6018      	str	r0, [r3, #0]
1000324c:	bd70      	pop	{r4, r5, r6, pc}
1000324e:	4b1a      	ldr	r3, [pc, #104]	@ (100032b8 <__aeabi_double_init+0xa0>)
10003250:	4c16      	ldr	r4, [pc, #88]	@ (100032ac <__aeabi_double_init+0x94>)
10003252:	64a3      	str	r3, [r4, #72]	@ 0x48
10003254:	e7f5      	b.n	10003242 <__aeabi_double_init+0x2a>
10003256:	4b18      	ldr	r3, [pc, #96]	@ (100032b8 <__aeabi_double_init+0xa0>)
10003258:	4c14      	ldr	r4, [pc, #80]	@ (100032ac <__aeabi_double_init+0x94>)
1000325a:	6023      	str	r3, [r4, #0]
1000325c:	6063      	str	r3, [r4, #4]
1000325e:	60a3      	str	r3, [r4, #8]
10003260:	60e3      	str	r3, [r4, #12]
10003262:	6123      	str	r3, [r4, #16]
10003264:	6163      	str	r3, [r4, #20]
10003266:	61a3      	str	r3, [r4, #24]
10003268:	61e3      	str	r3, [r4, #28]
1000326a:	6223      	str	r3, [r4, #32]
1000326c:	6263      	str	r3, [r4, #36]	@ 0x24
1000326e:	62a3      	str	r3, [r4, #40]	@ 0x28
10003270:	62e3      	str	r3, [r4, #44]	@ 0x2c
10003272:	6323      	str	r3, [r4, #48]	@ 0x30
10003274:	6363      	str	r3, [r4, #52]	@ 0x34
10003276:	63a3      	str	r3, [r4, #56]	@ 0x38
10003278:	63e3      	str	r3, [r4, #60]	@ 0x3c
1000327a:	6423      	str	r3, [r4, #64]	@ 0x40
1000327c:	6463      	str	r3, [r4, #68]	@ 0x44
1000327e:	64a3      	str	r3, [r4, #72]	@ 0x48
10003280:	64e3      	str	r3, [r4, #76]	@ 0x4c
10003282:	6523      	str	r3, [r4, #80]	@ 0x50
10003284:	6563      	str	r3, [r4, #84]	@ 0x54
10003286:	65a3      	str	r3, [r4, #88]	@ 0x58
10003288:	65e3      	str	r3, [r4, #92]	@ 0x5c
1000328a:	6623      	str	r3, [r4, #96]	@ 0x60
1000328c:	6663      	str	r3, [r4, #100]	@ 0x64
1000328e:	66a3      	str	r3, [r4, #104]	@ 0x68
10003290:	66e3      	str	r3, [r4, #108]	@ 0x6c
10003292:	6723      	str	r3, [r4, #112]	@ 0x70
10003294:	6763      	str	r3, [r4, #116]	@ 0x74
10003296:	67a3      	str	r3, [r4, #120]	@ 0x78
10003298:	67e3      	str	r3, [r4, #124]	@ 0x7c
1000329a:	64a3      	str	r3, [r4, #72]	@ 0x48
1000329c:	e7d1      	b.n	10003242 <__aeabi_double_init+0x2a>
1000329e:	4b06      	ldr	r3, [pc, #24]	@ (100032b8 <__aeabi_double_init+0xa0>)
100032a0:	64a3      	str	r3, [r4, #72]	@ 0x48
100032a2:	e7ce      	b.n	10003242 <__aeabi_double_init+0x2a>
100032a4:	00004453 	.word	0x00004453
100032a8:	00004653 	.word	0x00004653
100032ac:	20001ee8 	.word	0x20001ee8
100032b0:	0000334c 	.word	0x0000334c
100032b4:	2000258c 	.word	0x2000258c
100032b8:	100032bd 	.word	0x100032bd

100032bc <double_table_shim_on_use_helper>:
100032bc:	b507      	push	{r0, r1, r2, lr}
100032be:	4660      	mov	r0, ip
100032c0:	8801      	ldrh	r1, [r0, #0]
100032c2:	0a0a      	lsrs	r2, r1, #8
100032c4:	3002      	adds	r0, #2
100032c6:	2adf      	cmp	r2, #223	@ 0xdf
100032c8:	d1fa      	bne.n	100032c0 <double_table_shim_on_use_helper+0x4>
100032ca:	b2c9      	uxtb	r1, r1
100032cc:	0882      	lsrs	r2, r0, #2
100032ce:	d304      	bcc.n	100032da <double_table_shim_on_use_helper+0x1e>
100032d0:	8802      	ldrh	r2, [r0, #0]
100032d2:	8840      	ldrh	r0, [r0, #2]
100032d4:	0400      	lsls	r0, r0, #16
100032d6:	4310      	orrs	r0, r2
100032d8:	e000      	b.n	100032dc <double_table_shim_on_use_helper+0x20>
100032da:	6800      	ldr	r0, [r0, #0]
100032dc:	4a01      	ldr	r2, [pc, #4]	@ (100032e4 <double_table_shim_on_use_helper+0x28>)
100032de:	5050      	str	r0, [r2, r1]
100032e0:	9003      	str	r0, [sp, #12]
100032e2:	bd07      	pop	{r0, r1, r2, pc}
100032e4:	20001ee8 	.word	0x20001ee8

100032e8 <drsub_shim>:
100032e8:	b40f      	push	{r0, r1, r2, r3}
100032ea:	bc03      	pop	{r0, r1}
100032ec:	bc0c      	pop	{r2, r3}

100032ee <dsub_shim>:
100032ee:	b5f0      	push	{r4, r5, r6, r7, lr}
100032f0:	2401      	movs	r4, #1
100032f2:	07e4      	lsls	r4, r4, #31
100032f4:	4063      	eors	r3, r4
100032f6:	e000      	b.n	100032fa <da_entry>

100032f8 <dadd_shim>:
100032f8:	b5f0      	push	{r4, r5, r6, r7, lr}

100032fa <da_entry>:
100032fa:	0d0c      	lsrs	r4, r1, #20
100032fc:	0fcf      	lsrs	r7, r1, #31
100032fe:	1e66      	subs	r6, r4, #1
10003300:	0536      	lsls	r6, r6, #20
10003302:	1b89      	subs	r1, r1, r6
10003304:	0564      	lsls	r4, r4, #21
10003306:	d303      	bcc.n	10003310 <l8_1>
10003308:	43c9      	mvns	r1, r1
1000330a:	4240      	negs	r0, r0
1000330c:	d300      	bcc.n	10003310 <l8_1>
1000330e:	3101      	adds	r1, #1

10003310 <l8_1>:
10003310:	0d64      	lsrs	r4, r4, #21
10003312:	d003      	beq.n	1000331c <l8_2>
10003314:	1c66      	adds	r6, r4, #1
10003316:	0af6      	lsrs	r6, r6, #11
10003318:	d007      	beq.n	1000332a <l8_3>
1000331a:	1be4      	subs	r4, r4, r7

1000331c <l8_2>:
1000331c:	2000      	movs	r0, #0
1000331e:	007f      	lsls	r7, r7, #1
10003320:	1c79      	adds	r1, r7, #1
10003322:	0789      	lsls	r1, r1, #30
10003324:	1289      	asrs	r1, r1, #10
10003326:	3c80      	subs	r4, #128	@ 0x80
10003328:	0324      	lsls	r4, r4, #12

1000332a <l8_3>:
1000332a:	0d1d      	lsrs	r5, r3, #20
1000332c:	0fdf      	lsrs	r7, r3, #31
1000332e:	1e6e      	subs	r6, r5, #1
10003330:	0536      	lsls	r6, r6, #20
10003332:	1b9b      	subs	r3, r3, r6
10003334:	056d      	lsls	r5, r5, #21
10003336:	d303      	bcc.n	10003340 <l9_1>
10003338:	43db      	mvns	r3, r3
1000333a:	4252      	negs	r2, r2
1000333c:	d300      	bcc.n	10003340 <l9_1>
1000333e:	3301      	adds	r3, #1

10003340 <l9_1>:
10003340:	0d6d      	lsrs	r5, r5, #21
10003342:	d003      	beq.n	1000334c <l9_2>
10003344:	1c6e      	adds	r6, r5, #1
10003346:	0af6      	lsrs	r6, r6, #11
10003348:	d007      	beq.n	1000335a <l9_3>
1000334a:	1bed      	subs	r5, r5, r7

1000334c <l9_2>:
1000334c:	2200      	movs	r2, #0
1000334e:	007f      	lsls	r7, r7, #1
10003350:	1c7b      	adds	r3, r7, #1
10003352:	079b      	lsls	r3, r3, #30
10003354:	129b      	asrs	r3, r3, #10
10003356:	3d80      	subs	r5, #128	@ 0x80
10003358:	032d      	lsls	r5, r5, #12

1000335a <l9_3>:
1000335a:	1b2f      	subs	r7, r5, r4
1000335c:	1b66      	subs	r6, r4, r5
1000335e:	d458      	bmi.n	10003412 <da_ygtx>
10003360:	46a4      	mov	ip, r4
10003362:	2e20      	cmp	r6, #32
10003364:	da46      	bge.n	100033f4 <da_xrgty>
10003366:	3720      	adds	r7, #32
10003368:	0014      	movs	r4, r2
1000336a:	40bc      	lsls	r4, r7

1000336c <da_xgty0>:
1000336c:	001d      	movs	r5, r3
1000336e:	40bd      	lsls	r5, r7
10003370:	40f2      	lsrs	r2, r6
10003372:	4133      	asrs	r3, r6
10003374:	432a      	orrs	r2, r5

10003376 <da_add>:
10003376:	1880      	adds	r0, r0, r2
10003378:	4159      	adcs	r1, r3

1000337a <da_pack>:
1000337a:	0fcb      	lsrs	r3, r1, #31
1000337c:	d005      	beq.n	1000338a <da_pack+0x10>
1000337e:	43c9      	mvns	r1, r1
10003380:	43c0      	mvns	r0, r0
10003382:	2200      	movs	r2, #0
10003384:	4264      	negs	r4, r4
10003386:	4150      	adcs	r0, r2
10003388:	4151      	adcs	r1, r2
1000338a:	4662      	mov	r2, ip
1000338c:	0d4d      	lsrs	r5, r1, #21
1000338e:	d128      	bne.n	100033e2 <da_0>
10003390:	0d0d      	lsrs	r5, r1, #20
10003392:	d107      	bne.n	100033a4 <da_1>
10003394:	2800      	cmp	r0, #0
10003396:	d01f      	beq.n	100033d8 <da_5>

10003398 <da_2>:
10003398:	1924      	adds	r4, r4, r4
1000339a:	4140      	adcs	r0, r0
1000339c:	4149      	adcs	r1, r1
1000339e:	3a01      	subs	r2, #1
100033a0:	0d0d      	lsrs	r5, r1, #20
100033a2:	d0f9      	beq.n	10003398 <da_2>

100033a4 <da_1>:
100033a4:	0064      	lsls	r4, r4, #1
100033a6:	d306      	bcc.n	100033b6 <da_3>

100033a8 <da_4>:
100033a8:	3001      	adds	r0, #1
100033aa:	d300      	bcc.n	100033ae <da_4+0x6>
100033ac:	3101      	adds	r1, #1
100033ae:	2c00      	cmp	r4, #0
100033b0:	d101      	bne.n	100033b6 <da_3>
100033b2:	0840      	lsrs	r0, r0, #1
100033b4:	0040      	lsls	r0, r0, #1

100033b6 <da_3>:
100033b6:	3a01      	subs	r2, #1
100033b8:	d40b      	bmi.n	100033d2 <da_6>
100033ba:	1c94      	adds	r4, r2, #2
100033bc:	0ae4      	lsrs	r4, r4, #11
100033be:	d104      	bne.n	100033ca <da_7>
100033c0:	0512      	lsls	r2, r2, #20
100033c2:	4411      	add	r1, r2
100033c4:	07db      	lsls	r3, r3, #31
100033c6:	4419      	add	r1, r3
100033c8:	bdf0      	pop	{r4, r5, r6, r7, pc}

100033ca <da_7>:
100033ca:	07d9      	lsls	r1, r3, #31
100033cc:	4b20      	ldr	r3, [pc, #128]	@ (10003450 <da_xmgty+0x4>)
100033ce:	4319      	orrs	r1, r3
100033d0:	e000      	b.n	100033d4 <da_6+0x2>

100033d2 <da_6>:
100033d2:	07d9      	lsls	r1, r3, #31
100033d4:	2000      	movs	r0, #0
100033d6:	bdf0      	pop	{r4, r5, r6, r7, pc}

100033d8 <da_5>:
100033d8:	2900      	cmp	r1, #0
100033da:	d1dd      	bne.n	10003398 <da_2>
100033dc:	2c00      	cmp	r4, #0
100033de:	d1db      	bne.n	10003398 <da_2>
100033e0:	bdf0      	pop	{r4, r5, r6, r7, pc}

100033e2 <da_0>:
100033e2:	3201      	adds	r2, #1
100033e4:	07c6      	lsls	r6, r0, #31
100033e6:	0840      	lsrs	r0, r0, #1
100033e8:	07cd      	lsls	r5, r1, #31
100033ea:	4328      	orrs	r0, r5
100033ec:	0849      	lsrs	r1, r1, #1
100033ee:	2e00      	cmp	r6, #0
100033f0:	d0e1      	beq.n	100033b6 <da_3>
100033f2:	e7d9      	b.n	100033a8 <da_4>

100033f4 <da_xrgty>:
100033f4:	2e3c      	cmp	r6, #60	@ 0x3c
100033f6:	da29      	bge.n	1000344c <da_xmgty>
100033f8:	3e20      	subs	r6, #32
100033fa:	3740      	adds	r7, #64	@ 0x40
100033fc:	0014      	movs	r4, r2
100033fe:	40bc      	lsls	r4, r7
10003400:	d000      	beq.n	10003404 <da_xrgty+0x10>
10003402:	2401      	movs	r4, #1
10003404:	40f2      	lsrs	r2, r6
10003406:	4314      	orrs	r4, r2
10003408:	001a      	movs	r2, r3
1000340a:	40bb      	lsls	r3, r7
1000340c:	431c      	orrs	r4, r3
1000340e:	17d3      	asrs	r3, r2, #31
10003410:	e7ac      	b.n	1000336c <da_xgty0>

10003412 <da_ygtx>:
10003412:	46ac      	mov	ip, r5
10003414:	2f20      	cmp	r7, #32
10003416:	da08      	bge.n	1000342a <da_yrgtx>
10003418:	3620      	adds	r6, #32
1000341a:	0004      	movs	r4, r0
1000341c:	40b4      	lsls	r4, r6

1000341e <da_ygtx0>:
1000341e:	000d      	movs	r5, r1
10003420:	40b5      	lsls	r5, r6
10003422:	40f8      	lsrs	r0, r7
10003424:	4139      	asrs	r1, r7
10003426:	4328      	orrs	r0, r5
10003428:	e7a5      	b.n	10003376 <da_add>

1000342a <da_yrgtx>:
1000342a:	2f3c      	cmp	r7, #60	@ 0x3c
1000342c:	da0c      	bge.n	10003448 <da_ymgtx>
1000342e:	3f20      	subs	r7, #32
10003430:	3640      	adds	r6, #64	@ 0x40
10003432:	0004      	movs	r4, r0
10003434:	40b4      	lsls	r4, r6
10003436:	d000      	beq.n	1000343a <da_yrgtx+0x10>
10003438:	2401      	movs	r4, #1
1000343a:	40f8      	lsrs	r0, r7
1000343c:	4304      	orrs	r4, r0
1000343e:	0008      	movs	r0, r1
10003440:	40b1      	lsls	r1, r6
10003442:	430c      	orrs	r4, r1
10003444:	17c1      	asrs	r1, r0, #31
10003446:	e7ea      	b.n	1000341e <da_ygtx0>

10003448 <da_ymgtx>:
10003448:	0010      	movs	r0, r2
1000344a:	0019      	movs	r1, r3

1000344c <da_xmgty>:
1000344c:	2400      	movs	r4, #0
1000344e:	e794      	b.n	1000337a <da_pack>
10003450:	7ff00000 	.word	0x7ff00000

10003454 <dmul_shim>:
10003454:	b5f0      	push	{r4, r5, r6, r7, lr}
10003456:	0d0c      	lsrs	r4, r1, #20
10003458:	1e66      	subs	r6, r4, #1
1000345a:	0536      	lsls	r6, r6, #20
1000345c:	1b89      	subs	r1, r1, r6
1000345e:	0ae6      	lsrs	r6, r4, #11
10003460:	0564      	lsls	r4, r4, #21
10003462:	0d64      	lsrs	r4, r4, #21
10003464:	d002      	beq.n	1000346c <l12_1>
10003466:	1c65      	adds	r5, r4, #1
10003468:	0aed      	lsrs	r5, r5, #11
1000346a:	d004      	beq.n	10003476 <l12_2>

1000346c <l12_1>:
1000346c:	2000      	movs	r0, #0
1000346e:	2101      	movs	r1, #1
10003470:	0509      	lsls	r1, r1, #20
10003472:	3c80      	subs	r4, #128	@ 0x80
10003474:	0324      	lsls	r4, r4, #12

10003476 <l12_2>:
10003476:	46a4      	mov	ip, r4
10003478:	0d1c      	lsrs	r4, r3, #20
1000347a:	1e67      	subs	r7, r4, #1
1000347c:	053f      	lsls	r7, r7, #20
1000347e:	1bdb      	subs	r3, r3, r7
10003480:	0ae7      	lsrs	r7, r4, #11
10003482:	0564      	lsls	r4, r4, #21
10003484:	0d64      	lsrs	r4, r4, #21
10003486:	d002      	beq.n	1000348e <l13_1>
10003488:	1c65      	adds	r5, r4, #1
1000348a:	0aed      	lsrs	r5, r5, #11
1000348c:	d004      	beq.n	10003498 <l13_2>

1000348e <l13_1>:
1000348e:	2200      	movs	r2, #0
10003490:	2301      	movs	r3, #1
10003492:	051b      	lsls	r3, r3, #20
10003494:	3c80      	subs	r4, #128	@ 0x80
10003496:	0324      	lsls	r4, r4, #12

10003498 <l13_2>:
10003498:	4077      	eors	r7, r6
1000349a:	4464      	add	r4, ip
1000349c:	b497      	push	{r0, r1, r2, r4, r7}
1000349e:	b284      	uxth	r4, r0
100034a0:	b296      	uxth	r6, r2
100034a2:	4374      	muls	r4, r6
100034a4:	0c07      	lsrs	r7, r0, #16
100034a6:	437e      	muls	r6, r7
100034a8:	0c15      	lsrs	r5, r2, #16
100034aa:	436f      	muls	r7, r5
100034ac:	b280      	uxth	r0, r0
100034ae:	4368      	muls	r0, r5
100034b0:	1836      	adds	r6, r6, r0
100034b2:	d302      	bcc.n	100034ba <l14_1>
100034b4:	2001      	movs	r0, #1
100034b6:	0400      	lsls	r0, r0, #16
100034b8:	183f      	adds	r7, r7, r0

100034ba <l14_1>:
100034ba:	0430      	lsls	r0, r6, #16
100034bc:	0c35      	lsrs	r5, r6, #16
100034be:	1900      	adds	r0, r0, r4
100034c0:	417d      	adcs	r5, r7
100034c2:	4684      	mov	ip, r0
100034c4:	b288      	uxth	r0, r1
100034c6:	b29a      	uxth	r2, r3
100034c8:	4350      	muls	r0, r2
100034ca:	0c0c      	lsrs	r4, r1, #16
100034cc:	4362      	muls	r2, r4
100034ce:	0c1f      	lsrs	r7, r3, #16
100034d0:	437c      	muls	r4, r7
100034d2:	b28e      	uxth	r6, r1
100034d4:	437e      	muls	r6, r7
100034d6:	1992      	adds	r2, r2, r6
100034d8:	d302      	bcc.n	100034e0 <l15_1>
100034da:	2601      	movs	r6, #1
100034dc:	0436      	lsls	r6, r6, #16
100034de:	19a4      	adds	r4, r4, r6

100034e0 <l15_1>:
100034e0:	0416      	lsls	r6, r2, #16
100034e2:	0c17      	lsrs	r7, r2, #16
100034e4:	1836      	adds	r6, r6, r0
100034e6:	4167      	adcs	r7, r4
100034e8:	bc01      	pop	{r0}
100034ea:	b281      	uxth	r1, r0
100034ec:	b29a      	uxth	r2, r3
100034ee:	4351      	muls	r1, r2
100034f0:	0c04      	lsrs	r4, r0, #16
100034f2:	4362      	muls	r2, r4
100034f4:	0c1b      	lsrs	r3, r3, #16
100034f6:	435c      	muls	r4, r3
100034f8:	b280      	uxth	r0, r0
100034fa:	4358      	muls	r0, r3
100034fc:	1812      	adds	r2, r2, r0
100034fe:	d302      	bcc.n	10003506 <l16_1>
10003500:	2001      	movs	r0, #1
10003502:	0400      	lsls	r0, r0, #16
10003504:	1824      	adds	r4, r4, r0

10003506 <l16_1>:
10003506:	0410      	lsls	r0, r2, #16
10003508:	0c13      	lsrs	r3, r2, #16
1000350a:	1840      	adds	r0, r0, r1
1000350c:	4163      	adcs	r3, r4
1000350e:	182d      	adds	r5, r5, r0
10003510:	415e      	adcs	r6, r3
10003512:	2000      	movs	r0, #0
10003514:	4147      	adcs	r7, r0
10003516:	bc06      	pop	{r1, r2}
10003518:	b288      	uxth	r0, r1
1000351a:	b293      	uxth	r3, r2
1000351c:	4358      	muls	r0, r3
1000351e:	0c0c      	lsrs	r4, r1, #16
10003520:	4363      	muls	r3, r4
10003522:	0c12      	lsrs	r2, r2, #16
10003524:	4354      	muls	r4, r2
10003526:	b289      	uxth	r1, r1
10003528:	4351      	muls	r1, r2
1000352a:	185b      	adds	r3, r3, r1
1000352c:	d302      	bcc.n	10003534 <l17_1>
1000352e:	2101      	movs	r1, #1
10003530:	0409      	lsls	r1, r1, #16
10003532:	1864      	adds	r4, r4, r1

10003534 <l17_1>:
10003534:	0419      	lsls	r1, r3, #16
10003536:	0c1a      	lsrs	r2, r3, #16
10003538:	1809      	adds	r1, r1, r0
1000353a:	4162      	adcs	r2, r4
1000353c:	186d      	adds	r5, r5, r1
1000353e:	4156      	adcs	r6, r2
10003540:	2000      	movs	r0, #0
10003542:	4147      	adcs	r7, r0
10003544:	bc18      	pop	{r3, r4}
10003546:	02f9      	lsls	r1, r7, #11
10003548:	0d72      	lsrs	r2, r6, #21
1000354a:	4311      	orrs	r1, r2
1000354c:	02f0      	lsls	r0, r6, #11
1000354e:	0d6a      	lsrs	r2, r5, #21
10003550:	4310      	orrs	r0, r2
10003552:	02ed      	lsls	r5, r5, #11
10003554:	0d0a      	lsrs	r2, r1, #20
10003556:	d103      	bne.n	10003560 <l17_1+0x2c>
10003558:	196d      	adds	r5, r5, r5
1000355a:	4140      	adcs	r0, r0
1000355c:	4149      	adcs	r1, r1
1000355e:	3b01      	subs	r3, #1
10003560:	4e12      	ldr	r6, [pc, #72]	@ (100035ac <dm_1+0xa>)
10003562:	1b9b      	subs	r3, r3, r6
10003564:	0076      	lsls	r6, r6, #1
10003566:	42b3      	cmp	r3, r6
10003568:	d20e      	bcs.n	10003588 <dm_0>
1000356a:	006d      	lsls	r5, r5, #1
1000356c:	d307      	bcc.n	1000357e <l17_1+0x4a>
1000356e:	3001      	adds	r0, #1
10003570:	2600      	movs	r6, #0
10003572:	4171      	adcs	r1, r6
10003574:	4666      	mov	r6, ip
10003576:	4335      	orrs	r5, r6
10003578:	d101      	bne.n	1000357e <l17_1+0x4a>
1000357a:	0840      	lsrs	r0, r0, #1
1000357c:	0040      	lsls	r0, r0, #1
1000357e:	051b      	lsls	r3, r3, #20
10003580:	18c9      	adds	r1, r1, r3

10003582 <dm_2>:
10003582:	07e4      	lsls	r4, r4, #31
10003584:	4421      	add	r1, r4
10003586:	bdf0      	pop	{r4, r5, r6, r7, pc}

10003588 <dm_0>:
10003588:	da0b      	bge.n	100035a2 <dm_1>
1000358a:	3301      	adds	r3, #1
1000358c:	d106      	bne.n	1000359c <dm_0+0x14>
1000358e:	3001      	adds	r0, #1
10003590:	d104      	bne.n	1000359c <dm_0+0x14>
10003592:	3101      	adds	r1, #1
10003594:	0d4f      	lsrs	r7, r1, #21
10003596:	d001      	beq.n	1000359c <dm_0+0x14>
10003598:	0849      	lsrs	r1, r1, #1
1000359a:	e7f2      	b.n	10003582 <dm_2>
1000359c:	07e1      	lsls	r1, r4, #31
1000359e:	2000      	movs	r0, #0
100035a0:	bdf0      	pop	{r4, r5, r6, r7, pc}

100035a2 <dm_1>:
100035a2:	3601      	adds	r6, #1
100035a4:	0531      	lsls	r1, r6, #20
100035a6:	2000      	movs	r0, #0
100035a8:	e7eb      	b.n	10003582 <dm_2>
100035aa:	0000      	.short	0x0000
100035ac:	000003ff 	.word	0x000003ff

100035b0 <ddiv_shim>:
100035b0:	b5f0      	push	{r4, r5, r6, r7, lr}

100035b2 <ddiv0>:
100035b2:	0d1c      	lsrs	r4, r3, #20
100035b4:	1e67      	subs	r7, r4, #1
100035b6:	053f      	lsls	r7, r7, #20
100035b8:	1bdb      	subs	r3, r3, r7
100035ba:	0ae7      	lsrs	r7, r4, #11
100035bc:	0564      	lsls	r4, r4, #21
100035be:	0d64      	lsrs	r4, r4, #21
100035c0:	d002      	beq.n	100035c8 <l20_1>
100035c2:	1c66      	adds	r6, r4, #1
100035c4:	0af6      	lsrs	r6, r6, #11
100035c6:	d004      	beq.n	100035d2 <l20_2>

100035c8 <l20_1>:
100035c8:	2200      	movs	r2, #0
100035ca:	2301      	movs	r3, #1
100035cc:	051b      	lsls	r3, r3, #20
100035ce:	3c80      	subs	r4, #128	@ 0x80
100035d0:	0324      	lsls	r4, r4, #12

100035d2 <l20_2>:
100035d2:	25d0      	movs	r5, #208	@ 0xd0
100035d4:	062d      	lsls	r5, r5, #24
100035d6:	2600      	movs	r6, #0
100035d8:	43f6      	mvns	r6, r6
100035da:	662e      	str	r6, [r5, #96]	@ 0x60
100035dc:	091e      	lsrs	r6, r3, #4
100035de:	666e      	str	r6, [r5, #100]	@ 0x64
100035e0:	0fce      	lsrs	r6, r1, #31
100035e2:	19f6      	adds	r6, r6, r7
100035e4:	46b4      	mov	ip, r6
100035e6:	0049      	lsls	r1, r1, #1
100035e8:	0d4f      	lsrs	r7, r1, #21
100035ea:	d002      	beq.n	100035f2 <l20_2+0x20>
100035ec:	1c7e      	adds	r6, r7, #1
100035ee:	0af6      	lsrs	r6, r6, #11
100035f0:	d003      	beq.n	100035fa <l20_2+0x28>
100035f2:	2000      	movs	r0, #0
100035f4:	2100      	movs	r1, #0
100035f6:	3f40      	subs	r7, #64	@ 0x40
100035f8:	033f      	lsls	r7, r7, #12
100035fa:	1b3e      	subs	r6, r7, r4
100035fc:	00b6      	lsls	r6, r6, #2
100035fe:	44b4      	add	ip, r6
10003600:	3f01      	subs	r7, #1
10003602:	057f      	lsls	r7, r7, #21
10003604:	1bc9      	subs	r1, r1, r7
10003606:	0849      	lsrs	r1, r1, #1
10003608:	6f2e      	ldr	r6, [r5, #112]	@ 0x70
1000360a:	3601      	adds	r6, #1
1000360c:	0876      	lsrs	r6, r6, #1
1000360e:	029c      	lsls	r4, r3, #10
10003610:	0d95      	lsrs	r5, r2, #22
10003612:	4325      	orrs	r5, r4
10003614:	4375      	muls	r5, r6
10003616:	13ed      	asrs	r5, r5, #15
10003618:	4375      	muls	r5, r6
1000361a:	13ad      	asrs	r5, r5, #14
1000361c:	3501      	adds	r5, #1
1000361e:	106d      	asrs	r5, r5, #1
10003620:	03f6      	lsls	r6, r6, #15
10003622:	1b76      	subs	r6, r6, r5
10003624:	b40c      	push	{r2, r3}
10003626:	02cc      	lsls	r4, r1, #11
10003628:	0d45      	lsrs	r5, r0, #21
1000362a:	432c      	orrs	r4, r5
1000362c:	b2a2      	uxth	r2, r4
1000362e:	b2b3      	uxth	r3, r6
10003630:	435a      	muls	r2, r3
10003632:	0c27      	lsrs	r7, r4, #16
10003634:	437b      	muls	r3, r7
10003636:	0c35      	lsrs	r5, r6, #16
10003638:	436f      	muls	r7, r5
1000363a:	b2a4      	uxth	r4, r4
1000363c:	436c      	muls	r4, r5
1000363e:	191b      	adds	r3, r3, r4
10003640:	d302      	bcc.n	10003648 <l21_1>
10003642:	2401      	movs	r4, #1
10003644:	0424      	lsls	r4, r4, #16
10003646:	193f      	adds	r7, r7, r4

10003648 <l21_1>:
10003648:	041c      	lsls	r4, r3, #16
1000364a:	0c1d      	lsrs	r5, r3, #16
1000364c:	18a4      	adds	r4, r4, r2
1000364e:	417d      	adcs	r5, r7
10003650:	1924      	adds	r4, r4, r4
10003652:	416d      	adcs	r5, r5
10003654:	9a00      	ldr	r2, [sp, #0]
10003656:	b291      	uxth	r1, r2
10003658:	b2ac      	uxth	r4, r5
1000365a:	4361      	muls	r1, r4
1000365c:	0c17      	lsrs	r7, r2, #16
1000365e:	437c      	muls	r4, r7
10003660:	0c2b      	lsrs	r3, r5, #16
10003662:	435f      	muls	r7, r3
10003664:	b292      	uxth	r2, r2
10003666:	435a      	muls	r2, r3
10003668:	18a4      	adds	r4, r4, r2
1000366a:	d302      	bcc.n	10003672 <l22_1>
1000366c:	2201      	movs	r2, #1
1000366e:	0412      	lsls	r2, r2, #16
10003670:	18bf      	adds	r7, r7, r2

10003672 <l22_1>:
10003672:	0422      	lsls	r2, r4, #16
10003674:	0c23      	lsrs	r3, r4, #16
10003676:	1852      	adds	r2, r2, r1
10003678:	417b      	adcs	r3, r7
1000367a:	9c01      	ldr	r4, [sp, #4]
1000367c:	436c      	muls	r4, r5
1000367e:	191b      	adds	r3, r3, r4
10003680:	0e52      	lsrs	r2, r2, #25
10003682:	01d9      	lsls	r1, r3, #7
10003684:	430a      	orrs	r2, r1
10003686:	0144      	lsls	r4, r0, #5
10003688:	1aa0      	subs	r0, r4, r2
1000368a:	b281      	uxth	r1, r0
1000368c:	b2b2      	uxth	r2, r6
1000368e:	4351      	muls	r1, r2
10003690:	1403      	asrs	r3, r0, #16
10003692:	435a      	muls	r2, r3
10003694:	0c36      	lsrs	r6, r6, #16
10003696:	4373      	muls	r3, r6
10003698:	b287      	uxth	r7, r0
1000369a:	4377      	muls	r7, r6
1000369c:	17d6      	asrs	r6, r2, #31
1000369e:	19d2      	adds	r2, r2, r7
100036a0:	2700      	movs	r7, #0
100036a2:	417e      	adcs	r6, r7
100036a4:	0436      	lsls	r6, r6, #16
100036a6:	199b      	adds	r3, r3, r6
100036a8:	0417      	lsls	r7, r2, #16
100036aa:	0c16      	lsrs	r6, r2, #16
100036ac:	187f      	adds	r7, r7, r1
100036ae:	415e      	adcs	r6, r3
100036b0:	1673      	asrs	r3, r6, #25
100036b2:	18ed      	adds	r5, r5, r3
100036b4:	01f3      	lsls	r3, r6, #7
100036b6:	2600      	movs	r6, #0
100036b8:	3380      	adds	r3, #128	@ 0x80
100036ba:	4175      	adcs	r5, r6
100036bc:	0fa9      	lsrs	r1, r5, #30
100036be:	d106      	bne.n	100036ce <dd_0>
100036c0:	0064      	lsls	r4, r4, #1
100036c2:	0a69      	lsrs	r1, r5, #9
100036c4:	05e8      	lsls	r0, r5, #23
100036c6:	0a5b      	lsrs	r3, r3, #9
100036c8:	4318      	orrs	r0, r3
100036ca:	d209      	bcs.n	100036e0 <dd_1>
100036cc:	e02f      	b.n	1000372e <dd_2>

100036ce <dd_0>:
100036ce:	2204      	movs	r2, #4
100036d0:	4494      	add	ip, r2
100036d2:	3380      	adds	r3, #128	@ 0x80
100036d4:	4175      	adcs	r5, r6
100036d6:	0aa9      	lsrs	r1, r5, #10
100036d8:	05a8      	lsls	r0, r5, #22
100036da:	0a9b      	lsrs	r3, r3, #10
100036dc:	4318      	orrs	r0, r3
100036de:	d326      	bcc.n	1000372e <dd_2>

100036e0 <dd_1>:
100036e0:	4140      	adcs	r0, r0
100036e2:	4149      	adcs	r1, r1
100036e4:	0424      	lsls	r4, r4, #16
100036e6:	9a00      	ldr	r2, [sp, #0]
100036e8:	9b01      	ldr	r3, [sp, #4]
100036ea:	000d      	movs	r5, r1
100036ec:	4355      	muls	r5, r2
100036ee:	1b64      	subs	r4, r4, r5
100036f0:	4343      	muls	r3, r0
100036f2:	1ae4      	subs	r4, r4, r3
100036f4:	b295      	uxth	r5, r2
100036f6:	b286      	uxth	r6, r0
100036f8:	4375      	muls	r5, r6
100036fa:	0c17      	lsrs	r7, r2, #16
100036fc:	437e      	muls	r6, r7
100036fe:	0c03      	lsrs	r3, r0, #16
10003700:	435f      	muls	r7, r3
10003702:	b292      	uxth	r2, r2
10003704:	435a      	muls	r2, r3
10003706:	18b6      	adds	r6, r6, r2
10003708:	d302      	bcc.n	10003710 <l24_1>
1000370a:	2201      	movs	r2, #1
1000370c:	0412      	lsls	r2, r2, #16
1000370e:	18bf      	adds	r7, r7, r2

10003710 <l24_1>:
10003710:	0432      	lsls	r2, r6, #16
10003712:	0c33      	lsrs	r3, r6, #16
10003714:	1952      	adds	r2, r2, r5
10003716:	417b      	adcs	r3, r7
10003718:	4252      	negs	r2, r2
1000371a:	419c      	sbcs	r4, r3
1000371c:	2c00      	cmp	r4, #0
1000371e:	d402      	bmi.n	10003726 <l24_1+0x16>
10003720:	2200      	movs	r2, #0
10003722:	3001      	adds	r0, #1
10003724:	4151      	adcs	r1, r2
10003726:	0840      	lsrs	r0, r0, #1
10003728:	07ca      	lsls	r2, r1, #31
1000372a:	4310      	orrs	r0, r2
1000372c:	0849      	lsrs	r1, r1, #1

1000372e <dd_2>:
1000372e:	b002      	add	sp, #8
10003730:	4662      	mov	r2, ip
10003732:	07d7      	lsls	r7, r2, #31
10003734:	1092      	asrs	r2, r2, #2
10003736:	4b08      	ldr	r3, [pc, #32]	@ (10003758 <dd_4+0x6>)
10003738:	18d2      	adds	r2, r2, r3
1000373a:	4b08      	ldr	r3, [pc, #32]	@ (1000375c <dd_4+0xa>)
1000373c:	429a      	cmp	r2, r3
1000373e:	d203      	bcs.n	10003748 <dd_3>
10003740:	0512      	lsls	r2, r2, #20
10003742:	1889      	adds	r1, r1, r2

10003744 <dd_5>:
10003744:	19c9      	adds	r1, r1, r7
10003746:	bdf0      	pop	{r4, r5, r6, r7, pc}

10003748 <dd_3>:
10003748:	2000      	movs	r0, #0
1000374a:	2a00      	cmp	r2, #0
1000374c:	dc01      	bgt.n	10003752 <dd_4>
1000374e:	0039      	movs	r1, r7
10003750:	bdf0      	pop	{r4, r5, r6, r7, pc}

10003752 <dd_4>:
10003752:	3301      	adds	r3, #1
10003754:	0519      	lsls	r1, r3, #20
10003756:	e7f5      	b.n	10003744 <dd_5>
10003758:	000003fd 	.word	0x000003fd
1000375c:	000007fe 	.word	0x000007fe

10003760 <double2uint_shim>:
10003760:	2200      	movs	r2, #0

10003762 <double2ufix_shim>:
10003762:	b500      	push	{lr}
10003764:	3220      	adds	r2, #32
10003766:	f000 f804 	bl	10003772 <double2ufix64_shim>
1000376a:	0008      	movs	r0, r1
1000376c:	bd00      	pop	{pc}
	...

10003770 <double2uint64_shim>:
10003770:	2200      	movs	r2, #0

10003772 <double2ufix64_shim>:
10003772:	150b      	asrs	r3, r1, #20
10003774:	d40a      	bmi.n	1000378c <ret_dzero>

10003776 <d2fix>:
10003776:	b510      	push	{r4, lr}
10003778:	4694      	mov	ip, r2
1000377a:	f000 f831 	bl	100037e0 <dunpacks>
1000377e:	1414      	asrs	r4, r2, #16
10003780:	3401      	adds	r4, #1
10003782:	da00      	bge.n	10003786 <d2fix+0x10>
10003784:	2100      	movs	r1, #0
10003786:	17cb      	asrs	r3, r1, #31
10003788:	4c14      	ldr	r4, [pc, #80]	@ (100037dc <d2fix_a+0x4a>)
1000378a:	4720      	bx	r4

1000378c <ret_dzero>:
1000378c:	2000      	movs	r0, #0
1000378e:	2100      	movs	r1, #0
10003790:	4770      	bx	lr

10003792 <d2fix_a>:
10003792:	4462      	add	r2, ip
10003794:	3a34      	subs	r2, #52	@ 0x34
10003796:	d40c      	bmi.n	100037b2 <d2fix_a+0x20>
10003798:	2a0c      	cmp	r2, #12
1000379a:	da07      	bge.n	100037ac <d2fix_a+0x1a>
1000379c:	0004      	movs	r4, r0
1000379e:	4091      	lsls	r1, r2
100037a0:	4090      	lsls	r0, r2
100037a2:	4252      	negs	r2, r2
100037a4:	3220      	adds	r2, #32
100037a6:	40d4      	lsrs	r4, r2
100037a8:	4321      	orrs	r1, r4
100037aa:	bd10      	pop	{r4, pc}
100037ac:	43d8      	mvns	r0, r3
100037ae:	43d9      	mvns	r1, r3
100037b0:	bd10      	pop	{r4, pc}
100037b2:	3220      	adds	r2, #32
100037b4:	d407      	bmi.n	100037c6 <d2fix_a+0x34>
100037b6:	460c      	mov	r4, r1
100037b8:	4094      	lsls	r4, r2
100037ba:	4252      	negs	r2, r2
100037bc:	3220      	adds	r2, #32
100037be:	4111      	asrs	r1, r2
100037c0:	40d0      	lsrs	r0, r2
100037c2:	4320      	orrs	r0, r4
100037c4:	bd10      	pop	{r4, pc}
100037c6:	0008      	movs	r0, r1
100037c8:	17c9      	asrs	r1, r1, #31
100037ca:	3220      	adds	r2, #32
100037cc:	d403      	bmi.n	100037d6 <d2fix_a+0x44>
100037ce:	4252      	negs	r2, r2
100037d0:	3220      	adds	r2, #32
100037d2:	4110      	asrs	r0, r2
100037d4:	bd10      	pop	{r4, pc}
100037d6:	0018      	movs	r0, r3
100037d8:	0019      	movs	r1, r3
100037da:	bd10      	pop	{r4, pc}
100037dc:	10003793 	.word	0x10003793

100037e0 <dunpacks>:
100037e0:	0d0a      	lsrs	r2, r1, #20
100037e2:	0fcc      	lsrs	r4, r1, #31
100037e4:	1e53      	subs	r3, r2, #1
100037e6:	051b      	lsls	r3, r3, #20
100037e8:	1ac9      	subs	r1, r1, r3
100037ea:	0552      	lsls	r2, r2, #21
100037ec:	d303      	bcc.n	100037f6 <l60_1>
100037ee:	43c9      	mvns	r1, r1
100037f0:	4240      	negs	r0, r0
100037f2:	d300      	bcc.n	100037f6 <l60_1>
100037f4:	3101      	adds	r1, #1

100037f6 <l60_1>:
100037f6:	0d52      	lsrs	r2, r2, #21
100037f8:	d003      	beq.n	10003802 <l60_2>
100037fa:	1c53      	adds	r3, r2, #1
100037fc:	0adb      	lsrs	r3, r3, #11
100037fe:	d007      	beq.n	10003810 <l60_3>
10003800:	1b12      	subs	r2, r2, r4

10003802 <l60_2>:
10003802:	2000      	movs	r0, #0
10003804:	0064      	lsls	r4, r4, #1
10003806:	1c61      	adds	r1, r4, #1
10003808:	0789      	lsls	r1, r1, #30
1000380a:	1289      	asrs	r1, r1, #10
1000380c:	3a80      	subs	r2, #128	@ 0x80
1000380e:	0312      	lsls	r2, r2, #12

10003810 <l60_3>:
10003810:	4b01      	ldr	r3, [pc, #4]	@ (10003818 <l60_3+0x8>)
10003812:	1ad2      	subs	r2, r2, r3
10003814:	4770      	bx	lr
10003816:	0000      	.short	0x0000
10003818:	000003ff 	.word	0x000003ff

1000381c <__wrap___aeabi_lmul>:
1000381c:	4351      	muls	r1, r2
1000381e:	4343      	muls	r3, r0
10003820:	18c9      	adds	r1, r1, r3
10003822:	468c      	mov	ip, r1
10003824:	0c11      	lsrs	r1, r2, #16
10003826:	b283      	uxth	r3, r0
10003828:	434b      	muls	r3, r1
1000382a:	b410      	push	{r4}
1000382c:	0c04      	lsrs	r4, r0, #16
1000382e:	4361      	muls	r1, r4
10003830:	b292      	uxth	r2, r2
10003832:	b280      	uxth	r0, r0
10003834:	4350      	muls	r0, r2
10003836:	4362      	muls	r2, r4
10003838:	041c      	lsls	r4, r3, #16
1000383a:	0c1b      	lsrs	r3, r3, #16
1000383c:	1900      	adds	r0, r0, r4
1000383e:	bc10      	pop	{r4}
10003840:	4159      	adcs	r1, r3
10003842:	0413      	lsls	r3, r2, #16
10003844:	0c12      	lsrs	r2, r2, #16
10003846:	18c0      	adds	r0, r0, r3
10003848:	4151      	adcs	r1, r2
1000384a:	4461      	add	r1, ip
1000384c:	4770      	bx	lr
	...

10003850 <__wrap___aeabi_f2d>:
10003850:	4b03      	ldr	r3, [pc, #12]	@ (10003860 <__wrap___aeabi_f2d+0x10>)
10003852:	6fdb      	ldr	r3, [r3, #124]	@ 0x7c
10003854:	46fc      	mov	ip, pc
10003856:	4718      	bx	r3
10003858:	38f5df7c 	.word	0x38f5df7c
1000385c:	00001000 	.word	0x00001000
10003860:	20001fe8 	.word	0x20001fe8

10003864 <__aeabi_float_init>:
10003864:	2313      	movs	r3, #19
10003866:	b510      	push	{r4, lr}
10003868:	4812      	ldr	r0, [pc, #72]	@ (100038b4 <__aeabi_float_init+0x50>)
1000386a:	781c      	ldrb	r4, [r3, #0]
1000386c:	f7ff f820 	bl	100028b0 <rom_data_lookup>
10003870:	0001      	movs	r1, r0
10003872:	2c01      	cmp	r4, #1
10003874:	d00a      	beq.n	1000388c <__aeabi_float_init+0x28>
10003876:	dd03      	ble.n	10003880 <__aeabi_float_init+0x1c>
10003878:	2280      	movs	r2, #128	@ 0x80
1000387a:	480f      	ldr	r0, [pc, #60]	@ (100038b8 <__aeabi_float_init+0x54>)
1000387c:	f000 f876 	bl	1000396c <__wrap___aeabi_memcpy>
10003880:	480e      	ldr	r0, [pc, #56]	@ (100038bc <__aeabi_float_init+0x58>)
10003882:	f7ff f80d 	bl	100028a0 <rom_func_lookup>
10003886:	4b0e      	ldr	r3, [pc, #56]	@ (100038c0 <__aeabi_float_init+0x5c>)
10003888:	6018      	str	r0, [r3, #0]
1000388a:	bd10      	pop	{r4, pc}
1000388c:	4c0a      	ldr	r4, [pc, #40]	@ (100038b8 <__aeabi_float_init+0x54>)
1000388e:	2254      	movs	r2, #84	@ 0x54
10003890:	0020      	movs	r0, r4
10003892:	f000 f86b 	bl	1000396c <__wrap___aeabi_memcpy>
10003896:	4b0b      	ldr	r3, [pc, #44]	@ (100038c4 <__aeabi_float_init+0x60>)
10003898:	6563      	str	r3, [r4, #84]	@ 0x54
1000389a:	65a3      	str	r3, [r4, #88]	@ 0x58
1000389c:	65e3      	str	r3, [r4, #92]	@ 0x5c
1000389e:	6623      	str	r3, [r4, #96]	@ 0x60
100038a0:	6663      	str	r3, [r4, #100]	@ 0x64
100038a2:	66a3      	str	r3, [r4, #104]	@ 0x68
100038a4:	66e3      	str	r3, [r4, #108]	@ 0x6c
100038a6:	6723      	str	r3, [r4, #112]	@ 0x70
100038a8:	6763      	str	r3, [r4, #116]	@ 0x74
100038aa:	67a3      	str	r3, [r4, #120]	@ 0x78
100038ac:	67e3      	str	r3, [r4, #124]	@ 0x7c
100038ae:	6223      	str	r3, [r4, #32]
100038b0:	61e3      	str	r3, [r4, #28]
100038b2:	e7e5      	b.n	10003880 <__aeabi_float_init+0x1c>
100038b4:	00004653 	.word	0x00004653
100038b8:	20001fe8 	.word	0x20001fe8
100038bc:	0000334c 	.word	0x0000334c
100038c0:	2000258c 	.word	0x2000258c
100038c4:	100038c9 	.word	0x100038c9

100038c8 <float_table_shim_on_use_helper>:
100038c8:	b507      	push	{r0, r1, r2, lr}
100038ca:	4660      	mov	r0, ip
100038cc:	8801      	ldrh	r1, [r0, #0]
100038ce:	0a0a      	lsrs	r2, r1, #8
100038d0:	3002      	adds	r0, #2
100038d2:	2adf      	cmp	r2, #223	@ 0xdf
100038d4:	d1fa      	bne.n	100038cc <float_table_shim_on_use_helper+0x4>
100038d6:	b2c9      	uxtb	r1, r1
100038d8:	0882      	lsrs	r2, r0, #2
100038da:	d304      	bcc.n	100038e6 <float_table_shim_on_use_helper+0x1e>
100038dc:	8802      	ldrh	r2, [r0, #0]
100038de:	8840      	ldrh	r0, [r0, #2]
100038e0:	0400      	lsls	r0, r0, #16
100038e2:	4310      	orrs	r0, r2
100038e4:	e000      	b.n	100038e8 <float_table_shim_on_use_helper+0x20>
100038e6:	6800      	ldr	r0, [r0, #0]
100038e8:	4a01      	ldr	r2, [pc, #4]	@ (100038f0 <float_table_shim_on_use_helper+0x28>)
100038ea:	5050      	str	r0, [r2, r1]
100038ec:	9003      	str	r0, [sp, #12]
100038ee:	bd07      	pop	{r0, r1, r2, pc}
100038f0:	20001fe8 	.word	0x20001fe8

100038f4 <float2double_shim>:
100038f4:	0fc3      	lsrs	r3, r0, #31
100038f6:	07db      	lsls	r3, r3, #31
100038f8:	0041      	lsls	r1, r0, #1
100038fa:	0e0a      	lsrs	r2, r1, #24
100038fc:	d007      	beq.n	1000390e <float2double_shim+0x1a>
100038fe:	2aff      	cmp	r2, #255	@ 0xff
10003900:	d008      	beq.n	10003914 <float2double_shim+0x20>
10003902:	0909      	lsrs	r1, r1, #4
10003904:	4a05      	ldr	r2, [pc, #20]	@ (1000391c <float2double_shim+0x28>)
10003906:	1889      	adds	r1, r1, r2
10003908:	4319      	orrs	r1, r3
1000390a:	0740      	lsls	r0, r0, #29
1000390c:	4770      	bx	lr
1000390e:	0019      	movs	r1, r3
10003910:	2000      	movs	r0, #0
10003912:	4770      	bx	lr
10003914:	4902      	ldr	r1, [pc, #8]	@ (10003920 <float2double_shim+0x2c>)
10003916:	18c9      	adds	r1, r1, r3
10003918:	e7fa      	b.n	10003910 <float2double_shim+0x1c>
1000391a:	0000      	.short	0x0000
1000391c:	38000000 	.word	0x38000000
10003920:	7ff00000 	.word	0x7ff00000

10003924 <__wrap_malloc>:
10003924:	b510      	push	{r4, lr}
10003926:	0004      	movs	r4, r0
10003928:	f004 fb10 	bl	10007f4c <malloc>
1000392c:	2800      	cmp	r0, #0
1000392e:	d004      	beq.n	1000393a <__wrap_malloc+0x16>
10003930:	4b03      	ldr	r3, [pc, #12]	@ (10003940 <__wrap_malloc+0x1c>)
10003932:	1904      	adds	r4, r0, r4
10003934:	429c      	cmp	r4, r3
10003936:	d800      	bhi.n	1000393a <__wrap_malloc+0x16>
10003938:	bd10      	pop	{r4, pc}
1000393a:	4802      	ldr	r0, [pc, #8]	@ (10003944 <__wrap_malloc+0x20>)
1000393c:	f7fe f8d0 	bl	10001ae0 <panic>
10003940:	20040000 	.word	0x20040000
10003944:	10008a00 	.word	0x10008a00

10003948 <__wrap_free>:
10003948:	b510      	push	{r4, lr}
1000394a:	f004 fb09 	bl	10007f60 <free>
1000394e:	bd10      	pop	{r4, pc}

10003950 <__aeabi_mem_init>:
10003950:	4801      	ldr	r0, [pc, #4]	@ (10003958 <__aeabi_mem_init+0x8>)
10003952:	2104      	movs	r1, #4
10003954:	4b01      	ldr	r3, [pc, #4]	@ (1000395c <__aeabi_mem_init+0xc>)
10003956:	4718      	bx	r3
10003958:	200013f0 	.word	0x200013f0
1000395c:	100028c1 	.word	0x100028c1

10003960 <__wrap_memset>:
10003960:	4b01      	ldr	r3, [pc, #4]	@ (10003968 <__wrap_memset+0x8>)
10003962:	681b      	ldr	r3, [r3, #0]
10003964:	4718      	bx	r3
10003966:	0000      	.short	0x0000
10003968:	200013f0 	.word	0x200013f0

1000396c <__wrap___aeabi_memcpy>:
1000396c:	4b01      	ldr	r3, [pc, #4]	@ (10003974 <__wrap___aeabi_memcpy+0x8>)
1000396e:	685b      	ldr	r3, [r3, #4]
10003970:	4718      	bx	r3
10003972:	0000      	.short	0x0000
10003974:	200013f0 	.word	0x200013f0

10003978 <_Znwj>:
10003978:	b510      	push	{r4, lr}
1000397a:	f7ff ffd3 	bl	10003924 <__wrap_malloc>
1000397e:	bd10      	pop	{r4, pc}

10003980 <_ZdlPv>:
10003980:	b510      	push	{r4, lr}
10003982:	f7ff ffe1 	bl	10003948 <__wrap_free>
10003986:	bd10      	pop	{r4, pc}

10003988 <_ZdlPvj>:
10003988:	b510      	push	{r4, lr}
1000398a:	f7ff ffdd 	bl	10003948 <__wrap_free>
1000398e:	bd10      	pop	{r4, pc}

10003990 <_out_buffer>:
10003990:	429a      	cmp	r2, r3
10003992:	d200      	bcs.n	10003996 <_out_buffer+0x6>
10003994:	5488      	strb	r0, [r1, r2]
10003996:	4770      	bx	lr

10003998 <_out_null>:
10003998:	4770      	bx	lr
1000399a:	46c0      	nop			@ (mov r8, r8)

1000399c <_out_rev>:
1000399c:	b5f8      	push	{r3, r4, r5, r6, r7, lr}
1000399e:	4657      	mov	r7, sl
100039a0:	46de      	mov	lr, fp
100039a2:	464e      	mov	r6, r9
100039a4:	4645      	mov	r5, r8
100039a6:	b5e0      	push	{r5, r6, r7, lr}
100039a8:	4699      	mov	r9, r3
100039aa:	9b0a      	ldr	r3, [sp, #40]	@ 0x28
100039ac:	0007      	movs	r7, r0
100039ae:	469a      	mov	sl, r3
100039b0:	9b0d      	ldr	r3, [sp, #52]	@ 0x34
100039b2:	4688      	mov	r8, r1
100039b4:	4693      	mov	fp, r2
100039b6:	9c0b      	ldr	r4, [sp, #44]	@ 0x2c
100039b8:	079b      	lsls	r3, r3, #30
100039ba:	d13b      	bne.n	10003a34 <_out_rev+0x98>
100039bc:	9b0c      	ldr	r3, [sp, #48]	@ 0x30
100039be:	429c      	cmp	r4, r3
100039c0:	d23d      	bcs.n	10003a3e <_out_rev+0xa2>
100039c2:	1b1e      	subs	r6, r3, r4
100039c4:	940b      	str	r4, [sp, #44]	@ 0x2c
100039c6:	0015      	movs	r5, r2
100039c8:	000c      	movs	r4, r1
100039ca:	445e      	add	r6, fp
100039cc:	002a      	movs	r2, r5
100039ce:	464b      	mov	r3, r9
100039d0:	3501      	adds	r5, #1
100039d2:	0021      	movs	r1, r4
100039d4:	2020      	movs	r0, #32
100039d6:	47b8      	blx	r7
100039d8:	42b5      	cmp	r5, r6
100039da:	d1f7      	bne.n	100039cc <_out_rev+0x30>
100039dc:	46a0      	mov	r8, r4
100039de:	9c0b      	ldr	r4, [sp, #44]	@ 0x2c
100039e0:	2c00      	cmp	r4, #0
100039e2:	d020      	beq.n	10003a26 <_out_rev+0x8a>
100039e4:	4645      	mov	r5, r8
100039e6:	1936      	adds	r6, r6, r4
100039e8:	4653      	mov	r3, sl
100039ea:	1b32      	subs	r2, r6, r4
100039ec:	3c01      	subs	r4, #1
100039ee:	5d18      	ldrb	r0, [r3, r4]
100039f0:	0029      	movs	r1, r5
100039f2:	464b      	mov	r3, r9
100039f4:	47b8      	blx	r7
100039f6:	2c00      	cmp	r4, #0
100039f8:	d1f6      	bne.n	100039e8 <_out_rev+0x4c>
100039fa:	002b      	movs	r3, r5
100039fc:	0035      	movs	r5, r6
100039fe:	4698      	mov	r8, r3
10003a00:	9b0d      	ldr	r3, [sp, #52]	@ 0x34
10003a02:	079b      	lsls	r3, r3, #30
10003a04:	d50f      	bpl.n	10003a26 <_out_rev+0x8a>
10003a06:	465b      	mov	r3, fp
10003a08:	1aec      	subs	r4, r5, r3
10003a0a:	9b0c      	ldr	r3, [sp, #48]	@ 0x30
10003a0c:	42a3      	cmp	r3, r4
10003a0e:	d90a      	bls.n	10003a26 <_out_rev+0x8a>
10003a10:	4646      	mov	r6, r8
10003a12:	4698      	mov	r8, r3
10003a14:	002a      	movs	r2, r5
10003a16:	464b      	mov	r3, r9
10003a18:	0031      	movs	r1, r6
10003a1a:	2020      	movs	r0, #32
10003a1c:	3401      	adds	r4, #1
10003a1e:	47b8      	blx	r7
10003a20:	3501      	adds	r5, #1
10003a22:	4544      	cmp	r4, r8
10003a24:	d3f6      	bcc.n	10003a14 <_out_rev+0x78>
10003a26:	0028      	movs	r0, r5
10003a28:	bcf0      	pop	{r4, r5, r6, r7}
10003a2a:	46bb      	mov	fp, r7
10003a2c:	46b2      	mov	sl, r6
10003a2e:	46a9      	mov	r9, r5
10003a30:	46a0      	mov	r8, r4
10003a32:	bdf8      	pop	{r3, r4, r5, r6, r7, pc}
10003a34:	0016      	movs	r6, r2
10003a36:	0015      	movs	r5, r2
10003a38:	2c00      	cmp	r4, #0
10003a3a:	d1d3      	bne.n	100039e4 <_out_rev+0x48>
10003a3c:	e7e0      	b.n	10003a00 <_out_rev+0x64>
10003a3e:	0016      	movs	r6, r2
10003a40:	0015      	movs	r5, r2
10003a42:	2c00      	cmp	r4, #0
10003a44:	d1ce      	bne.n	100039e4 <_out_rev+0x48>
10003a46:	e7ee      	b.n	10003a26 <_out_rev+0x8a>

10003a48 <_ntoa_format>:
10003a48:	b5f0      	push	{r4, r5, r6, r7, lr}
10003a4a:	4645      	mov	r5, r8
10003a4c:	46de      	mov	lr, fp
10003a4e:	4657      	mov	r7, sl
10003a50:	464e      	mov	r6, r9
10003a52:	b5e0      	push	{r5, r6, r7, lr}
10003a54:	b085      	sub	sp, #20
10003a56:	469c      	mov	ip, r3
10003a58:	ab10      	add	r3, sp, #64	@ 0x40
10003a5a:	781b      	ldrb	r3, [r3, #0]
10003a5c:	9f14      	ldr	r7, [sp, #80]	@ 0x50
10003a5e:	4693      	mov	fp, r2
10003a60:	4698      	mov	r8, r3
10003a62:	9c0f      	ldr	r4, [sp, #60]	@ 0x3c
10003a64:	9e12      	ldr	r6, [sp, #72]	@ 0x48
10003a66:	9d13      	ldr	r5, [sp, #76]	@ 0x4c
10003a68:	07bb      	lsls	r3, r7, #30
10003a6a:	d44c      	bmi.n	10003b06 <_ntoa_format+0xbe>
10003a6c:	2d00      	cmp	r5, #0
10003a6e:	d142      	bne.n	10003af6 <_ntoa_format+0xae>
10003a70:	42b4      	cmp	r4, r6
10003a72:	d248      	bcs.n	10003b06 <_ntoa_format+0xbe>
10003a74:	2301      	movs	r3, #1
10003a76:	403b      	ands	r3, r7
10003a78:	4699      	mov	r9, r3
10003a7a:	9b0e      	ldr	r3, [sp, #56]	@ 0x38
10003a7c:	3b01      	subs	r3, #1
10003a7e:	469a      	mov	sl, r3
10003a80:	2330      	movs	r3, #48	@ 0x30
10003a82:	e004      	b.n	10003a8e <_ntoa_format+0x46>
10003a84:	4652      	mov	r2, sl
10003a86:	3401      	adds	r4, #1
10003a88:	5513      	strb	r3, [r2, r4]
10003a8a:	42a6      	cmp	r6, r4
10003a8c:	d901      	bls.n	10003a92 <_ntoa_format+0x4a>
10003a8e:	2c20      	cmp	r4, #32
10003a90:	d1f8      	bne.n	10003a84 <_ntoa_format+0x3c>
10003a92:	464b      	mov	r3, r9
10003a94:	2b00      	cmp	r3, #0
10003a96:	d100      	bne.n	10003a9a <_ntoa_format+0x52>
10003a98:	e083      	b.n	10003ba2 <_ntoa_format+0x15a>
10003a9a:	9b0e      	ldr	r3, [sp, #56]	@ 0x38
10003a9c:	3b01      	subs	r3, #1
10003a9e:	4699      	mov	r9, r3
10003aa0:	2330      	movs	r3, #48	@ 0x30
10003aa2:	42a5      	cmp	r5, r4
10003aa4:	d805      	bhi.n	10003ab2 <_ntoa_format+0x6a>
10003aa6:	e02e      	b.n	10003b06 <_ntoa_format+0xbe>
10003aa8:	464a      	mov	r2, r9
10003aaa:	3401      	adds	r4, #1
10003aac:	5513      	strb	r3, [r2, r4]
10003aae:	42ac      	cmp	r4, r5
10003ab0:	d029      	beq.n	10003b06 <_ntoa_format+0xbe>
10003ab2:	2c20      	cmp	r4, #32
10003ab4:	d1f8      	bne.n	10003aa8 <_ntoa_format+0x60>
10003ab6:	06fb      	lsls	r3, r7, #27
10003ab8:	d50c      	bpl.n	10003ad4 <_ntoa_format+0x8c>
10003aba:	057b      	lsls	r3, r7, #21
10003abc:	d454      	bmi.n	10003b68 <_ntoa_format+0x120>
10003abe:	42a6      	cmp	r6, r4
10003ac0:	d063      	beq.n	10003b8a <_ntoa_format+0x142>
10003ac2:	42a5      	cmp	r5, r4
10003ac4:	d061      	beq.n	10003b8a <_ntoa_format+0x142>
10003ac6:	9b11      	ldr	r3, [sp, #68]	@ 0x44
10003ac8:	2b10      	cmp	r3, #16
10003aca:	d050      	beq.n	10003b6e <_ntoa_format+0x126>
10003acc:	2b02      	cmp	r3, #2
10003ace:	d057      	beq.n	10003b80 <_ntoa_format+0x138>
10003ad0:	2c20      	cmp	r4, #32
10003ad2:	d132      	bne.n	10003b3a <_ntoa_format+0xf2>
10003ad4:	2320      	movs	r3, #32
10003ad6:	9301      	str	r3, [sp, #4]
10003ad8:	9b0e      	ldr	r3, [sp, #56]	@ 0x38
10003ada:	465a      	mov	r2, fp
10003adc:	9300      	str	r3, [sp, #0]
10003ade:	9703      	str	r7, [sp, #12]
10003ae0:	4663      	mov	r3, ip
10003ae2:	9502      	str	r5, [sp, #8]
10003ae4:	f7ff ff5a 	bl	1000399c <_out_rev>
10003ae8:	b005      	add	sp, #20
10003aea:	bcf0      	pop	{r4, r5, r6, r7}
10003aec:	46bb      	mov	fp, r7
10003aee:	46b2      	mov	sl, r6
10003af0:	46a9      	mov	r9, r5
10003af2:	46a0      	mov	r8, r4
10003af4:	bdf0      	pop	{r4, r5, r6, r7, pc}
10003af6:	2301      	movs	r3, #1
10003af8:	403b      	ands	r3, r7
10003afa:	4699      	mov	r9, r3
10003afc:	2301      	movs	r3, #1
10003afe:	423b      	tst	r3, r7
10003b00:	d12a      	bne.n	10003b58 <_ntoa_format+0x110>
10003b02:	42b4      	cmp	r4, r6
10003b04:	d3b9      	bcc.n	10003a7a <_ntoa_format+0x32>
10003b06:	06fb      	lsls	r3, r7, #27
10003b08:	d51c      	bpl.n	10003b44 <_ntoa_format+0xfc>
10003b0a:	057b      	lsls	r3, r7, #21
10003b0c:	d4db      	bmi.n	10003ac6 <_ntoa_format+0x7e>
10003b0e:	2c00      	cmp	r4, #0
10003b10:	d1d5      	bne.n	10003abe <_ntoa_format+0x76>
10003b12:	9b11      	ldr	r3, [sp, #68]	@ 0x44
10003b14:	2b10      	cmp	r3, #16
10003b16:	d05b      	beq.n	10003bd0 <_ntoa_format+0x188>
10003b18:	9b11      	ldr	r3, [sp, #68]	@ 0x44
10003b1a:	2b02      	cmp	r3, #2
10003b1c:	d06b      	beq.n	10003bf6 <_ntoa_format+0x1ae>
10003b1e:	2330      	movs	r3, #48	@ 0x30
10003b20:	2401      	movs	r4, #1
10003b22:	9a0e      	ldr	r2, [sp, #56]	@ 0x38
10003b24:	7013      	strb	r3, [r2, #0]
10003b26:	4643      	mov	r3, r8
10003b28:	2b00      	cmp	r3, #0
10003b2a:	d110      	bne.n	10003b4e <_ntoa_format+0x106>
10003b2c:	077b      	lsls	r3, r7, #29
10003b2e:	d53e      	bpl.n	10003bae <_ntoa_format+0x166>
10003b30:	262b      	movs	r6, #43	@ 0x2b
10003b32:	9a0e      	ldr	r2, [sp, #56]	@ 0x38
10003b34:	1c63      	adds	r3, r4, #1
10003b36:	5516      	strb	r6, [r2, r4]
10003b38:	e7cd      	b.n	10003ad6 <_ntoa_format+0x8e>
10003b3a:	0023      	movs	r3, r4
10003b3c:	3401      	adds	r4, #1
10003b3e:	2630      	movs	r6, #48	@ 0x30
10003b40:	9a0e      	ldr	r2, [sp, #56]	@ 0x38
10003b42:	54d6      	strb	r6, [r2, r3]
10003b44:	2c20      	cmp	r4, #32
10003b46:	d0c5      	beq.n	10003ad4 <_ntoa_format+0x8c>
10003b48:	4643      	mov	r3, r8
10003b4a:	2b00      	cmp	r3, #0
10003b4c:	d0ee      	beq.n	10003b2c <_ntoa_format+0xe4>
10003b4e:	262d      	movs	r6, #45	@ 0x2d
10003b50:	9a0e      	ldr	r2, [sp, #56]	@ 0x38
10003b52:	1c63      	adds	r3, r4, #1
10003b54:	5516      	strb	r6, [r2, r4]
10003b56:	e7be      	b.n	10003ad6 <_ntoa_format+0x8e>
10003b58:	4643      	mov	r3, r8
10003b5a:	2b00      	cmp	r3, #0
10003b5c:	d02f      	beq.n	10003bbe <_ntoa_format+0x176>
10003b5e:	3d01      	subs	r5, #1
10003b60:	42b4      	cmp	r4, r6
10003b62:	d200      	bcs.n	10003b66 <_ntoa_format+0x11e>
10003b64:	e789      	b.n	10003a7a <_ntoa_format+0x32>
10003b66:	e798      	b.n	10003a9a <_ntoa_format+0x52>
10003b68:	9b11      	ldr	r3, [sp, #68]	@ 0x44
10003b6a:	2b10      	cmp	r3, #16
10003b6c:	d1b2      	bne.n	10003ad4 <_ntoa_format+0x8c>
10003b6e:	06bb      	lsls	r3, r7, #26
10003b70:	d537      	bpl.n	10003be2 <_ntoa_format+0x19a>
10003b72:	2c20      	cmp	r4, #32
10003b74:	d0ae      	beq.n	10003ad4 <_ntoa_format+0x8c>
10003b76:	2358      	movs	r3, #88	@ 0x58
10003b78:	9a0e      	ldr	r2, [sp, #56]	@ 0x38
10003b7a:	5513      	strb	r3, [r2, r4]
10003b7c:	3401      	adds	r4, #1
10003b7e:	e7a7      	b.n	10003ad0 <_ntoa_format+0x88>
10003b80:	2c20      	cmp	r4, #32
10003b82:	d0a7      	beq.n	10003ad4 <_ntoa_format+0x8c>
10003b84:	0023      	movs	r3, r4
10003b86:	3401      	adds	r4, #1
10003b88:	e007      	b.n	10003b9a <_ntoa_format+0x152>
10003b8a:	1e63      	subs	r3, r4, #1
10003b8c:	2c01      	cmp	r4, #1
10003b8e:	d0c0      	beq.n	10003b12 <_ntoa_format+0xca>
10003b90:	9a11      	ldr	r2, [sp, #68]	@ 0x44
10003b92:	2a10      	cmp	r2, #16
10003b94:	d031      	beq.n	10003bfa <_ntoa_format+0x1b2>
10003b96:	2a02      	cmp	r2, #2
10003b98:	d1d1      	bne.n	10003b3e <_ntoa_format+0xf6>
10003b9a:	2662      	movs	r6, #98	@ 0x62
10003b9c:	9a0e      	ldr	r2, [sp, #56]	@ 0x38
10003b9e:	54d6      	strb	r6, [r2, r3]
10003ba0:	e796      	b.n	10003ad0 <_ntoa_format+0x88>
10003ba2:	06fb      	lsls	r3, r7, #27
10003ba4:	d5ce      	bpl.n	10003b44 <_ntoa_format+0xfc>
10003ba6:	057b      	lsls	r3, r7, #21
10003ba8:	d400      	bmi.n	10003bac <_ntoa_format+0x164>
10003baa:	e788      	b.n	10003abe <_ntoa_format+0x76>
10003bac:	e78b      	b.n	10003ac6 <_ntoa_format+0x7e>
10003bae:	0023      	movs	r3, r4
10003bb0:	073e      	lsls	r6, r7, #28
10003bb2:	d590      	bpl.n	10003ad6 <_ntoa_format+0x8e>
10003bb4:	2620      	movs	r6, #32
10003bb6:	9a0e      	ldr	r2, [sp, #56]	@ 0x38
10003bb8:	3301      	adds	r3, #1
10003bba:	5516      	strb	r6, [r2, r4]
10003bbc:	e78b      	b.n	10003ad6 <_ntoa_format+0x8e>
10003bbe:	230c      	movs	r3, #12
10003bc0:	403b      	ands	r3, r7
10003bc2:	1e5a      	subs	r2, r3, #1
10003bc4:	4193      	sbcs	r3, r2
10003bc6:	1aed      	subs	r5, r5, r3
10003bc8:	42b4      	cmp	r4, r6
10003bca:	d200      	bcs.n	10003bce <_ntoa_format+0x186>
10003bcc:	e755      	b.n	10003a7a <_ntoa_format+0x32>
10003bce:	e764      	b.n	10003a9a <_ntoa_format+0x52>
10003bd0:	06bb      	lsls	r3, r7, #26
10003bd2:	d40e      	bmi.n	10003bf2 <_ntoa_format+0x1aa>
10003bd4:	2378      	movs	r3, #120	@ 0x78
10003bd6:	9a0e      	ldr	r2, [sp, #56]	@ 0x38
10003bd8:	2402      	movs	r4, #2
10003bda:	7013      	strb	r3, [r2, #0]
10003bdc:	2330      	movs	r3, #48	@ 0x30
10003bde:	7053      	strb	r3, [r2, #1]
10003be0:	e7a1      	b.n	10003b26 <_ntoa_format+0xde>
10003be2:	2c20      	cmp	r4, #32
10003be4:	d100      	bne.n	10003be8 <_ntoa_format+0x1a0>
10003be6:	e775      	b.n	10003ad4 <_ntoa_format+0x8c>
10003be8:	2378      	movs	r3, #120	@ 0x78
10003bea:	9a0e      	ldr	r2, [sp, #56]	@ 0x38
10003bec:	5513      	strb	r3, [r2, r4]
10003bee:	3401      	adds	r4, #1
10003bf0:	e76e      	b.n	10003ad0 <_ntoa_format+0x88>
10003bf2:	2358      	movs	r3, #88	@ 0x58
10003bf4:	e7ef      	b.n	10003bd6 <_ntoa_format+0x18e>
10003bf6:	3360      	adds	r3, #96	@ 0x60
10003bf8:	e7ed      	b.n	10003bd6 <_ntoa_format+0x18e>
10003bfa:	9a0e      	ldr	r2, [sp, #56]	@ 0x38
10003bfc:	1ea6      	subs	r6, r4, #2
10003bfe:	4691      	mov	r9, r2
10003c00:	444e      	add	r6, r9
10003c02:	06ba      	lsls	r2, r7, #26
10003c04:	d502      	bpl.n	10003c0c <_ntoa_format+0x1c4>
10003c06:	2258      	movs	r2, #88	@ 0x58
10003c08:	7032      	strb	r2, [r6, #0]
10003c0a:	e798      	b.n	10003b3e <_ntoa_format+0xf6>
10003c0c:	2278      	movs	r2, #120	@ 0x78
10003c0e:	7032      	strb	r2, [r6, #0]
10003c10:	e795      	b.n	10003b3e <_ntoa_format+0xf6>
10003c12:	46c0      	nop			@ (mov r8, r8)

10003c14 <_out_char>:
10003c14:	b510      	push	{r4, lr}
10003c16:	2800      	cmp	r0, #0
10003c18:	d100      	bne.n	10003c1c <_out_char+0x8>
10003c1a:	bd10      	pop	{r4, pc}
10003c1c:	f001 fc5a 	bl	100054d4 <__wrap_putchar>
10003c20:	e7fb      	b.n	10003c1a <_out_char+0x6>
10003c22:	46c0      	nop			@ (mov r8, r8)

10003c24 <_ftoa>:
10003c24:	b5f0      	push	{r4, r5, r6, r7, lr}
10003c26:	4657      	mov	r7, sl
10003c28:	46de      	mov	lr, fp
10003c2a:	464e      	mov	r6, r9
10003c2c:	4645      	mov	r5, r8
10003c2e:	b5e0      	push	{r5, r6, r7, lr}
10003c30:	b095      	sub	sp, #84	@ 0x54
10003c32:	4683      	mov	fp, r0
10003c34:	000f      	movs	r7, r1
10003c36:	4692      	mov	sl, r2
10003c38:	4698      	mov	r8, r3
10003c3a:	9a1e      	ldr	r2, [sp, #120]	@ 0x78
10003c3c:	9b1f      	ldr	r3, [sp, #124]	@ 0x7c
10003c3e:	0010      	movs	r0, r2
10003c40:	0019      	movs	r1, r3
10003c42:	9e20      	ldr	r6, [sp, #128]	@ 0x80
10003c44:	f7ff fa8f 	bl	10003166 <__wrap___aeabi_dcmpun>
10003c48:	2800      	cmp	r0, #0
10003c4a:	d000      	beq.n	10003c4e <_ftoa+0x2a>
10003c4c:	e1ea      	b.n	10004024 <_ftoa+0x400>
10003c4e:	981e      	ldr	r0, [sp, #120]	@ 0x78
10003c50:	991f      	ldr	r1, [sp, #124]	@ 0x7c
10003c52:	2201      	movs	r2, #1
10003c54:	4bc5      	ldr	r3, [pc, #788]	@ (10003f6c <_ftoa+0x348>)
10003c56:	4252      	negs	r2, r2
10003c58:	f7ff fa6a 	bl	10003130 <__wrap___aeabi_dcmplt>
10003c5c:	2800      	cmp	r0, #0
10003c5e:	d000      	beq.n	10003c62 <_ftoa+0x3e>
10003c60:	e114      	b.n	10003e8c <_ftoa+0x268>
10003c62:	981e      	ldr	r0, [sp, #120]	@ 0x78
10003c64:	991f      	ldr	r1, [sp, #124]	@ 0x7c
10003c66:	2201      	movs	r2, #1
10003c68:	4bc1      	ldr	r3, [pc, #772]	@ (10003f70 <_ftoa+0x34c>)
10003c6a:	4252      	negs	r2, r2
10003c6c:	f7ff fa76 	bl	1000315c <__wrap___aeabi_dcmpgt>
10003c70:	2800      	cmp	r0, #0
10003c72:	d000      	beq.n	10003c76 <_ftoa+0x52>
10003c74:	e0e9      	b.n	10003e4a <_ftoa+0x226>
10003c76:	981e      	ldr	r0, [sp, #120]	@ 0x78
10003c78:	991f      	ldr	r1, [sp, #124]	@ 0x7c
10003c7a:	2200      	movs	r2, #0
10003c7c:	4bbd      	ldr	r3, [pc, #756]	@ (10003f74 <_ftoa+0x350>)
10003c7e:	f7ff fa6d 	bl	1000315c <__wrap___aeabi_dcmpgt>
10003c82:	2800      	cmp	r0, #0
10003c84:	d000      	beq.n	10003c88 <_ftoa+0x64>
10003c86:	e0c8      	b.n	10003e1a <_ftoa+0x1f6>
10003c88:	981e      	ldr	r0, [sp, #120]	@ 0x78
10003c8a:	991f      	ldr	r1, [sp, #124]	@ 0x7c
10003c8c:	2200      	movs	r2, #0
10003c8e:	4bba      	ldr	r3, [pc, #744]	@ (10003f78 <_ftoa+0x354>)
10003c90:	f7ff fa4e 	bl	10003130 <__wrap___aeabi_dcmplt>
10003c94:	2800      	cmp	r0, #0
10003c96:	d000      	beq.n	10003c9a <_ftoa+0x76>
10003c98:	e0bf      	b.n	10003e1a <_ftoa+0x1f6>
10003c9a:	981e      	ldr	r0, [sp, #120]	@ 0x78
10003c9c:	991f      	ldr	r1, [sp, #124]	@ 0x7c
10003c9e:	2200      	movs	r2, #0
10003ca0:	2300      	movs	r3, #0
10003ca2:	f7ff fa45 	bl	10003130 <__wrap___aeabi_dcmplt>
10003ca6:	2800      	cmp	r0, #0
10003ca8:	d000      	beq.n	10003cac <_ftoa+0x88>
10003caa:	e0e4      	b.n	10003e76 <_ftoa+0x252>
10003cac:	2300      	movs	r3, #0
10003cae:	930b      	str	r3, [sp, #44]	@ 0x2c
10003cb0:	9b22      	ldr	r3, [sp, #136]	@ 0x88
10003cb2:	055b      	lsls	r3, r3, #21
10003cb4:	d400      	bmi.n	10003cb8 <_ftoa+0x94>
10003cb6:	2606      	movs	r6, #6
10003cb8:	2400      	movs	r4, #0
10003cba:	2330      	movs	r3, #48	@ 0x30
10003cbc:	e007      	b.n	10003cce <_ftoa+0xaa>
10003cbe:	2117      	movs	r1, #23
10003cc0:	aa06      	add	r2, sp, #24
10003cc2:	3401      	adds	r4, #1
10003cc4:	1852      	adds	r2, r2, r1
10003cc6:	5513      	strb	r3, [r2, r4]
10003cc8:	3e01      	subs	r6, #1
10003cca:	2c20      	cmp	r4, #32
10003ccc:	d001      	beq.n	10003cd2 <_ftoa+0xae>
10003cce:	2e09      	cmp	r6, #9
10003cd0:	d8f5      	bhi.n	10003cbe <_ftoa+0x9a>
10003cd2:	981e      	ldr	r0, [sp, #120]	@ 0x78
10003cd4:	991f      	ldr	r1, [sp, #124]	@ 0x7c
10003cd6:	f7ff fa6f 	bl	100031b8 <__wrap___aeabi_d2iz>
10003cda:	4ba8      	ldr	r3, [pc, #672]	@ (10003f7c <_ftoa+0x358>)
10003cdc:	00f2      	lsls	r2, r6, #3
10003cde:	189b      	adds	r3, r3, r2
10003ce0:	681a      	ldr	r2, [r3, #0]
10003ce2:	685b      	ldr	r3, [r3, #4]
10003ce4:	0005      	movs	r5, r0
10003ce6:	9208      	str	r2, [sp, #32]
10003ce8:	9309      	str	r3, [sp, #36]	@ 0x24
10003cea:	f7ff fa4d 	bl	10003188 <__wrap___aeabi_i2d>
10003cee:	0002      	movs	r2, r0
10003cf0:	000b      	movs	r3, r1
10003cf2:	981e      	ldr	r0, [sp, #120]	@ 0x78
10003cf4:	991f      	ldr	r1, [sp, #124]	@ 0x7c
10003cf6:	f7ff f9a8 	bl	1000304a <__wrap___aeabi_dsub>
10003cfa:	9a08      	ldr	r2, [sp, #32]
10003cfc:	9b09      	ldr	r3, [sp, #36]	@ 0x24
10003cfe:	f7ff f9d4 	bl	100030aa <__wrap___aeabi_dmul>
10003d02:	9006      	str	r0, [sp, #24]
10003d04:	9107      	str	r1, [sp, #28]
10003d06:	f7ff fa7b 	bl	10003200 <__wrap___aeabi_d2uiz>
10003d0a:	4681      	mov	r9, r0
10003d0c:	f7ff fa38 	bl	10003180 <__wrap___aeabi_ui2d>
10003d10:	0002      	movs	r2, r0
10003d12:	000b      	movs	r3, r1
10003d14:	9806      	ldr	r0, [sp, #24]
10003d16:	9907      	ldr	r1, [sp, #28]
10003d18:	f7ff f997 	bl	1000304a <__wrap___aeabi_dsub>
10003d1c:	2200      	movs	r2, #0
10003d1e:	4b98      	ldr	r3, [pc, #608]	@ (10003f80 <_ftoa+0x35c>)
10003d20:	9006      	str	r0, [sp, #24]
10003d22:	9107      	str	r1, [sp, #28]
10003d24:	f7ff fa1a 	bl	1000315c <__wrap___aeabi_dcmpgt>
10003d28:	2800      	cmp	r0, #0
10003d2a:	d100      	bne.n	10003d2e <_ftoa+0x10a>
10003d2c:	e10d      	b.n	10003f4a <_ftoa+0x326>
10003d2e:	2301      	movs	r3, #1
10003d30:	469c      	mov	ip, r3
10003d32:	44e1      	add	r9, ip
10003d34:	4648      	mov	r0, r9
10003d36:	f7ff fa23 	bl	10003180 <__wrap___aeabi_ui2d>
10003d3a:	0002      	movs	r2, r0
10003d3c:	000b      	movs	r3, r1
10003d3e:	9808      	ldr	r0, [sp, #32]
10003d40:	9909      	ldr	r1, [sp, #36]	@ 0x24
10003d42:	f7ff f9fb 	bl	1000313c <__wrap___aeabi_dcmple>
10003d46:	2800      	cmp	r0, #0
10003d48:	d002      	beq.n	10003d50 <_ftoa+0x12c>
10003d4a:	2300      	movs	r3, #0
10003d4c:	4699      	mov	r9, r3
10003d4e:	3501      	adds	r5, #1
10003d50:	2e00      	cmp	r6, #0
10003d52:	d100      	bne.n	10003d56 <_ftoa+0x132>
10003d54:	e0d9      	b.n	10003f0a <_ftoa+0x2e6>
10003d56:	9506      	str	r5, [sp, #24]
10003d58:	464d      	mov	r5, r9
10003d5a:	46b9      	mov	r9, r7
10003d5c:	e014      	b.n	10003d88 <_ftoa+0x164>
10003d5e:	aa06      	add	r2, sp, #24
10003d60:	4694      	mov	ip, r2
10003d62:	2317      	movs	r3, #23
10003d64:	210a      	movs	r1, #10
10003d66:	4463      	add	r3, ip
10003d68:	0028      	movs	r0, r5
10003d6a:	3401      	adds	r4, #1
10003d6c:	191f      	adds	r7, r3, r4
10003d6e:	f7fe ff31 	bl	10002bd4 <__wrap___aeabi_uidiv>
10003d72:	3130      	adds	r1, #48	@ 0x30
10003d74:	7039      	strb	r1, [r7, #0]
10003d76:	0028      	movs	r0, r5
10003d78:	210a      	movs	r1, #10
10003d7a:	3e01      	subs	r6, #1
10003d7c:	f7fe ff2a 	bl	10002bd4 <__wrap___aeabi_uidiv>
10003d80:	2d09      	cmp	r5, #9
10003d82:	d800      	bhi.n	10003d86 <_ftoa+0x162>
10003d84:	e117      	b.n	10003fb6 <_ftoa+0x392>
10003d86:	0005      	movs	r5, r0
10003d88:	2c20      	cmp	r4, #32
10003d8a:	d1e8      	bne.n	10003d5e <_ftoa+0x13a>
10003d8c:	464f      	mov	r7, r9
10003d8e:	9d06      	ldr	r5, [sp, #24]
10003d90:	2420      	movs	r4, #32
10003d92:	ae0c      	add	r6, sp, #48	@ 0x30
10003d94:	aa06      	add	r2, sp, #24
10003d96:	2317      	movs	r3, #23
10003d98:	4694      	mov	ip, r2
10003d9a:	4463      	add	r3, ip
10003d9c:	4699      	mov	r9, r3
10003d9e:	465b      	mov	r3, fp
10003da0:	46b3      	mov	fp, r6
10003da2:	9306      	str	r3, [sp, #24]
10003da4:	e00f      	b.n	10003dc6 <_ftoa+0x1a2>
10003da6:	464b      	mov	r3, r9
10003da8:	0028      	movs	r0, r5
10003daa:	210a      	movs	r1, #10
10003dac:	3401      	adds	r4, #1
10003dae:	18e6      	adds	r6, r4, r3
10003db0:	f7fe fee8 	bl	10002b84 <__wrap___aeabi_idiv>
10003db4:	3130      	adds	r1, #48	@ 0x30
10003db6:	0028      	movs	r0, r5
10003db8:	7031      	strb	r1, [r6, #0]
10003dba:	210a      	movs	r1, #10
10003dbc:	f7fe fee2 	bl	10002b84 <__wrap___aeabi_idiv>
10003dc0:	1e05      	subs	r5, r0, #0
10003dc2:	d100      	bne.n	10003dc6 <_ftoa+0x1a2>
10003dc4:	e0e4      	b.n	10003f90 <_ftoa+0x36c>
10003dc6:	2c20      	cmp	r4, #32
10003dc8:	d1ed      	bne.n	10003da6 <_ftoa+0x182>
10003dca:	9b06      	ldr	r3, [sp, #24]
10003dcc:	465e      	mov	r6, fp
10003dce:	469b      	mov	fp, r3
10003dd0:	2303      	movs	r3, #3
10003dd2:	9a22      	ldr	r2, [sp, #136]	@ 0x88
10003dd4:	4013      	ands	r3, r2
10003dd6:	2b01      	cmp	r3, #1
10003dd8:	d118      	bne.n	10003e0c <_ftoa+0x1e8>
10003dda:	9b21      	ldr	r3, [sp, #132]	@ 0x84
10003ddc:	2b00      	cmp	r3, #0
10003dde:	d015      	beq.n	10003e0c <_ftoa+0x1e8>
10003de0:	9b0b      	ldr	r3, [sp, #44]	@ 0x2c
10003de2:	2b00      	cmp	r3, #0
10003de4:	d100      	bne.n	10003de8 <_ftoa+0x1c4>
10003de6:	e0fd      	b.n	10003fe4 <_ftoa+0x3c0>
10003de8:	9b21      	ldr	r3, [sp, #132]	@ 0x84
10003dea:	3b01      	subs	r3, #1
10003dec:	9321      	str	r3, [sp, #132]	@ 0x84
10003dee:	2b20      	cmp	r3, #32
10003df0:	d90c      	bls.n	10003e0c <_ftoa+0x1e8>
10003df2:	2330      	movs	r3, #48	@ 0x30
10003df4:	9a21      	ldr	r2, [sp, #132]	@ 0x84
10003df6:	e007      	b.n	10003e08 <_ftoa+0x1e4>
10003df8:	2017      	movs	r0, #23
10003dfa:	a906      	add	r1, sp, #24
10003dfc:	3401      	adds	r4, #1
10003dfe:	1809      	adds	r1, r1, r0
10003e00:	550b      	strb	r3, [r1, r4]
10003e02:	4294      	cmp	r4, r2
10003e04:	d300      	bcc.n	10003e08 <_ftoa+0x1e4>
10003e06:	e0cc      	b.n	10003fa2 <_ftoa+0x37e>
10003e08:	2c20      	cmp	r4, #32
10003e0a:	d1f5      	bne.n	10003df8 <_ftoa+0x1d4>
10003e0c:	9b22      	ldr	r3, [sp, #136]	@ 0x88
10003e0e:	9401      	str	r4, [sp, #4]
10003e10:	9303      	str	r3, [sp, #12]
10003e12:	9b21      	ldr	r3, [sp, #132]	@ 0x84
10003e14:	9600      	str	r6, [sp, #0]
10003e16:	9302      	str	r3, [sp, #8]
10003e18:	e022      	b.n	10003e60 <_ftoa+0x23c>
10003e1a:	9b22      	ldr	r3, [sp, #136]	@ 0x88
10003e1c:	4652      	mov	r2, sl
10003e1e:	9304      	str	r3, [sp, #16]
10003e20:	9b21      	ldr	r3, [sp, #132]	@ 0x84
10003e22:	0039      	movs	r1, r7
10003e24:	9303      	str	r3, [sp, #12]
10003e26:	4658      	mov	r0, fp
10003e28:	9b1e      	ldr	r3, [sp, #120]	@ 0x78
10003e2a:	9c1f      	ldr	r4, [sp, #124]	@ 0x7c
10003e2c:	9602      	str	r6, [sp, #8]
10003e2e:	9300      	str	r3, [sp, #0]
10003e30:	9401      	str	r4, [sp, #4]
10003e32:	4643      	mov	r3, r8
10003e34:	f000 f94a 	bl	100040cc <_etoa>
10003e38:	0004      	movs	r4, r0
10003e3a:	0020      	movs	r0, r4
10003e3c:	b015      	add	sp, #84	@ 0x54
10003e3e:	bcf0      	pop	{r4, r5, r6, r7}
10003e40:	46bb      	mov	fp, r7
10003e42:	46b2      	mov	sl, r6
10003e44:	46a9      	mov	r9, r5
10003e46:	46a0      	mov	r8, r4
10003e48:	bdf0      	pop	{r4, r5, r6, r7, pc}
10003e4a:	9b22      	ldr	r3, [sp, #136]	@ 0x88
10003e4c:	075b      	lsls	r3, r3, #29
10003e4e:	d40f      	bmi.n	10003e70 <_ftoa+0x24c>
10003e50:	2203      	movs	r2, #3
10003e52:	4b4c      	ldr	r3, [pc, #304]	@ (10003f84 <_ftoa+0x360>)
10003e54:	9922      	ldr	r1, [sp, #136]	@ 0x88
10003e56:	9201      	str	r2, [sp, #4]
10003e58:	9103      	str	r1, [sp, #12]
10003e5a:	9921      	ldr	r1, [sp, #132]	@ 0x84
10003e5c:	9300      	str	r3, [sp, #0]
10003e5e:	9102      	str	r1, [sp, #8]
10003e60:	4643      	mov	r3, r8
10003e62:	4652      	mov	r2, sl
10003e64:	0039      	movs	r1, r7
10003e66:	4658      	mov	r0, fp
10003e68:	f7ff fd98 	bl	1000399c <_out_rev>
10003e6c:	0004      	movs	r4, r0
10003e6e:	e7e4      	b.n	10003e3a <_ftoa+0x216>
10003e70:	2204      	movs	r2, #4
10003e72:	4b45      	ldr	r3, [pc, #276]	@ (10003f88 <_ftoa+0x364>)
10003e74:	e7ee      	b.n	10003e54 <_ftoa+0x230>
10003e76:	9a1e      	ldr	r2, [sp, #120]	@ 0x78
10003e78:	9b1f      	ldr	r3, [sp, #124]	@ 0x7c
10003e7a:	2000      	movs	r0, #0
10003e7c:	2100      	movs	r1, #0
10003e7e:	f7ff f8e4 	bl	1000304a <__wrap___aeabi_dsub>
10003e82:	2301      	movs	r3, #1
10003e84:	901e      	str	r0, [sp, #120]	@ 0x78
10003e86:	911f      	str	r1, [sp, #124]	@ 0x7c
10003e88:	930b      	str	r3, [sp, #44]	@ 0x2c
10003e8a:	e711      	b.n	10003cb0 <_ftoa+0x8c>
10003e8c:	9b22      	ldr	r3, [sp, #136]	@ 0x88
10003e8e:	4654      	mov	r4, sl
10003e90:	079b      	lsls	r3, r3, #30
10003e92:	d111      	bne.n	10003eb8 <_ftoa+0x294>
10003e94:	9b21      	ldr	r3, [sp, #132]	@ 0x84
10003e96:	2b04      	cmp	r3, #4
10003e98:	d90e      	bls.n	10003eb8 <_ftoa+0x294>
10003e9a:	9b21      	ldr	r3, [sp, #132]	@ 0x84
10003e9c:	4655      	mov	r5, sl
10003e9e:	469c      	mov	ip, r3
10003ea0:	465e      	mov	r6, fp
10003ea2:	3c04      	subs	r4, #4
10003ea4:	4464      	add	r4, ip
10003ea6:	002a      	movs	r2, r5
10003ea8:	4643      	mov	r3, r8
10003eaa:	3501      	adds	r5, #1
10003eac:	0039      	movs	r1, r7
10003eae:	2020      	movs	r0, #32
10003eb0:	47b0      	blx	r6
10003eb2:	42a5      	cmp	r5, r4
10003eb4:	d1f7      	bne.n	10003ea6 <_ftoa+0x282>
10003eb6:	46b3      	mov	fp, r6
10003eb8:	4d34      	ldr	r5, [pc, #208]	@ (10003f8c <_ftoa+0x368>)
10003eba:	0026      	movs	r6, r4
10003ebc:	1f2b      	subs	r3, r5, #4
10003ebe:	4699      	mov	r9, r3
10003ec0:	465b      	mov	r3, fp
10003ec2:	46a3      	mov	fp, r4
10003ec4:	001c      	movs	r4, r3
10003ec6:	0032      	movs	r2, r6
10003ec8:	78e8      	ldrb	r0, [r5, #3]
10003eca:	4643      	mov	r3, r8
10003ecc:	0039      	movs	r1, r7
10003ece:	3d01      	subs	r5, #1
10003ed0:	47a0      	blx	r4
10003ed2:	3601      	adds	r6, #1
10003ed4:	454d      	cmp	r5, r9
10003ed6:	d1f6      	bne.n	10003ec6 <_ftoa+0x2a2>
10003ed8:	0023      	movs	r3, r4
10003eda:	465c      	mov	r4, fp
10003edc:	469b      	mov	fp, r3
10003ede:	9b22      	ldr	r3, [sp, #136]	@ 0x88
10003ee0:	3404      	adds	r4, #4
10003ee2:	079b      	lsls	r3, r3, #30
10003ee4:	d5a9      	bpl.n	10003e3a <_ftoa+0x216>
10003ee6:	4653      	mov	r3, sl
10003ee8:	9a21      	ldr	r2, [sp, #132]	@ 0x84
10003eea:	1ae3      	subs	r3, r4, r3
10003eec:	429a      	cmp	r2, r3
10003eee:	d9a4      	bls.n	10003e3a <_ftoa+0x216>
10003ef0:	465e      	mov	r6, fp
10003ef2:	0015      	movs	r5, r2
10003ef4:	0022      	movs	r2, r4
10003ef6:	4643      	mov	r3, r8
10003ef8:	0039      	movs	r1, r7
10003efa:	2020      	movs	r0, #32
10003efc:	47b0      	blx	r6
10003efe:	4653      	mov	r3, sl
10003f00:	3401      	adds	r4, #1
10003f02:	1ae3      	subs	r3, r4, r3
10003f04:	429d      	cmp	r5, r3
10003f06:	d8f5      	bhi.n	10003ef4 <_ftoa+0x2d0>
10003f08:	e797      	b.n	10003e3a <_ftoa+0x216>
10003f0a:	0028      	movs	r0, r5
10003f0c:	f7ff f93c 	bl	10003188 <__wrap___aeabi_i2d>
10003f10:	0002      	movs	r2, r0
10003f12:	000b      	movs	r3, r1
10003f14:	981e      	ldr	r0, [sp, #120]	@ 0x78
10003f16:	991f      	ldr	r1, [sp, #124]	@ 0x7c
10003f18:	f7ff f897 	bl	1000304a <__wrap___aeabi_dsub>
10003f1c:	2200      	movs	r2, #0
10003f1e:	4b18      	ldr	r3, [pc, #96]	@ (10003f80 <_ftoa+0x35c>)
10003f20:	9006      	str	r0, [sp, #24]
10003f22:	9107      	str	r1, [sp, #28]
10003f24:	f7ff f904 	bl	10003130 <__wrap___aeabi_dcmplt>
10003f28:	ae0c      	add	r6, sp, #48	@ 0x30
10003f2a:	2800      	cmp	r0, #0
10003f2c:	d000      	beq.n	10003f30 <_ftoa+0x30c>
10003f2e:	e731      	b.n	10003d94 <_ftoa+0x170>
10003f30:	9806      	ldr	r0, [sp, #24]
10003f32:	9907      	ldr	r1, [sp, #28]
10003f34:	2200      	movs	r2, #0
10003f36:	4b12      	ldr	r3, [pc, #72]	@ (10003f80 <_ftoa+0x35c>)
10003f38:	f7ff f910 	bl	1000315c <__wrap___aeabi_dcmpgt>
10003f3c:	2800      	cmp	r0, #0
10003f3e:	d000      	beq.n	10003f42 <_ftoa+0x31e>
10003f40:	e728      	b.n	10003d94 <_ftoa+0x170>
10003f42:	2301      	movs	r3, #1
10003f44:	3501      	adds	r5, #1
10003f46:	439d      	bics	r5, r3
10003f48:	e724      	b.n	10003d94 <_ftoa+0x170>
10003f4a:	2200      	movs	r2, #0
10003f4c:	9806      	ldr	r0, [sp, #24]
10003f4e:	9907      	ldr	r1, [sp, #28]
10003f50:	4b0b      	ldr	r3, [pc, #44]	@ (10003f80 <_ftoa+0x35c>)
10003f52:	f7ff f8ed 	bl	10003130 <__wrap___aeabi_dcmplt>
10003f56:	2800      	cmp	r0, #0
10003f58:	d000      	beq.n	10003f5c <_ftoa+0x338>
10003f5a:	e6f9      	b.n	10003d50 <_ftoa+0x12c>
10003f5c:	464b      	mov	r3, r9
10003f5e:	2b00      	cmp	r3, #0
10003f60:	d15c      	bne.n	1000401c <_ftoa+0x3f8>
10003f62:	2301      	movs	r3, #1
10003f64:	469c      	mov	ip, r3
10003f66:	44e1      	add	r9, ip
10003f68:	e6f2      	b.n	10003d50 <_ftoa+0x12c>
10003f6a:	46c0      	nop			@ (mov r8, r8)
10003f6c:	ffefffff 	.word	0xffefffff
10003f70:	7fefffff 	.word	0x7fefffff
10003f74:	41cdcd65 	.word	0x41cdcd65
10003f78:	c1cdcd65 	.word	0xc1cdcd65
10003f7c:	10009458 	.word	0x10009458
10003f80:	3fe00000 	.word	0x3fe00000
10003f84:	10008a54 	.word	0x10008a54
10003f88:	10008a4c 	.word	0x10008a4c
10003f8c:	10008a5c 	.word	0x10008a5c
10003f90:	9b06      	ldr	r3, [sp, #24]
10003f92:	465e      	mov	r6, fp
10003f94:	469b      	mov	fp, r3
10003f96:	2303      	movs	r3, #3
10003f98:	9a22      	ldr	r2, [sp, #136]	@ 0x88
10003f9a:	4013      	ands	r3, r2
10003f9c:	2b01      	cmp	r3, #1
10003f9e:	d100      	bne.n	10003fa2 <_ftoa+0x37e>
10003fa0:	e081      	b.n	100040a6 <_ftoa+0x482>
10003fa2:	2c20      	cmp	r4, #32
10003fa4:	d100      	bne.n	10003fa8 <_ftoa+0x384>
10003fa6:	e731      	b.n	10003e0c <_ftoa+0x1e8>
10003fa8:	9b0b      	ldr	r3, [sp, #44]	@ 0x2c
10003faa:	2b00      	cmp	r3, #0
10003fac:	d027      	beq.n	10003ffe <_ftoa+0x3da>
10003fae:	232d      	movs	r3, #45	@ 0x2d
10003fb0:	5533      	strb	r3, [r6, r4]
10003fb2:	3401      	adds	r4, #1
10003fb4:	e72a      	b.n	10003e0c <_ftoa+0x1e8>
10003fb6:	464f      	mov	r7, r9
10003fb8:	9d06      	ldr	r5, [sp, #24]
10003fba:	2c20      	cmp	r4, #32
10003fbc:	d100      	bne.n	10003fc0 <_ftoa+0x39c>
10003fbe:	e6e7      	b.n	10003d90 <_ftoa+0x16c>
10003fc0:	2230      	movs	r2, #48	@ 0x30
10003fc2:	1933      	adds	r3, r6, r4
10003fc4:	e007      	b.n	10003fd6 <_ftoa+0x3b2>
10003fc6:	2017      	movs	r0, #23
10003fc8:	a906      	add	r1, sp, #24
10003fca:	3401      	adds	r4, #1
10003fcc:	1809      	adds	r1, r1, r0
10003fce:	550a      	strb	r2, [r1, r4]
10003fd0:	2c20      	cmp	r4, #32
10003fd2:	d100      	bne.n	10003fd6 <_ftoa+0x3b2>
10003fd4:	e6dc      	b.n	10003d90 <_ftoa+0x16c>
10003fd6:	42a3      	cmp	r3, r4
10003fd8:	d1f5      	bne.n	10003fc6 <_ftoa+0x3a2>
10003fda:	222e      	movs	r2, #46	@ 0x2e
10003fdc:	ae0c      	add	r6, sp, #48	@ 0x30
10003fde:	3401      	adds	r4, #1
10003fe0:	54f2      	strb	r2, [r6, r3]
10003fe2:	e6d7      	b.n	10003d94 <_ftoa+0x170>
10003fe4:	230c      	movs	r3, #12
10003fe6:	9a22      	ldr	r2, [sp, #136]	@ 0x88
10003fe8:	4213      	tst	r3, r2
10003fea:	d057      	beq.n	1000409c <_ftoa+0x478>
10003fec:	9b21      	ldr	r3, [sp, #132]	@ 0x84
10003fee:	3b01      	subs	r3, #1
10003ff0:	9321      	str	r3, [sp, #132]	@ 0x84
10003ff2:	42a3      	cmp	r3, r4
10003ff4:	d900      	bls.n	10003ff8 <_ftoa+0x3d4>
10003ff6:	e6fc      	b.n	10003df2 <_ftoa+0x1ce>
10003ff8:	2c20      	cmp	r4, #32
10003ffa:	d100      	bne.n	10003ffe <_ftoa+0x3da>
10003ffc:	e706      	b.n	10003e0c <_ftoa+0x1e8>
10003ffe:	9b22      	ldr	r3, [sp, #136]	@ 0x88
10004000:	075b      	lsls	r3, r3, #29
10004002:	d503      	bpl.n	1000400c <_ftoa+0x3e8>
10004004:	232b      	movs	r3, #43	@ 0x2b
10004006:	5533      	strb	r3, [r6, r4]
10004008:	3401      	adds	r4, #1
1000400a:	e6ff      	b.n	10003e0c <_ftoa+0x1e8>
1000400c:	9b22      	ldr	r3, [sp, #136]	@ 0x88
1000400e:	071b      	lsls	r3, r3, #28
10004010:	d400      	bmi.n	10004014 <_ftoa+0x3f0>
10004012:	e6fb      	b.n	10003e0c <_ftoa+0x1e8>
10004014:	2320      	movs	r3, #32
10004016:	5533      	strb	r3, [r6, r4]
10004018:	3401      	adds	r4, #1
1000401a:	e6f7      	b.n	10003e0c <_ftoa+0x1e8>
1000401c:	07db      	lsls	r3, r3, #31
1000401e:	d400      	bmi.n	10004022 <_ftoa+0x3fe>
10004020:	e696      	b.n	10003d50 <_ftoa+0x12c>
10004022:	e79e      	b.n	10003f62 <_ftoa+0x33e>
10004024:	9b22      	ldr	r3, [sp, #136]	@ 0x88
10004026:	4655      	mov	r5, sl
10004028:	079b      	lsls	r3, r3, #30
1000402a:	d111      	bne.n	10004050 <_ftoa+0x42c>
1000402c:	9b21      	ldr	r3, [sp, #132]	@ 0x84
1000402e:	2b03      	cmp	r3, #3
10004030:	d90e      	bls.n	10004050 <_ftoa+0x42c>
10004032:	9b21      	ldr	r3, [sp, #132]	@ 0x84
10004034:	4654      	mov	r4, sl
10004036:	469c      	mov	ip, r3
10004038:	465e      	mov	r6, fp
1000403a:	3d03      	subs	r5, #3
1000403c:	4465      	add	r5, ip
1000403e:	0022      	movs	r2, r4
10004040:	4643      	mov	r3, r8
10004042:	3401      	adds	r4, #1
10004044:	0039      	movs	r1, r7
10004046:	2020      	movs	r0, #32
10004048:	47b0      	blx	r6
1000404a:	42ac      	cmp	r4, r5
1000404c:	d1f7      	bne.n	1000403e <_ftoa+0x41a>
1000404e:	46b3      	mov	fp, r6
10004050:	46b9      	mov	r9, r7
10004052:	465f      	mov	r7, fp
10004054:	4e1c      	ldr	r6, [pc, #112]	@ (100040c8 <_ftoa+0x4a4>)
10004056:	1cec      	adds	r4, r5, #3
10004058:	002a      	movs	r2, r5
1000405a:	78b0      	ldrb	r0, [r6, #2]
1000405c:	4643      	mov	r3, r8
1000405e:	4649      	mov	r1, r9
10004060:	3501      	adds	r5, #1
10004062:	47b8      	blx	r7
10004064:	3e01      	subs	r6, #1
10004066:	42ac      	cmp	r4, r5
10004068:	d1f6      	bne.n	10004058 <_ftoa+0x434>
1000406a:	9b22      	ldr	r3, [sp, #136]	@ 0x88
1000406c:	46bb      	mov	fp, r7
1000406e:	464f      	mov	r7, r9
10004070:	079b      	lsls	r3, r3, #30
10004072:	d400      	bmi.n	10004076 <_ftoa+0x452>
10004074:	e6e1      	b.n	10003e3a <_ftoa+0x216>
10004076:	4653      	mov	r3, sl
10004078:	9a21      	ldr	r2, [sp, #132]	@ 0x84
1000407a:	1ae3      	subs	r3, r4, r3
1000407c:	429a      	cmp	r2, r3
1000407e:	d800      	bhi.n	10004082 <_ftoa+0x45e>
10004080:	e6db      	b.n	10003e3a <_ftoa+0x216>
10004082:	465e      	mov	r6, fp
10004084:	0015      	movs	r5, r2
10004086:	0022      	movs	r2, r4
10004088:	4643      	mov	r3, r8
1000408a:	0039      	movs	r1, r7
1000408c:	2020      	movs	r0, #32
1000408e:	47b0      	blx	r6
10004090:	4653      	mov	r3, sl
10004092:	3401      	adds	r4, #1
10004094:	1ae3      	subs	r3, r4, r3
10004096:	42ab      	cmp	r3, r5
10004098:	d3f5      	bcc.n	10004086 <_ftoa+0x462>
1000409a:	e6ce      	b.n	10003e3a <_ftoa+0x216>
1000409c:	9b21      	ldr	r3, [sp, #132]	@ 0x84
1000409e:	42a3      	cmp	r3, r4
100040a0:	d900      	bls.n	100040a4 <_ftoa+0x480>
100040a2:	e6a6      	b.n	10003df2 <_ftoa+0x1ce>
100040a4:	e6b2      	b.n	10003e0c <_ftoa+0x1e8>
100040a6:	9b21      	ldr	r3, [sp, #132]	@ 0x84
100040a8:	2b00      	cmp	r3, #0
100040aa:	d100      	bne.n	100040ae <_ftoa+0x48a>
100040ac:	e779      	b.n	10003fa2 <_ftoa+0x37e>
100040ae:	9b0b      	ldr	r3, [sp, #44]	@ 0x2c
100040b0:	2b00      	cmp	r3, #0
100040b2:	d097      	beq.n	10003fe4 <_ftoa+0x3c0>
100040b4:	9b21      	ldr	r3, [sp, #132]	@ 0x84
100040b6:	3b01      	subs	r3, #1
100040b8:	9321      	str	r3, [sp, #132]	@ 0x84
100040ba:	429c      	cmp	r4, r3
100040bc:	d200      	bcs.n	100040c0 <_ftoa+0x49c>
100040be:	e698      	b.n	10003df2 <_ftoa+0x1ce>
100040c0:	2c20      	cmp	r4, #32
100040c2:	d000      	beq.n	100040c6 <_ftoa+0x4a2>
100040c4:	e773      	b.n	10003fae <_ftoa+0x38a>
100040c6:	e6a1      	b.n	10003e0c <_ftoa+0x1e8>
100040c8:	10008a58 	.word	0x10008a58

100040cc <_etoa>:
100040cc:	b5f0      	push	{r4, r5, r6, r7, lr}
100040ce:	46de      	mov	lr, fp
100040d0:	4657      	mov	r7, sl
100040d2:	464e      	mov	r6, r9
100040d4:	4645      	mov	r5, r8
100040d6:	b5e0      	push	{r5, r6, r7, lr}
100040d8:	b099      	sub	sp, #100	@ 0x64
100040da:	4681      	mov	r9, r0
100040dc:	468b      	mov	fp, r1
100040de:	4692      	mov	sl, r2
100040e0:	4698      	mov	r8, r3
100040e2:	9a22      	ldr	r2, [sp, #136]	@ 0x88
100040e4:	9b23      	ldr	r3, [sp, #140]	@ 0x8c
100040e6:	0010      	movs	r0, r2
100040e8:	0019      	movs	r1, r3
100040ea:	f7ff f83c 	bl	10003166 <__wrap___aeabi_dcmpun>
100040ee:	2800      	cmp	r0, #0
100040f0:	d000      	beq.n	100040f4 <_etoa+0x28>
100040f2:	e0ca      	b.n	1000428a <_etoa+0x1be>
100040f4:	9822      	ldr	r0, [sp, #136]	@ 0x88
100040f6:	9923      	ldr	r1, [sp, #140]	@ 0x8c
100040f8:	2201      	movs	r2, #1
100040fa:	4b82      	ldr	r3, [pc, #520]	@ (10004304 <_etoa+0x238>)
100040fc:	4252      	negs	r2, r2
100040fe:	f7ff f82d 	bl	1000315c <__wrap___aeabi_dcmpgt>
10004102:	2800      	cmp	r0, #0
10004104:	d000      	beq.n	10004108 <_etoa+0x3c>
10004106:	e0c0      	b.n	1000428a <_etoa+0x1be>
10004108:	9822      	ldr	r0, [sp, #136]	@ 0x88
1000410a:	9923      	ldr	r1, [sp, #140]	@ 0x8c
1000410c:	2201      	movs	r2, #1
1000410e:	4b7e      	ldr	r3, [pc, #504]	@ (10004308 <_etoa+0x23c>)
10004110:	4252      	negs	r2, r2
10004112:	f7ff f80d 	bl	10003130 <__wrap___aeabi_dcmplt>
10004116:	2800      	cmp	r0, #0
10004118:	d000      	beq.n	1000411c <_etoa+0x50>
1000411a:	e0b6      	b.n	1000428a <_etoa+0x1be>
1000411c:	9822      	ldr	r0, [sp, #136]	@ 0x88
1000411e:	9923      	ldr	r1, [sp, #140]	@ 0x8c
10004120:	2200      	movs	r2, #0
10004122:	2300      	movs	r3, #0
10004124:	f7ff f804 	bl	10003130 <__wrap___aeabi_dcmplt>
10004128:	2800      	cmp	r0, #0
1000412a:	d000      	beq.n	1000412e <_etoa+0x62>
1000412c:	e1c9      	b.n	100044c2 <_etoa+0x3f6>
1000412e:	9b22      	ldr	r3, [sp, #136]	@ 0x88
10004130:	9c23      	ldr	r4, [sp, #140]	@ 0x8c
10004132:	9308      	str	r3, [sp, #32]
10004134:	9409      	str	r4, [sp, #36]	@ 0x24
10004136:	9808      	ldr	r0, [sp, #32]
10004138:	9909      	ldr	r1, [sp, #36]	@ 0x24
1000413a:	2380      	movs	r3, #128	@ 0x80
1000413c:	9a26      	ldr	r2, [sp, #152]	@ 0x98
1000413e:	00db      	lsls	r3, r3, #3
10004140:	401a      	ands	r2, r3
10004142:	920d      	str	r2, [sp, #52]	@ 0x34
10004144:	2280      	movs	r2, #128	@ 0x80
10004146:	9c26      	ldr	r4, [sp, #152]	@ 0x98
10004148:	0112      	lsls	r2, r2, #4
1000414a:	4014      	ands	r4, r2
1000414c:	0022      	movs	r2, r4
1000414e:	940b      	str	r4, [sp, #44]	@ 0x2c
10004150:	9c26      	ldr	r4, [sp, #152]	@ 0x98
10004152:	0007      	movs	r7, r0
10004154:	000e      	movs	r6, r1
10004156:	421c      	tst	r4, r3
10004158:	d000      	beq.n	1000415c <_etoa+0x90>
1000415a:	e0ad      	b.n	100042b8 <_etoa+0x1ec>
1000415c:	000b      	movs	r3, r1
1000415e:	4303      	orrs	r3, r0
10004160:	d000      	beq.n	10004164 <_etoa+0x98>
10004162:	e0d5      	b.n	10004310 <_etoa+0x244>
10004164:	2a00      	cmp	r2, #0
10004166:	d000      	beq.n	1000416a <_etoa+0x9e>
10004168:	e20a      	b.n	10004580 <_etoa+0x4b4>
1000416a:	0022      	movs	r2, r4
1000416c:	3306      	adds	r3, #6
1000416e:	9324      	str	r3, [sp, #144]	@ 0x90
10004170:	2302      	movs	r3, #2
10004172:	4013      	ands	r3, r2
10004174:	930c      	str	r3, [sp, #48]	@ 0x30
10004176:	2302      	movs	r3, #2
10004178:	4213      	tst	r3, r2
1000417a:	d000      	beq.n	1000417e <_etoa+0xb2>
1000417c:	e202      	b.n	10004584 <_etoa+0x4b8>
1000417e:	9b25      	ldr	r3, [sp, #148]	@ 0x94
10004180:	2b04      	cmp	r3, #4
10004182:	d200      	bcs.n	10004186 <_etoa+0xba>
10004184:	e20f      	b.n	100045a6 <_etoa+0x4da>
10004186:	3b04      	subs	r3, #4
10004188:	930b      	str	r3, [sp, #44]	@ 0x2c
1000418a:	2300      	movs	r3, #0
1000418c:	2504      	movs	r5, #4
1000418e:	930a      	str	r3, [sp, #40]	@ 0x28
10004190:	2200      	movs	r2, #0
10004192:	9822      	ldr	r0, [sp, #136]	@ 0x88
10004194:	9923      	ldr	r1, [sp, #140]	@ 0x8c
10004196:	2300      	movs	r3, #0
10004198:	f7fe ffca 	bl	10003130 <__wrap___aeabi_dcmplt>
1000419c:	2800      	cmp	r0, #0
1000419e:	d000      	beq.n	100041a2 <_etoa+0xd6>
100041a0:	e203      	b.n	100045aa <_etoa+0x4de>
100041a2:	4b5a      	ldr	r3, [pc, #360]	@ (1000430c <_etoa+0x240>)
100041a4:	9a26      	ldr	r2, [sp, #152]	@ 0x98
100041a6:	4013      	ands	r3, r2
100041a8:	9304      	str	r3, [sp, #16]
100041aa:	9b0b      	ldr	r3, [sp, #44]	@ 0x2c
100041ac:	9303      	str	r3, [sp, #12]
100041ae:	9b24      	ldr	r3, [sp, #144]	@ 0x90
100041b0:	9302      	str	r3, [sp, #8]
100041b2:	9b08      	ldr	r3, [sp, #32]
100041b4:	9c09      	ldr	r4, [sp, #36]	@ 0x24
100041b6:	9300      	str	r3, [sp, #0]
100041b8:	9401      	str	r4, [sp, #4]
100041ba:	4659      	mov	r1, fp
100041bc:	4643      	mov	r3, r8
100041be:	4652      	mov	r2, sl
100041c0:	4648      	mov	r0, r9
100041c2:	f7ff fd2f 	bl	10003c24 <_ftoa>
100041c6:	0002      	movs	r2, r0
100041c8:	2020      	movs	r0, #32
100041ca:	9b26      	ldr	r3, [sp, #152]	@ 0x98
100041cc:	271f      	movs	r7, #31
100041ce:	4003      	ands	r3, r0
100041d0:	4259      	negs	r1, r3
100041d2:	414b      	adcs	r3, r1
100041d4:	425b      	negs	r3, r3
100041d6:	4018      	ands	r0, r3
100041d8:	1c53      	adds	r3, r2, #1
100041da:	9308      	str	r3, [sp, #32]
100041dc:	4659      	mov	r1, fp
100041de:	4643      	mov	r3, r8
100041e0:	3045      	adds	r0, #69	@ 0x45
100041e2:	47c8      	blx	r9
100041e4:	9a0a      	ldr	r2, [sp, #40]	@ 0x28
100041e6:	17d3      	asrs	r3, r2, #31
100041e8:	18d4      	adds	r4, r2, r3
100041ea:	405c      	eors	r4, r3
100041ec:	0fd3      	lsrs	r3, r2, #31
100041ee:	930a      	str	r3, [sp, #40]	@ 0x28
100041f0:	1e6b      	subs	r3, r5, #1
100041f2:	930b      	str	r3, [sp, #44]	@ 0x2c
100041f4:	ab08      	add	r3, sp, #32
100041f6:	469c      	mov	ip, r3
100041f8:	2500      	movs	r5, #0
100041fa:	4467      	add	r7, ip
100041fc:	e001      	b.n	10004202 <_etoa+0x136>
100041fe:	2d20      	cmp	r5, #32
10004200:	d00f      	beq.n	10004222 <_etoa+0x156>
10004202:	0020      	movs	r0, r4
10004204:	210a      	movs	r1, #10
10004206:	f7fe fce5 	bl	10002bd4 <__wrap___aeabi_uidiv>
1000420a:	3501      	adds	r5, #1
1000420c:	197e      	adds	r6, r7, r5
1000420e:	3130      	adds	r1, #48	@ 0x30
10004210:	7031      	strb	r1, [r6, #0]
10004212:	0020      	movs	r0, r4
10004214:	210a      	movs	r1, #10
10004216:	f7fe fcdd 	bl	10002bd4 <__wrap___aeabi_uidiv>
1000421a:	0026      	movs	r6, r4
1000421c:	0004      	movs	r4, r0
1000421e:	2e09      	cmp	r6, #9
10004220:	d8ed      	bhi.n	100041fe <_etoa+0x132>
10004222:	2305      	movs	r3, #5
10004224:	9306      	str	r3, [sp, #24]
10004226:	9b0b      	ldr	r3, [sp, #44]	@ 0x2c
10004228:	4659      	mov	r1, fp
1000422a:	9305      	str	r3, [sp, #20]
1000422c:	2300      	movs	r3, #0
1000422e:	9304      	str	r3, [sp, #16]
10004230:	330a      	adds	r3, #10
10004232:	9303      	str	r3, [sp, #12]
10004234:	9b0a      	ldr	r3, [sp, #40]	@ 0x28
10004236:	4648      	mov	r0, r9
10004238:	9302      	str	r3, [sp, #8]
1000423a:	ab10      	add	r3, sp, #64	@ 0x40
1000423c:	9300      	str	r3, [sp, #0]
1000423e:	9a08      	ldr	r2, [sp, #32]
10004240:	4643      	mov	r3, r8
10004242:	9501      	str	r5, [sp, #4]
10004244:	f7ff fc00 	bl	10003a48 <_ntoa_format>
10004248:	9b0c      	ldr	r3, [sp, #48]	@ 0x30
1000424a:	2b00      	cmp	r3, #0
1000424c:	d02d      	beq.n	100042aa <_etoa+0x1de>
1000424e:	4653      	mov	r3, sl
10004250:	1ac4      	subs	r4, r0, r3
10004252:	9b25      	ldr	r3, [sp, #148]	@ 0x94
10004254:	42a3      	cmp	r3, r4
10004256:	d928      	bls.n	100042aa <_etoa+0x1de>
10004258:	464d      	mov	r5, r9
1000425a:	465f      	mov	r7, fp
1000425c:	4681      	mov	r9, r0
1000425e:	001e      	movs	r6, r3
10004260:	4653      	mov	r3, sl
10004262:	0039      	movs	r1, r7
10004264:	191a      	adds	r2, r3, r4
10004266:	2020      	movs	r0, #32
10004268:	4643      	mov	r3, r8
1000426a:	3401      	adds	r4, #1
1000426c:	47a8      	blx	r5
1000426e:	42a6      	cmp	r6, r4
10004270:	d8f6      	bhi.n	10004260 <_etoa+0x194>
10004272:	4653      	mov	r3, sl
10004274:	4648      	mov	r0, r9
10004276:	9925      	ldr	r1, [sp, #148]	@ 0x94
10004278:	1ac2      	subs	r2, r0, r3
1000427a:	3201      	adds	r2, #1
1000427c:	2300      	movs	r3, #0
1000427e:	4291      	cmp	r1, r2
10004280:	d300      	bcc.n	10004284 <_etoa+0x1b8>
10004282:	e186      	b.n	10004592 <_etoa+0x4c6>
10004284:	3001      	adds	r0, #1
10004286:	1818      	adds	r0, r3, r0
10004288:	e00f      	b.n	100042aa <_etoa+0x1de>
1000428a:	9b26      	ldr	r3, [sp, #152]	@ 0x98
1000428c:	9304      	str	r3, [sp, #16]
1000428e:	9b25      	ldr	r3, [sp, #148]	@ 0x94
10004290:	9303      	str	r3, [sp, #12]
10004292:	9b24      	ldr	r3, [sp, #144]	@ 0x90
10004294:	9302      	str	r3, [sp, #8]
10004296:	9b22      	ldr	r3, [sp, #136]	@ 0x88
10004298:	9c23      	ldr	r4, [sp, #140]	@ 0x8c
1000429a:	9300      	str	r3, [sp, #0]
1000429c:	9401      	str	r4, [sp, #4]
1000429e:	4643      	mov	r3, r8
100042a0:	4652      	mov	r2, sl
100042a2:	4659      	mov	r1, fp
100042a4:	4648      	mov	r0, r9
100042a6:	f7ff fcbd 	bl	10003c24 <_ftoa>
100042aa:	b019      	add	sp, #100	@ 0x64
100042ac:	bcf0      	pop	{r4, r5, r6, r7}
100042ae:	46bb      	mov	fp, r7
100042b0:	46b2      	mov	sl, r6
100042b2:	46a9      	mov	r9, r5
100042b4:	46a0      	mov	r8, r4
100042b6:	bdf0      	pop	{r4, r5, r6, r7, pc}
100042b8:	4301      	orrs	r1, r0
100042ba:	d12b      	bne.n	10004314 <_etoa+0x248>
100042bc:	9b0b      	ldr	r3, [sp, #44]	@ 0x2c
100042be:	0022      	movs	r2, r4
100042c0:	2b00      	cmp	r3, #0
100042c2:	d100      	bne.n	100042c6 <_etoa+0x1fa>
100042c4:	e754      	b.n	10004170 <_etoa+0xa4>
100042c6:	2300      	movs	r3, #0
100042c8:	930a      	str	r3, [sp, #40]	@ 0x28
100042ca:	9b24      	ldr	r3, [sp, #144]	@ 0x90
100042cc:	9a0a      	ldr	r2, [sp, #40]	@ 0x28
100042ce:	2400      	movs	r4, #0
100042d0:	4293      	cmp	r3, r2
100042d2:	dd00      	ble.n	100042d6 <_etoa+0x20a>
100042d4:	e185      	b.n	100045e2 <_etoa+0x516>
100042d6:	9822      	ldr	r0, [sp, #136]	@ 0x88
100042d8:	9923      	ldr	r1, [sp, #140]	@ 0x8c
100042da:	2200      	movs	r2, #0
100042dc:	2300      	movs	r3, #0
100042de:	f7fe ff27 	bl	10003130 <__wrap___aeabi_dcmplt>
100042e2:	2800      	cmp	r0, #0
100042e4:	d000      	beq.n	100042e8 <_etoa+0x21c>
100042e6:	e135      	b.n	10004554 <_etoa+0x488>
100042e8:	9b26      	ldr	r3, [sp, #152]	@ 0x98
100042ea:	4a08      	ldr	r2, [pc, #32]	@ (1000430c <_etoa+0x240>)
100042ec:	9402      	str	r4, [sp, #8]
100042ee:	401a      	ands	r2, r3
100042f0:	2380      	movs	r3, #128	@ 0x80
100042f2:	00db      	lsls	r3, r3, #3
100042f4:	4313      	orrs	r3, r2
100042f6:	9304      	str	r3, [sp, #16]
100042f8:	9b25      	ldr	r3, [sp, #148]	@ 0x94
100042fa:	9303      	str	r3, [sp, #12]
100042fc:	9b08      	ldr	r3, [sp, #32]
100042fe:	9c09      	ldr	r4, [sp, #36]	@ 0x24
10004300:	e7cb      	b.n	1000429a <_etoa+0x1ce>
10004302:	46c0      	nop			@ (mov r8, r8)
10004304:	7fefffff 	.word	0x7fefffff
10004308:	ffefffff 	.word	0xffefffff
1000430c:	fffff7ff 	.word	0xfffff7ff
10004310:	2306      	movs	r3, #6
10004312:	9324      	str	r3, [sp, #144]	@ 0x90
10004314:	4bb4      	ldr	r3, [pc, #720]	@ (100045e8 <_etoa+0x51c>)
10004316:	0070      	lsls	r0, r6, #1
10004318:	469c      	mov	ip, r3
1000431a:	0d40      	lsrs	r0, r0, #21
1000431c:	4460      	add	r0, ip
1000431e:	f7fe ff33 	bl	10003188 <__wrap___aeabi_i2d>
10004322:	4ab2      	ldr	r2, [pc, #712]	@ (100045ec <_etoa+0x520>)
10004324:	4bb2      	ldr	r3, [pc, #712]	@ (100045f0 <_etoa+0x524>)
10004326:	f7fe fec0 	bl	100030aa <__wrap___aeabi_dmul>
1000432a:	4ab2      	ldr	r2, [pc, #712]	@ (100045f4 <_etoa+0x528>)
1000432c:	4bb2      	ldr	r3, [pc, #712]	@ (100045f8 <_etoa+0x52c>)
1000432e:	f7fe fe95 	bl	1000305c <__wrap___aeabi_dadd>
10004332:	0336      	lsls	r6, r6, #12
10004334:	4bb1      	ldr	r3, [pc, #708]	@ (100045fc <_etoa+0x530>)
10004336:	0b36      	lsrs	r6, r6, #12
10004338:	4333      	orrs	r3, r6
1000433a:	0004      	movs	r4, r0
1000433c:	000d      	movs	r5, r1
1000433e:	0038      	movs	r0, r7
10004340:	0019      	movs	r1, r3
10004342:	2200      	movs	r2, #0
10004344:	4bae      	ldr	r3, [pc, #696]	@ (10004600 <_etoa+0x534>)
10004346:	f7fe fe80 	bl	1000304a <__wrap___aeabi_dsub>
1000434a:	4aae      	ldr	r2, [pc, #696]	@ (10004604 <_etoa+0x538>)
1000434c:	4bae      	ldr	r3, [pc, #696]	@ (10004608 <_etoa+0x53c>)
1000434e:	f7fe feac 	bl	100030aa <__wrap___aeabi_dmul>
10004352:	0002      	movs	r2, r0
10004354:	000b      	movs	r3, r1
10004356:	0020      	movs	r0, r4
10004358:	0029      	movs	r1, r5
1000435a:	f7fe fe7f 	bl	1000305c <__wrap___aeabi_dadd>
1000435e:	f7fe ff2b 	bl	100031b8 <__wrap___aeabi_d2iz>
10004362:	900a      	str	r0, [sp, #40]	@ 0x28
10004364:	f7fe ff10 	bl	10003188 <__wrap___aeabi_i2d>
10004368:	4aa8      	ldr	r2, [pc, #672]	@ (1000460c <_etoa+0x540>)
1000436a:	4ba9      	ldr	r3, [pc, #676]	@ (10004610 <_etoa+0x544>)
1000436c:	0004      	movs	r4, r0
1000436e:	000d      	movs	r5, r1
10004370:	f7fe fe9b 	bl	100030aa <__wrap___aeabi_dmul>
10004374:	2200      	movs	r2, #0
10004376:	4ba7      	ldr	r3, [pc, #668]	@ (10004614 <_etoa+0x548>)
10004378:	f7fe fe70 	bl	1000305c <__wrap___aeabi_dadd>
1000437c:	f7fe ff1c 	bl	100031b8 <__wrap___aeabi_d2iz>
10004380:	4aa5      	ldr	r2, [pc, #660]	@ (10004618 <_etoa+0x54c>)
10004382:	0006      	movs	r6, r0
10004384:	4ba5      	ldr	r3, [pc, #660]	@ (1000461c <_etoa+0x550>)
10004386:	0020      	movs	r0, r4
10004388:	0029      	movs	r1, r5
1000438a:	f7fe fe8e 	bl	100030aa <__wrap___aeabi_dmul>
1000438e:	0004      	movs	r4, r0
10004390:	0030      	movs	r0, r6
10004392:	000d      	movs	r5, r1
10004394:	960c      	str	r6, [sp, #48]	@ 0x30
10004396:	f7fe fef7 	bl	10003188 <__wrap___aeabi_i2d>
1000439a:	4aa1      	ldr	r2, [pc, #644]	@ (10004620 <_etoa+0x554>)
1000439c:	4ba1      	ldr	r3, [pc, #644]	@ (10004624 <_etoa+0x558>)
1000439e:	f7fe fe84 	bl	100030aa <__wrap___aeabi_dmul>
100043a2:	0002      	movs	r2, r0
100043a4:	000b      	movs	r3, r1
100043a6:	0020      	movs	r0, r4
100043a8:	0029      	movs	r1, r5
100043aa:	f7fe fe4e 	bl	1000304a <__wrap___aeabi_dsub>
100043ae:	0002      	movs	r2, r0
100043b0:	000b      	movs	r3, r1
100043b2:	0006      	movs	r6, r0
100043b4:	000f      	movs	r7, r1
100043b6:	f7fe fe78 	bl	100030aa <__wrap___aeabi_dmul>
100043ba:	0032      	movs	r2, r6
100043bc:	0004      	movs	r4, r0
100043be:	000d      	movs	r5, r1
100043c0:	003b      	movs	r3, r7
100043c2:	0030      	movs	r0, r6
100043c4:	0039      	movs	r1, r7
100043c6:	f7fe fe49 	bl	1000305c <__wrap___aeabi_dadd>
100043ca:	2200      	movs	r2, #0
100043cc:	900e      	str	r0, [sp, #56]	@ 0x38
100043ce:	910f      	str	r1, [sp, #60]	@ 0x3c
100043d0:	4b95      	ldr	r3, [pc, #596]	@ (10004628 <_etoa+0x55c>)
100043d2:	0020      	movs	r0, r4
100043d4:	0029      	movs	r1, r5
100043d6:	f7fe fe4a 	bl	1000306e <__wrap___aeabi_ddiv>
100043da:	2200      	movs	r2, #0
100043dc:	4b93      	ldr	r3, [pc, #588]	@ (1000462c <_etoa+0x560>)
100043de:	f7fe fe3d 	bl	1000305c <__wrap___aeabi_dadd>
100043e2:	0002      	movs	r2, r0
100043e4:	000b      	movs	r3, r1
100043e6:	0020      	movs	r0, r4
100043e8:	0029      	movs	r1, r5
100043ea:	f7fe fe40 	bl	1000306e <__wrap___aeabi_ddiv>
100043ee:	2200      	movs	r2, #0
100043f0:	4b8f      	ldr	r3, [pc, #572]	@ (10004630 <_etoa+0x564>)
100043f2:	f7fe fe33 	bl	1000305c <__wrap___aeabi_dadd>
100043f6:	0002      	movs	r2, r0
100043f8:	000b      	movs	r3, r1
100043fa:	0020      	movs	r0, r4
100043fc:	0029      	movs	r1, r5
100043fe:	f7fe fe36 	bl	1000306e <__wrap___aeabi_ddiv>
10004402:	000d      	movs	r5, r1
10004404:	2180      	movs	r1, #128	@ 0x80
10004406:	0004      	movs	r4, r0
10004408:	0032      	movs	r2, r6
1000440a:	003b      	movs	r3, r7
1000440c:	2000      	movs	r0, #0
1000440e:	05c9      	lsls	r1, r1, #23
10004410:	f7fe fe1b 	bl	1000304a <__wrap___aeabi_dsub>
10004414:	0002      	movs	r2, r0
10004416:	000b      	movs	r3, r1
10004418:	0020      	movs	r0, r4
1000441a:	0029      	movs	r1, r5
1000441c:	f7fe fe1e 	bl	1000305c <__wrap___aeabi_dadd>
10004420:	0002      	movs	r2, r0
10004422:	000b      	movs	r3, r1
10004424:	980e      	ldr	r0, [sp, #56]	@ 0x38
10004426:	990f      	ldr	r1, [sp, #60]	@ 0x3c
10004428:	f7fe fe21 	bl	1000306e <__wrap___aeabi_ddiv>
1000442c:	2200      	movs	r2, #0
1000442e:	4b73      	ldr	r3, [pc, #460]	@ (100045fc <_etoa+0x530>)
10004430:	f7fe fe14 	bl	1000305c <__wrap___aeabi_dadd>
10004434:	4b7f      	ldr	r3, [pc, #508]	@ (10004634 <_etoa+0x568>)
10004436:	9c0c      	ldr	r4, [sp, #48]	@ 0x30
10004438:	469c      	mov	ip, r3
1000443a:	4464      	add	r4, ip
1000443c:	2200      	movs	r2, #0
1000443e:	0523      	lsls	r3, r4, #20
10004440:	f7fe fe33 	bl	100030aa <__wrap___aeabi_dmul>
10004444:	0006      	movs	r6, r0
10004446:	000f      	movs	r7, r1
10004448:	0002      	movs	r2, r0
1000444a:	000b      	movs	r3, r1
1000444c:	9808      	ldr	r0, [sp, #32]
1000444e:	9909      	ldr	r1, [sp, #36]	@ 0x24
10004450:	f7fe fe6e 	bl	10003130 <__wrap___aeabi_dcmplt>
10004454:	2800      	cmp	r0, #0
10004456:	d00a      	beq.n	1000446e <_etoa+0x3a2>
10004458:	9b0a      	ldr	r3, [sp, #40]	@ 0x28
1000445a:	0030      	movs	r0, r6
1000445c:	3b01      	subs	r3, #1
1000445e:	0039      	movs	r1, r7
10004460:	930a      	str	r3, [sp, #40]	@ 0x28
10004462:	2200      	movs	r2, #0
10004464:	4b71      	ldr	r3, [pc, #452]	@ (1000462c <_etoa+0x560>)
10004466:	f7fe fe02 	bl	1000306e <__wrap___aeabi_ddiv>
1000446a:	0006      	movs	r6, r0
1000446c:	000f      	movs	r7, r1
1000446e:	9a0a      	ldr	r2, [sp, #40]	@ 0x28
10004470:	0033      	movs	r3, r6
10004472:	3263      	adds	r2, #99	@ 0x63
10004474:	0039      	movs	r1, r7
10004476:	2ac6      	cmp	r2, #198	@ 0xc6
10004478:	d812      	bhi.n	100044a0 <_etoa+0x3d4>
1000447a:	2202      	movs	r2, #2
1000447c:	9826      	ldr	r0, [sp, #152]	@ 0x98
1000447e:	2504      	movs	r5, #4
10004480:	4010      	ands	r0, r2
10004482:	9a0b      	ldr	r2, [sp, #44]	@ 0x2c
10004484:	900c      	str	r0, [sp, #48]	@ 0x30
10004486:	2a00      	cmp	r2, #0
10004488:	d125      	bne.n	100044d6 <_etoa+0x40a>
1000448a:	9b25      	ldr	r3, [sp, #148]	@ 0x94
1000448c:	2b04      	cmp	r3, #4
1000448e:	d905      	bls.n	1000449c <_etoa+0x3d0>
10004490:	2800      	cmp	r0, #0
10004492:	d000      	beq.n	10004496 <_etoa+0x3ca>
10004494:	e0a1      	b.n	100045da <_etoa+0x50e>
10004496:	9b25      	ldr	r3, [sp, #148]	@ 0x94
10004498:	3b04      	subs	r3, #4
1000449a:	930b      	str	r3, [sp, #44]	@ 0x2c
1000449c:	2504      	movs	r5, #4
1000449e:	e041      	b.n	10004524 <_etoa+0x458>
100044a0:	2202      	movs	r2, #2
100044a2:	9826      	ldr	r0, [sp, #152]	@ 0x98
100044a4:	4010      	ands	r0, r2
100044a6:	9a0b      	ldr	r2, [sp, #44]	@ 0x2c
100044a8:	900c      	str	r0, [sp, #48]	@ 0x30
100044aa:	2a00      	cmp	r2, #0
100044ac:	d112      	bne.n	100044d4 <_etoa+0x408>
100044ae:	9b25      	ldr	r3, [sp, #148]	@ 0x94
100044b0:	2b05      	cmp	r3, #5
100044b2:	d976      	bls.n	100045a2 <_etoa+0x4d6>
100044b4:	2800      	cmp	r0, #0
100044b6:	d172      	bne.n	1000459e <_etoa+0x4d2>
100044b8:	9b25      	ldr	r3, [sp, #148]	@ 0x94
100044ba:	2505      	movs	r5, #5
100044bc:	3b05      	subs	r3, #5
100044be:	930b      	str	r3, [sp, #44]	@ 0x2c
100044c0:	e034      	b.n	1000452c <_etoa+0x460>
100044c2:	2280      	movs	r2, #128	@ 0x80
100044c4:	0612      	lsls	r2, r2, #24
100044c6:	4694      	mov	ip, r2
100044c8:	9b22      	ldr	r3, [sp, #136]	@ 0x88
100044ca:	9308      	str	r3, [sp, #32]
100044cc:	9b23      	ldr	r3, [sp, #140]	@ 0x8c
100044ce:	4463      	add	r3, ip
100044d0:	9309      	str	r3, [sp, #36]	@ 0x24
100044d2:	e630      	b.n	10004136 <_etoa+0x6a>
100044d4:	2505      	movs	r5, #5
100044d6:	430b      	orrs	r3, r1
100044d8:	d100      	bne.n	100044dc <_etoa+0x410>
100044da:	e6f6      	b.n	100042ca <_etoa+0x1fe>
100044dc:	9808      	ldr	r0, [sp, #32]
100044de:	9909      	ldr	r1, [sp, #36]	@ 0x24
100044e0:	4a55      	ldr	r2, [pc, #340]	@ (10004638 <_etoa+0x56c>)
100044e2:	4b56      	ldr	r3, [pc, #344]	@ (1000463c <_etoa+0x570>)
100044e4:	f7fe fe32 	bl	1000314c <__wrap___aeabi_dcmpge>
100044e8:	2800      	cmp	r0, #0
100044ea:	d008      	beq.n	100044fe <_etoa+0x432>
100044ec:	9808      	ldr	r0, [sp, #32]
100044ee:	9909      	ldr	r1, [sp, #36]	@ 0x24
100044f0:	2200      	movs	r2, #0
100044f2:	4b53      	ldr	r3, [pc, #332]	@ (10004640 <_etoa+0x574>)
100044f4:	f7fe fe1c 	bl	10003130 <__wrap___aeabi_dcmplt>
100044f8:	2800      	cmp	r0, #0
100044fa:	d000      	beq.n	100044fe <_etoa+0x432>
100044fc:	e6e5      	b.n	100042ca <_etoa+0x1fe>
100044fe:	9b24      	ldr	r3, [sp, #144]	@ 0x90
10004500:	2b00      	cmp	r3, #0
10004502:	d01c      	beq.n	1000453e <_etoa+0x472>
10004504:	9b0d      	ldr	r3, [sp, #52]	@ 0x34
10004506:	2b00      	cmp	r3, #0
10004508:	d019      	beq.n	1000453e <_etoa+0x472>
1000450a:	9b24      	ldr	r3, [sp, #144]	@ 0x90
1000450c:	3b01      	subs	r3, #1
1000450e:	9324      	str	r3, [sp, #144]	@ 0x90
10004510:	9b25      	ldr	r3, [sp, #148]	@ 0x94
10004512:	42ab      	cmp	r3, r5
10004514:	d904      	bls.n	10004520 <_etoa+0x454>
10004516:	9b0c      	ldr	r3, [sp, #48]	@ 0x30
10004518:	2b00      	cmp	r3, #0
1000451a:	d05a      	beq.n	100045d2 <_etoa+0x506>
1000451c:	2302      	movs	r3, #2
1000451e:	930c      	str	r3, [sp, #48]	@ 0x30
10004520:	2300      	movs	r3, #0
10004522:	930b      	str	r3, [sp, #44]	@ 0x2c
10004524:	9b0a      	ldr	r3, [sp, #40]	@ 0x28
10004526:	2b00      	cmp	r3, #0
10004528:	d100      	bne.n	1000452c <_etoa+0x460>
1000452a:	e631      	b.n	10004190 <_etoa+0xc4>
1000452c:	9808      	ldr	r0, [sp, #32]
1000452e:	9909      	ldr	r1, [sp, #36]	@ 0x24
10004530:	0032      	movs	r2, r6
10004532:	003b      	movs	r3, r7
10004534:	f7fe fd9b 	bl	1000306e <__wrap___aeabi_ddiv>
10004538:	9008      	str	r0, [sp, #32]
1000453a:	9109      	str	r1, [sp, #36]	@ 0x24
1000453c:	e628      	b.n	10004190 <_etoa+0xc4>
1000453e:	9b25      	ldr	r3, [sp, #148]	@ 0x94
10004540:	42ab      	cmp	r3, r5
10004542:	d9ed      	bls.n	10004520 <_etoa+0x454>
10004544:	9b0c      	ldr	r3, [sp, #48]	@ 0x30
10004546:	2b00      	cmp	r3, #0
10004548:	d043      	beq.n	100045d2 <_etoa+0x506>
1000454a:	2300      	movs	r3, #0
1000454c:	930b      	str	r3, [sp, #44]	@ 0x2c
1000454e:	3302      	adds	r3, #2
10004550:	930c      	str	r3, [sp, #48]	@ 0x30
10004552:	e7e7      	b.n	10004524 <_etoa+0x458>
10004554:	2080      	movs	r0, #128	@ 0x80
10004556:	9b26      	ldr	r3, [sp, #152]	@ 0x98
10004558:	4a3a      	ldr	r2, [pc, #232]	@ (10004644 <_etoa+0x578>)
1000455a:	0600      	lsls	r0, r0, #24
1000455c:	401a      	ands	r2, r3
1000455e:	2380      	movs	r3, #128	@ 0x80
10004560:	4684      	mov	ip, r0
10004562:	9402      	str	r4, [sp, #8]
10004564:	9c08      	ldr	r4, [sp, #32]
10004566:	9d09      	ldr	r5, [sp, #36]	@ 0x24
10004568:	0029      	movs	r1, r5
1000456a:	00db      	lsls	r3, r3, #3
1000456c:	4313      	orrs	r3, r2
1000456e:	9304      	str	r3, [sp, #16]
10004570:	9b25      	ldr	r3, [sp, #148]	@ 0x94
10004572:	4461      	add	r1, ip
10004574:	0022      	movs	r2, r4
10004576:	9303      	str	r3, [sp, #12]
10004578:	000b      	movs	r3, r1
1000457a:	9200      	str	r2, [sp, #0]
1000457c:	9301      	str	r3, [sp, #4]
1000457e:	e68e      	b.n	1000429e <_etoa+0x1d2>
10004580:	2405      	movs	r4, #5
10004582:	e6a8      	b.n	100042d6 <_etoa+0x20a>
10004584:	2300      	movs	r3, #0
10004586:	930b      	str	r3, [sp, #44]	@ 0x2c
10004588:	930a      	str	r3, [sp, #40]	@ 0x28
1000458a:	3302      	adds	r3, #2
1000458c:	2504      	movs	r5, #4
1000458e:	930c      	str	r3, [sp, #48]	@ 0x30
10004590:	e5fe      	b.n	10004190 <_etoa+0xc4>
10004592:	4653      	mov	r3, sl
10004594:	468c      	mov	ip, r1
10004596:	3b01      	subs	r3, #1
10004598:	4463      	add	r3, ip
1000459a:	1a1b      	subs	r3, r3, r0
1000459c:	e672      	b.n	10004284 <_etoa+0x1b8>
1000459e:	2302      	movs	r3, #2
100045a0:	930c      	str	r3, [sp, #48]	@ 0x30
100045a2:	2505      	movs	r5, #5
100045a4:	e7c2      	b.n	1000452c <_etoa+0x460>
100045a6:	2304      	movs	r3, #4
100045a8:	e5ed      	b.n	10004186 <_etoa+0xba>
100045aa:	2080      	movs	r0, #128	@ 0x80
100045ac:	9e08      	ldr	r6, [sp, #32]
100045ae:	9f09      	ldr	r7, [sp, #36]	@ 0x24
100045b0:	0600      	lsls	r0, r0, #24
100045b2:	0039      	movs	r1, r7
100045b4:	4684      	mov	ip, r0
100045b6:	9a26      	ldr	r2, [sp, #152]	@ 0x98
100045b8:	4b22      	ldr	r3, [pc, #136]	@ (10004644 <_etoa+0x578>)
100045ba:	4461      	add	r1, ip
100045bc:	4013      	ands	r3, r2
100045be:	9304      	str	r3, [sp, #16]
100045c0:	9b0b      	ldr	r3, [sp, #44]	@ 0x2c
100045c2:	0032      	movs	r2, r6
100045c4:	9303      	str	r3, [sp, #12]
100045c6:	9b24      	ldr	r3, [sp, #144]	@ 0x90
100045c8:	9302      	str	r3, [sp, #8]
100045ca:	000b      	movs	r3, r1
100045cc:	9200      	str	r2, [sp, #0]
100045ce:	9301      	str	r3, [sp, #4]
100045d0:	e5f3      	b.n	100041ba <_etoa+0xee>
100045d2:	9b25      	ldr	r3, [sp, #148]	@ 0x94
100045d4:	1b5b      	subs	r3, r3, r5
100045d6:	930b      	str	r3, [sp, #44]	@ 0x2c
100045d8:	e7a4      	b.n	10004524 <_etoa+0x458>
100045da:	2302      	movs	r3, #2
100045dc:	2504      	movs	r5, #4
100045de:	930c      	str	r3, [sp, #48]	@ 0x30
100045e0:	e7a0      	b.n	10004524 <_etoa+0x458>
100045e2:	1a9c      	subs	r4, r3, r2
100045e4:	3c01      	subs	r4, #1
100045e6:	e676      	b.n	100042d6 <_etoa+0x20a>
100045e8:	fffffc01 	.word	0xfffffc01
100045ec:	509f79fb 	.word	0x509f79fb
100045f0:	3fd34413 	.word	0x3fd34413
100045f4:	8b60c8b3 	.word	0x8b60c8b3
100045f8:	3fc68a28 	.word	0x3fc68a28
100045fc:	3ff00000 	.word	0x3ff00000
10004600:	3ff80000 	.word	0x3ff80000
10004604:	636f4361 	.word	0x636f4361
10004608:	3fd287a7 	.word	0x3fd287a7
1000460c:	0979a371 	.word	0x0979a371
10004610:	400a934f 	.word	0x400a934f
10004614:	3fe00000 	.word	0x3fe00000
10004618:	bbb55516 	.word	0xbbb55516
1000461c:	40026bb1 	.word	0x40026bb1
10004620:	fefa39ef 	.word	0xfefa39ef
10004624:	3fe62e42 	.word	0x3fe62e42
10004628:	402c0000 	.word	0x402c0000
1000462c:	40240000 	.word	0x40240000
10004630:	40180000 	.word	0x40180000
10004634:	000003ff 	.word	0x000003ff
10004638:	eb1c432d 	.word	0xeb1c432d
1000463c:	3f1a36e2 	.word	0x3f1a36e2
10004640:	412e8480 	.word	0x412e8480
10004644:	fffff7ff 	.word	0xfffff7ff

10004648 <_vsnprintf>:
10004648:	b5f0      	push	{r4, r5, r6, r7, lr}
1000464a:	46de      	mov	lr, fp
1000464c:	4657      	mov	r7, sl
1000464e:	464e      	mov	r6, r9
10004650:	4645      	mov	r5, r8
10004652:	b5e0      	push	{r5, r6, r7, lr}
10004654:	b0a5      	sub	sp, #148	@ 0x94
10004656:	001e      	movs	r6, r3
10004658:	9b2e      	ldr	r3, [sp, #184]	@ 0xb8
1000465a:	4692      	mov	sl, r2
1000465c:	930c      	str	r3, [sp, #48]	@ 0x30
1000465e:	4acd      	ldr	r2, [pc, #820]	@ (10004994 <_vsnprintf+0x34c>)
10004660:	4bcd      	ldr	r3, [pc, #820]	@ (10004998 <_vsnprintf+0x350>)
10004662:	4680      	mov	r8, r0
10004664:	468b      	mov	fp, r1
10004666:	601a      	str	r2, [r3, #0]
10004668:	2900      	cmp	r1, #0
1000466a:	d100      	bne.n	1000466e <_vsnprintf+0x26>
1000466c:	e1ea      	b.n	10004a44 <_vsnprintf+0x3fc>
1000466e:	2300      	movs	r3, #0
10004670:	7830      	ldrb	r0, [r6, #0]
10004672:	4699      	mov	r9, r3
10004674:	2800      	cmp	r0, #0
10004676:	d100      	bne.n	1000467a <_vsnprintf+0x32>
10004678:	e1ec      	b.n	10004a54 <_vsnprintf+0x40c>
1000467a:	4bc8      	ldr	r3, [pc, #800]	@ (1000499c <_vsnprintf+0x354>)
1000467c:	464c      	mov	r4, r9
1000467e:	930b      	str	r3, [sp, #44]	@ 0x2c
10004680:	4bc7      	ldr	r3, [pc, #796]	@ (100049a0 <_vsnprintf+0x358>)
10004682:	4645      	mov	r5, r8
10004684:	4657      	mov	r7, sl
10004686:	930e      	str	r3, [sp, #56]	@ 0x38
10004688:	e00a      	b.n	100046a0 <_vsnprintf+0x58>
1000468a:	1c63      	adds	r3, r4, #1
1000468c:	4698      	mov	r8, r3
1000468e:	0022      	movs	r2, r4
10004690:	003b      	movs	r3, r7
10004692:	4659      	mov	r1, fp
10004694:	47a8      	blx	r5
10004696:	4644      	mov	r4, r8
10004698:	7830      	ldrb	r0, [r6, #0]
1000469a:	2800      	cmp	r0, #0
1000469c:	d100      	bne.n	100046a0 <_vsnprintf+0x58>
1000469e:	e087      	b.n	100047b0 <_vsnprintf+0x168>
100046a0:	3601      	adds	r6, #1
100046a2:	2825      	cmp	r0, #37	@ 0x25
100046a4:	d1f1      	bne.n	1000468a <_vsnprintf+0x42>
100046a6:	2308      	movs	r3, #8
100046a8:	469a      	mov	sl, r3
100046aa:	3b04      	subs	r3, #4
100046ac:	4699      	mov	r9, r3
100046ae:	3b02      	subs	r3, #2
100046b0:	4698      	mov	r8, r3
100046b2:	3b01      	subs	r3, #1
100046b4:	2200      	movs	r2, #0
100046b6:	469c      	mov	ip, r3
100046b8:	940d      	str	r4, [sp, #52]	@ 0x34
100046ba:	7830      	ldrb	r0, [r6, #0]
100046bc:	1c71      	adds	r1, r6, #1
100046be:	0003      	movs	r3, r0
100046c0:	3b20      	subs	r3, #32
100046c2:	b2db      	uxtb	r3, r3
100046c4:	2b10      	cmp	r3, #16
100046c6:	d803      	bhi.n	100046d0 <_vsnprintf+0x88>
100046c8:	9c0b      	ldr	r4, [sp, #44]	@ 0x2c
100046ca:	009b      	lsls	r3, r3, #2
100046cc:	58e3      	ldr	r3, [r4, r3]
100046ce:	469f      	mov	pc, r3
100046d0:	0003      	movs	r3, r0
100046d2:	3b30      	subs	r3, #48	@ 0x30
100046d4:	4689      	mov	r9, r1
100046d6:	9c0d      	ldr	r4, [sp, #52]	@ 0x34
100046d8:	2b09      	cmp	r3, #9
100046da:	d93a      	bls.n	10004752 <_vsnprintf+0x10a>
100046dc:	2300      	movs	r3, #0
100046de:	4698      	mov	r8, r3
100046e0:	282a      	cmp	r0, #42	@ 0x2a
100046e2:	d100      	bne.n	100046e6 <_vsnprintf+0x9e>
100046e4:	e0c1      	b.n	1000486a <_vsnprintf+0x222>
100046e6:	2300      	movs	r3, #0
100046e8:	469a      	mov	sl, r3
100046ea:	282e      	cmp	r0, #46	@ 0x2e
100046ec:	d04b      	beq.n	10004786 <_vsnprintf+0x13e>
100046ee:	0003      	movs	r3, r0
100046f0:	3b68      	subs	r3, #104	@ 0x68
100046f2:	b2db      	uxtb	r3, r3
100046f4:	2b12      	cmp	r3, #18
100046f6:	d81e      	bhi.n	10004736 <_vsnprintf+0xee>
100046f8:	990e      	ldr	r1, [sp, #56]	@ 0x38
100046fa:	009b      	lsls	r3, r3, #2
100046fc:	58cb      	ldr	r3, [r1, r3]
100046fe:	469f      	mov	pc, r3
10004700:	4663      	mov	r3, ip
10004702:	000e      	movs	r6, r1
10004704:	431a      	orrs	r2, r3
10004706:	e7d8      	b.n	100046ba <_vsnprintf+0x72>
10004708:	4643      	mov	r3, r8
1000470a:	000e      	movs	r6, r1
1000470c:	431a      	orrs	r2, r3
1000470e:	e7d4      	b.n	100046ba <_vsnprintf+0x72>
10004710:	464b      	mov	r3, r9
10004712:	000e      	movs	r6, r1
10004714:	431a      	orrs	r2, r3
10004716:	e7d0      	b.n	100046ba <_vsnprintf+0x72>
10004718:	2310      	movs	r3, #16
1000471a:	000e      	movs	r6, r1
1000471c:	431a      	orrs	r2, r3
1000471e:	e7cc      	b.n	100046ba <_vsnprintf+0x72>
10004720:	4653      	mov	r3, sl
10004722:	000e      	movs	r6, r1
10004724:	431a      	orrs	r2, r3
10004726:	e7c8      	b.n	100046ba <_vsnprintf+0x72>
10004728:	2380      	movs	r3, #128	@ 0x80
1000472a:	005b      	lsls	r3, r3, #1
1000472c:	431a      	orrs	r2, r3
1000472e:	3bff      	subs	r3, #255	@ 0xff
10004730:	469c      	mov	ip, r3
10004732:	7870      	ldrb	r0, [r6, #1]
10004734:	44e1      	add	r9, ip
10004736:	464e      	mov	r6, r9
10004738:	2867      	cmp	r0, #103	@ 0x67
1000473a:	d84f      	bhi.n	100047dc <_vsnprintf+0x194>
1000473c:	2824      	cmp	r0, #36	@ 0x24
1000473e:	d9a4      	bls.n	1000468a <_vsnprintf+0x42>
10004740:	0003      	movs	r3, r0
10004742:	3b25      	subs	r3, #37	@ 0x25
10004744:	b2db      	uxtb	r3, r3
10004746:	2b42      	cmp	r3, #66	@ 0x42
10004748:	d89f      	bhi.n	1000468a <_vsnprintf+0x42>
1000474a:	4996      	ldr	r1, [pc, #600]	@ (100049a4 <_vsnprintf+0x35c>)
1000474c:	009b      	lsls	r3, r3, #2
1000474e:	58cb      	ldr	r3, [r1, r3]
10004750:	469f      	mov	pc, r3
10004752:	2300      	movs	r3, #0
10004754:	4694      	mov	ip, r2
10004756:	001e      	movs	r6, r3
10004758:	e000      	b.n	1000475c <_vsnprintf+0x114>
1000475a:	3101      	adds	r1, #1
1000475c:	00b3      	lsls	r3, r6, #2
1000475e:	199b      	adds	r3, r3, r6
10004760:	005b      	lsls	r3, r3, #1
10004762:	181e      	adds	r6, r3, r0
10004764:	7808      	ldrb	r0, [r1, #0]
10004766:	3e30      	subs	r6, #48	@ 0x30
10004768:	0003      	movs	r3, r0
1000476a:	3b30      	subs	r3, #48	@ 0x30
1000476c:	2b09      	cmp	r3, #9
1000476e:	d9f4      	bls.n	1000475a <_vsnprintf+0x112>
10004770:	2301      	movs	r3, #1
10004772:	4662      	mov	r2, ip
10004774:	4689      	mov	r9, r1
10004776:	469c      	mov	ip, r3
10004778:	2300      	movs	r3, #0
1000477a:	46b0      	mov	r8, r6
1000477c:	469a      	mov	sl, r3
1000477e:	000e      	movs	r6, r1
10004780:	44e1      	add	r9, ip
10004782:	282e      	cmp	r0, #46	@ 0x2e
10004784:	d1b3      	bne.n	100046ee <_vsnprintf+0xa6>
10004786:	2130      	movs	r1, #48	@ 0x30
10004788:	2080      	movs	r0, #128	@ 0x80
1000478a:	4249      	negs	r1, r1
1000478c:	468c      	mov	ip, r1
1000478e:	00c0      	lsls	r0, r0, #3
10004790:	4302      	orrs	r2, r0
10004792:	7870      	ldrb	r0, [r6, #1]
10004794:	464b      	mov	r3, r9
10004796:	4484      	add	ip, r0
10004798:	4661      	mov	r1, ip
1000479a:	2909      	cmp	r1, #9
1000479c:	d800      	bhi.n	100047a0 <_vsnprintf+0x158>
1000479e:	e16c      	b.n	10004a7a <_vsnprintf+0x432>
100047a0:	282a      	cmp	r0, #42	@ 0x2a
100047a2:	d100      	bne.n	100047a6 <_vsnprintf+0x15e>
100047a4:	e17a      	b.n	10004a9c <_vsnprintf+0x454>
100047a6:	2301      	movs	r3, #1
100047a8:	469c      	mov	ip, r3
100047aa:	464e      	mov	r6, r9
100047ac:	44e1      	add	r9, ip
100047ae:	e79e      	b.n	100046ee <_vsnprintf+0xa6>
100047b0:	46a1      	mov	r9, r4
100047b2:	46a8      	mov	r8, r5
100047b4:	46ba      	mov	sl, r7
100047b6:	45ca      	cmp	sl, r9
100047b8:	d803      	bhi.n	100047c2 <_vsnprintf+0x17a>
100047ba:	2301      	movs	r3, #1
100047bc:	425b      	negs	r3, r3
100047be:	4453      	add	r3, sl
100047c0:	4699      	mov	r9, r3
100047c2:	4653      	mov	r3, sl
100047c4:	464a      	mov	r2, r9
100047c6:	4659      	mov	r1, fp
100047c8:	2000      	movs	r0, #0
100047ca:	47c0      	blx	r8
100047cc:	0020      	movs	r0, r4
100047ce:	b025      	add	sp, #148	@ 0x94
100047d0:	bcf0      	pop	{r4, r5, r6, r7}
100047d2:	46bb      	mov	fp, r7
100047d4:	46b2      	mov	sl, r6
100047d6:	46a9      	mov	r9, r5
100047d8:	46a0      	mov	r8, r4
100047da:	bdf0      	pop	{r4, r5, r6, r7, pc}
100047dc:	0003      	movs	r3, r0
100047de:	3b69      	subs	r3, #105	@ 0x69
100047e0:	b2db      	uxtb	r3, r3
100047e2:	930d      	str	r3, [sp, #52]	@ 0x34
100047e4:	2b0f      	cmp	r3, #15
100047e6:	d900      	bls.n	100047ea <_vsnprintf+0x1a2>
100047e8:	e74f      	b.n	1000468a <_vsnprintf+0x42>
100047ea:	2101      	movs	r1, #1
100047ec:	4099      	lsls	r1, r3
100047ee:	468c      	mov	ip, r1
100047f0:	496d      	ldr	r1, [pc, #436]	@ (100049a8 <_vsnprintf+0x360>)
100047f2:	4689      	mov	r9, r1
100047f4:	4661      	mov	r1, ip
100047f6:	464b      	mov	r3, r9
100047f8:	4019      	ands	r1, r3
100047fa:	910f      	str	r1, [sp, #60]	@ 0x3c
100047fc:	4663      	mov	r3, ip
100047fe:	4649      	mov	r1, r9
10004800:	420b      	tst	r3, r1
10004802:	d000      	beq.n	10004806 <_vsnprintf+0x1be>
10004804:	e128      	b.n	10004a58 <_vsnprintf+0x410>
10004806:	9b0d      	ldr	r3, [sp, #52]	@ 0x34
10004808:	2b0a      	cmp	r3, #10
1000480a:	d03a      	beq.n	10004882 <_vsnprintf+0x23a>
1000480c:	2b07      	cmp	r3, #7
1000480e:	d000      	beq.n	10004812 <_vsnprintf+0x1ca>
10004810:	e73b      	b.n	1000468a <_vsnprintf+0x42>
10004812:	9b0c      	ldr	r3, [sp, #48]	@ 0x30
10004814:	0019      	movs	r1, r3
10004816:	c908      	ldmia	r1!, {r3}
10004818:	4688      	mov	r8, r1
1000481a:	2b00      	cmp	r3, #0
1000481c:	d100      	bne.n	10004820 <_vsnprintf+0x1d8>
1000481e:	e14b      	b.n	10004ab8 <_vsnprintf+0x470>
10004820:	2021      	movs	r0, #33	@ 0x21
10004822:	4302      	orrs	r2, r0
10004824:	4691      	mov	r9, r2
10004826:	a914      	add	r1, sp, #80	@ 0x50
10004828:	468c      	mov	ip, r1
1000482a:	221f      	movs	r2, #31
1000482c:	210f      	movs	r1, #15
1000482e:	4462      	add	r2, ip
10004830:	468c      	mov	ip, r1
10004832:	4651      	mov	r1, sl
10004834:	950d      	str	r5, [sp, #52]	@ 0x34
10004836:	910c      	str	r1, [sp, #48]	@ 0x30
10004838:	46a2      	mov	sl, r4
1000483a:	0015      	movs	r5, r2
1000483c:	990f      	ldr	r1, [sp, #60]	@ 0x3c
1000483e:	e002      	b.n	10004846 <_vsnprintf+0x1fe>
10004840:	2920      	cmp	r1, #32
10004842:	d00c      	beq.n	1000485e <_vsnprintf+0x216>
10004844:	0013      	movs	r3, r2
10004846:	4664      	mov	r4, ip
10004848:	401c      	ands	r4, r3
1000484a:	0020      	movs	r0, r4
1000484c:	3037      	adds	r0, #55	@ 0x37
1000484e:	2c09      	cmp	r4, #9
10004850:	d800      	bhi.n	10004854 <_vsnprintf+0x20c>
10004852:	3807      	subs	r0, #7
10004854:	3101      	adds	r1, #1
10004856:	5468      	strb	r0, [r5, r1]
10004858:	091a      	lsrs	r2, r3, #4
1000485a:	2b0f      	cmp	r3, #15
1000485c:	d8f0      	bhi.n	10004840 <_vsnprintf+0x1f8>
1000485e:	9b0c      	ldr	r3, [sp, #48]	@ 0x30
10004860:	4654      	mov	r4, sl
10004862:	9d0d      	ldr	r5, [sp, #52]	@ 0x34
10004864:	469a      	mov	sl, r3
10004866:	910f      	str	r1, [sp, #60]	@ 0x3c
10004868:	e133      	b.n	10004ad2 <_vsnprintf+0x48a>
1000486a:	9b0c      	ldr	r3, [sp, #48]	@ 0x30
1000486c:	cb02      	ldmia	r3!, {r1}
1000486e:	4688      	mov	r8, r1
10004870:	2900      	cmp	r1, #0
10004872:	db47      	blt.n	10004904 <_vsnprintf+0x2bc>
10004874:	930c      	str	r3, [sp, #48]	@ 0x30
10004876:	2301      	movs	r3, #1
10004878:	469c      	mov	ip, r3
1000487a:	7870      	ldrb	r0, [r6, #1]
1000487c:	464e      	mov	r6, r9
1000487e:	44e1      	add	r9, ip
10004880:	e731      	b.n	100046e6 <_vsnprintf+0x9e>
10004882:	9b0c      	ldr	r3, [sp, #48]	@ 0x30
10004884:	cb02      	ldmia	r3!, {r1}
10004886:	9314      	str	r3, [sp, #80]	@ 0x50
10004888:	4653      	mov	r3, sl
1000488a:	2b00      	cmp	r3, #0
1000488c:	d100      	bne.n	10004890 <_vsnprintf+0x248>
1000488e:	e138      	b.n	10004b02 <_vsnprintf+0x4ba>
10004890:	469c      	mov	ip, r3
10004892:	7808      	ldrb	r0, [r1, #0]
10004894:	000b      	movs	r3, r1
10004896:	900c      	str	r0, [sp, #48]	@ 0x30
10004898:	448c      	add	ip, r1
1000489a:	2800      	cmp	r0, #0
1000489c:	d101      	bne.n	100048a2 <_vsnprintf+0x25a>
1000489e:	f000 fc98 	bl	100051d2 <_vsnprintf+0xb8a>
100048a2:	4689      	mov	r9, r1
100048a4:	4661      	mov	r1, ip
100048a6:	4694      	mov	ip, r2
100048a8:	e003      	b.n	100048b2 <_vsnprintf+0x26a>
100048aa:	785a      	ldrb	r2, [r3, #1]
100048ac:	3301      	adds	r3, #1
100048ae:	2a00      	cmp	r2, #0
100048b0:	d001      	beq.n	100048b6 <_vsnprintf+0x26e>
100048b2:	428b      	cmp	r3, r1
100048b4:	d1f9      	bne.n	100048aa <_vsnprintf+0x262>
100048b6:	4649      	mov	r1, r9
100048b8:	4662      	mov	r2, ip
100048ba:	1a5b      	subs	r3, r3, r1
100048bc:	900c      	str	r0, [sp, #48]	@ 0x30
100048be:	930f      	str	r3, [sp, #60]	@ 0x3c
100048c0:	0553      	lsls	r3, r2, #21
100048c2:	d500      	bpl.n	100048c6 <_vsnprintf+0x27e>
100048c4:	e120      	b.n	10004b08 <_vsnprintf+0x4c0>
100048c6:	2302      	movs	r3, #2
100048c8:	0018      	movs	r0, r3
100048ca:	4010      	ands	r0, r2
100048cc:	900d      	str	r0, [sp, #52]	@ 0x34
100048ce:	4213      	tst	r3, r2
100048d0:	d100      	bne.n	100048d4 <_vsnprintf+0x28c>
100048d2:	e3cb      	b.n	1000506c <_vsnprintf+0xa24>
100048d4:	930d      	str	r3, [sp, #52]	@ 0x34
100048d6:	1b0b      	subs	r3, r1, r4
100048d8:	46b1      	mov	r9, r6
100048da:	469a      	mov	sl, r3
100048dc:	465e      	mov	r6, fp
100048de:	980c      	ldr	r0, [sp, #48]	@ 0x30
100048e0:	0022      	movs	r2, r4
100048e2:	003b      	movs	r3, r7
100048e4:	0031      	movs	r1, r6
100048e6:	47a8      	blx	r5
100048e8:	4653      	mov	r3, sl
100048ea:	3401      	adds	r4, #1
100048ec:	5d18      	ldrb	r0, [r3, r4]
100048ee:	2800      	cmp	r0, #0
100048f0:	d1f6      	bne.n	100048e0 <_vsnprintf+0x298>
100048f2:	46b3      	mov	fp, r6
100048f4:	464e      	mov	r6, r9
100048f6:	9b0d      	ldr	r3, [sp, #52]	@ 0x34
100048f8:	2b00      	cmp	r3, #0
100048fa:	d000      	beq.n	100048fe <_vsnprintf+0x2b6>
100048fc:	e1c7      	b.n	10004c8e <_vsnprintf+0x646>
100048fe:	9b14      	ldr	r3, [sp, #80]	@ 0x50
10004900:	930c      	str	r3, [sp, #48]	@ 0x30
10004902:	e6c9      	b.n	10004698 <_vsnprintf+0x50>
10004904:	930c      	str	r3, [sp, #48]	@ 0x30
10004906:	2301      	movs	r3, #1
10004908:	469c      	mov	ip, r3
1000490a:	3828      	subs	r0, #40	@ 0x28
1000490c:	4249      	negs	r1, r1
1000490e:	4302      	orrs	r2, r0
10004910:	4688      	mov	r8, r1
10004912:	7870      	ldrb	r0, [r6, #1]
10004914:	464e      	mov	r6, r9
10004916:	44e1      	add	r9, ip
10004918:	e6e5      	b.n	100046e6 <_vsnprintf+0x9e>
1000491a:	7870      	ldrb	r0, [r6, #1]
1000491c:	286c      	cmp	r0, #108	@ 0x6c
1000491e:	d100      	bne.n	10004922 <_vsnprintf+0x2da>
10004920:	e17f      	b.n	10004c22 <_vsnprintf+0x5da>
10004922:	2380      	movs	r3, #128	@ 0x80
10004924:	005b      	lsls	r3, r3, #1
10004926:	431a      	orrs	r2, r3
10004928:	3bff      	subs	r3, #255	@ 0xff
1000492a:	469c      	mov	ip, r3
1000492c:	44e1      	add	r9, ip
1000492e:	e702      	b.n	10004736 <_vsnprintf+0xee>
10004930:	2380      	movs	r3, #128	@ 0x80
10004932:	009b      	lsls	r3, r3, #2
10004934:	431a      	orrs	r2, r3
10004936:	2301      	movs	r3, #1
10004938:	469c      	mov	ip, r3
1000493a:	7870      	ldrb	r0, [r6, #1]
1000493c:	44e1      	add	r9, ip
1000493e:	e6fa      	b.n	10004736 <_vsnprintf+0xee>
10004940:	7870      	ldrb	r0, [r6, #1]
10004942:	2868      	cmp	r0, #104	@ 0x68
10004944:	d100      	bne.n	10004948 <_vsnprintf+0x300>
10004946:	e173      	b.n	10004c30 <_vsnprintf+0x5e8>
10004948:	2380      	movs	r3, #128	@ 0x80
1000494a:	431a      	orrs	r2, r3
1000494c:	3b7f      	subs	r3, #127	@ 0x7f
1000494e:	469c      	mov	ip, r3
10004950:	44e1      	add	r9, ip
10004952:	e6f0      	b.n	10004736 <_vsnprintf+0xee>
10004954:	2867      	cmp	r0, #103	@ 0x67
10004956:	d100      	bne.n	1000495a <_vsnprintf+0x312>
10004958:	e103      	b.n	10004b62 <_vsnprintf+0x51a>
1000495a:	2847      	cmp	r0, #71	@ 0x47
1000495c:	d100      	bne.n	10004960 <_vsnprintf+0x318>
1000495e:	e15a      	b.n	10004c16 <_vsnprintf+0x5ce>
10004960:	2845      	cmp	r0, #69	@ 0x45
10004962:	d100      	bne.n	10004966 <_vsnprintf+0x31e>
10004964:	e15a      	b.n	10004c1c <_vsnprintf+0x5d4>
10004966:	9204      	str	r2, [sp, #16]
10004968:	2107      	movs	r1, #7
1000496a:	4642      	mov	r2, r8
1000496c:	9b0c      	ldr	r3, [sp, #48]	@ 0x30
1000496e:	9203      	str	r2, [sp, #12]
10004970:	3307      	adds	r3, #7
10004972:	4652      	mov	r2, sl
10004974:	438b      	bics	r3, r1
10004976:	0019      	movs	r1, r3
10004978:	9202      	str	r2, [sp, #8]
1000497a:	c90c      	ldmia	r1!, {r2, r3}
1000497c:	0028      	movs	r0, r5
1000497e:	9200      	str	r2, [sp, #0]
10004980:	9301      	str	r3, [sp, #4]
10004982:	910c      	str	r1, [sp, #48]	@ 0x30
10004984:	0022      	movs	r2, r4
10004986:	003b      	movs	r3, r7
10004988:	4659      	mov	r1, fp
1000498a:	f7ff fb9f 	bl	100040cc <_etoa>
1000498e:	0004      	movs	r4, r0
10004990:	e682      	b.n	10004698 <_vsnprintf+0x50>
10004992:	46c0      	nop			@ (mov r8, r8)
10004994:	10004649 	.word	0x10004649
10004998:	20002578 	.word	0x20002578
1000499c:	100092bc 	.word	0x100092bc
100049a0:	10009300 	.word	0x10009300
100049a4:	1000934c 	.word	0x1000934c
100049a8:	00009041 	.word	0x00009041
100049ac:	2846      	cmp	r0, #70	@ 0x46
100049ae:	d100      	bne.n	100049b2 <_vsnprintf+0x36a>
100049b0:	e0db      	b.n	10004b6a <_vsnprintf+0x522>
100049b2:	9204      	str	r2, [sp, #16]
100049b4:	2107      	movs	r1, #7
100049b6:	4642      	mov	r2, r8
100049b8:	9b0c      	ldr	r3, [sp, #48]	@ 0x30
100049ba:	9203      	str	r2, [sp, #12]
100049bc:	3307      	adds	r3, #7
100049be:	4652      	mov	r2, sl
100049c0:	438b      	bics	r3, r1
100049c2:	0019      	movs	r1, r3
100049c4:	9202      	str	r2, [sp, #8]
100049c6:	c90c      	ldmia	r1!, {r2, r3}
100049c8:	0028      	movs	r0, r5
100049ca:	9200      	str	r2, [sp, #0]
100049cc:	9301      	str	r3, [sp, #4]
100049ce:	910c      	str	r1, [sp, #48]	@ 0x30
100049d0:	0022      	movs	r2, r4
100049d2:	003b      	movs	r3, r7
100049d4:	4659      	mov	r1, fp
100049d6:	f7ff f925 	bl	10003c24 <_ftoa>
100049da:	0004      	movs	r4, r0
100049dc:	e65c      	b.n	10004698 <_vsnprintf+0x50>
100049de:	1c63      	adds	r3, r4, #1
100049e0:	4698      	mov	r8, r3
100049e2:	0022      	movs	r2, r4
100049e4:	003b      	movs	r3, r7
100049e6:	4659      	mov	r1, fp
100049e8:	2025      	movs	r0, #37	@ 0x25
100049ea:	47a8      	blx	r5
100049ec:	4644      	mov	r4, r8
100049ee:	e653      	b.n	10004698 <_vsnprintf+0x50>
100049f0:	9b0c      	ldr	r3, [sp, #48]	@ 0x30
100049f2:	3304      	adds	r3, #4
100049f4:	930d      	str	r3, [sp, #52]	@ 0x34
100049f6:	1c63      	adds	r3, r4, #1
100049f8:	4699      	mov	r9, r3
100049fa:	0792      	lsls	r2, r2, #30
100049fc:	d400      	bmi.n	10004a00 <_vsnprintf+0x3b8>
100049fe:	e122      	b.n	10004c46 <_vsnprintf+0x5fe>
10004a00:	9b0c      	ldr	r3, [sp, #48]	@ 0x30
10004a02:	0022      	movs	r2, r4
10004a04:	7818      	ldrb	r0, [r3, #0]
10004a06:	4659      	mov	r1, fp
10004a08:	003b      	movs	r3, r7
10004a0a:	47a8      	blx	r5
10004a0c:	4643      	mov	r3, r8
10004a0e:	4444      	add	r4, r8
10004a10:	2b01      	cmp	r3, #1
10004a12:	d800      	bhi.n	10004a16 <_vsnprintf+0x3ce>
10004a14:	e285      	b.n	10004f22 <_vsnprintf+0x8da>
10004a16:	0033      	movs	r3, r6
10004a18:	46b8      	mov	r8, r7
10004a1a:	002e      	movs	r6, r5
10004a1c:	465f      	mov	r7, fp
10004a1e:	0025      	movs	r5, r4
10004a20:	464c      	mov	r4, r9
10004a22:	4699      	mov	r9, r3
10004a24:	0022      	movs	r2, r4
10004a26:	4643      	mov	r3, r8
10004a28:	3401      	adds	r4, #1
10004a2a:	0039      	movs	r1, r7
10004a2c:	2020      	movs	r0, #32
10004a2e:	47b0      	blx	r6
10004a30:	42ac      	cmp	r4, r5
10004a32:	d1f7      	bne.n	10004a24 <_vsnprintf+0x3dc>
10004a34:	002c      	movs	r4, r5
10004a36:	46bb      	mov	fp, r7
10004a38:	0035      	movs	r5, r6
10004a3a:	4647      	mov	r7, r8
10004a3c:	464e      	mov	r6, r9
10004a3e:	9b0d      	ldr	r3, [sp, #52]	@ 0x34
10004a40:	930c      	str	r3, [sp, #48]	@ 0x30
10004a42:	e629      	b.n	10004698 <_vsnprintf+0x50>
10004a44:	4bdb      	ldr	r3, [pc, #876]	@ (10004db4 <_vsnprintf+0x76c>)
10004a46:	7830      	ldrb	r0, [r6, #0]
10004a48:	4698      	mov	r8, r3
10004a4a:	2300      	movs	r3, #0
10004a4c:	4699      	mov	r9, r3
10004a4e:	2800      	cmp	r0, #0
10004a50:	d000      	beq.n	10004a54 <_vsnprintf+0x40c>
10004a52:	e612      	b.n	1000467a <_vsnprintf+0x32>
10004a54:	2400      	movs	r4, #0
10004a56:	e6ae      	b.n	100047b6 <_vsnprintf+0x16e>
10004a58:	286f      	cmp	r0, #111	@ 0x6f
10004a5a:	d100      	bne.n	10004a5e <_vsnprintf+0x416>
10004a5c:	e088      	b.n	10004b70 <_vsnprintf+0x528>
10004a5e:	d800      	bhi.n	10004a62 <_vsnprintf+0x41a>
10004a60:	e30b      	b.n	1000507a <_vsnprintf+0xa32>
10004a62:	2310      	movs	r3, #16
10004a64:	2878      	cmp	r0, #120	@ 0x78
10004a66:	d100      	bne.n	10004a6a <_vsnprintf+0x422>
10004a68:	e0cf      	b.n	10004c0a <_vsnprintf+0x5c2>
10004a6a:	439a      	bics	r2, r3
10004a6c:	230a      	movs	r3, #10
10004a6e:	469c      	mov	ip, r3
10004a70:	2300      	movs	r3, #0
10004a72:	930f      	str	r3, [sp, #60]	@ 0x3c
10004a74:	330a      	adds	r3, #10
10004a76:	930d      	str	r3, [sp, #52]	@ 0x34
10004a78:	e080      	b.n	10004b7c <_vsnprintf+0x534>
10004a7a:	4656      	mov	r6, sl
10004a7c:	00b1      	lsls	r1, r6, #2
10004a7e:	1989      	adds	r1, r1, r6
10004a80:	0049      	lsls	r1, r1, #1
10004a82:	3301      	adds	r3, #1
10004a84:	180e      	adds	r6, r1, r0
10004a86:	7818      	ldrb	r0, [r3, #0]
10004a88:	3e30      	subs	r6, #48	@ 0x30
10004a8a:	0001      	movs	r1, r0
10004a8c:	3930      	subs	r1, #48	@ 0x30
10004a8e:	2909      	cmp	r1, #9
10004a90:	d9f4      	bls.n	10004a7c <_vsnprintf+0x434>
10004a92:	46b2      	mov	sl, r6
10004a94:	001e      	movs	r6, r3
10004a96:	3301      	adds	r3, #1
10004a98:	4699      	mov	r9, r3
10004a9a:	e628      	b.n	100046ee <_vsnprintf+0xa6>
10004a9c:	9b0c      	ldr	r3, [sp, #48]	@ 0x30
10004a9e:	3602      	adds	r6, #2
10004aa0:	cb02      	ldmia	r3!, {r1}
10004aa2:	468a      	mov	sl, r1
10004aa4:	43c9      	mvns	r1, r1
10004aa6:	4650      	mov	r0, sl
10004aa8:	17c9      	asrs	r1, r1, #31
10004aaa:	4008      	ands	r0, r1
10004aac:	4682      	mov	sl, r0
10004aae:	930c      	str	r3, [sp, #48]	@ 0x30
10004ab0:	7830      	ldrb	r0, [r6, #0]
10004ab2:	1c73      	adds	r3, r6, #1
10004ab4:	4699      	mov	r9, r3
10004ab6:	e61a      	b.n	100046ee <_vsnprintf+0xa6>
10004ab8:	2310      	movs	r3, #16
10004aba:	0010      	movs	r0, r2
10004abc:	4398      	bics	r0, r3
10004abe:	3311      	adds	r3, #17
10004ac0:	4318      	orrs	r0, r3
10004ac2:	4681      	mov	r9, r0
10004ac4:	2080      	movs	r0, #128	@ 0x80
10004ac6:	0013      	movs	r3, r2
10004ac8:	00c0      	lsls	r0, r0, #3
10004aca:	4003      	ands	r3, r0
10004acc:	4202      	tst	r2, r0
10004ace:	d100      	bne.n	10004ad2 <_vsnprintf+0x48a>
10004ad0:	e6a9      	b.n	10004826 <_vsnprintf+0x1de>
10004ad2:	464b      	mov	r3, r9
10004ad4:	9306      	str	r3, [sp, #24]
10004ad6:	2308      	movs	r3, #8
10004ad8:	9305      	str	r3, [sp, #20]
10004ada:	4653      	mov	r3, sl
10004adc:	9304      	str	r3, [sp, #16]
10004ade:	2310      	movs	r3, #16
10004ae0:	9303      	str	r3, [sp, #12]
10004ae2:	2300      	movs	r3, #0
10004ae4:	9302      	str	r3, [sp, #8]
10004ae6:	9b0f      	ldr	r3, [sp, #60]	@ 0x3c
10004ae8:	0022      	movs	r2, r4
10004aea:	9301      	str	r3, [sp, #4]
10004aec:	ab1c      	add	r3, sp, #112	@ 0x70
10004aee:	9300      	str	r3, [sp, #0]
10004af0:	4659      	mov	r1, fp
10004af2:	003b      	movs	r3, r7
10004af4:	0028      	movs	r0, r5
10004af6:	f7fe ffa7 	bl	10003a48 <_ntoa_format>
10004afa:	4643      	mov	r3, r8
10004afc:	0004      	movs	r4, r0
10004afe:	930c      	str	r3, [sp, #48]	@ 0x30
10004b00:	e5ca      	b.n	10004698 <_vsnprintf+0x50>
10004b02:	2301      	movs	r3, #1
10004b04:	425b      	negs	r3, r3
10004b06:	e6c3      	b.n	10004890 <_vsnprintf+0x248>
10004b08:	9b0f      	ldr	r3, [sp, #60]	@ 0x3c
10004b0a:	4553      	cmp	r3, sl
10004b0c:	d901      	bls.n	10004b12 <_vsnprintf+0x4ca>
10004b0e:	4653      	mov	r3, sl
10004b10:	930f      	str	r3, [sp, #60]	@ 0x3c
10004b12:	2302      	movs	r3, #2
10004b14:	0018      	movs	r0, r3
10004b16:	4010      	ands	r0, r2
10004b18:	900d      	str	r0, [sp, #52]	@ 0x34
10004b1a:	4213      	tst	r3, r2
10004b1c:	d100      	bne.n	10004b20 <_vsnprintf+0x4d8>
10004b1e:	e1b7      	b.n	10004e90 <_vsnprintf+0x848>
10004b20:	930d      	str	r3, [sp, #52]	@ 0x34
10004b22:	46d1      	mov	r9, sl
10004b24:	1b0b      	subs	r3, r1, r4
10004b26:	469a      	mov	sl, r3
10004b28:	0033      	movs	r3, r6
10004b2a:	44a1      	add	r9, r4
10004b2c:	002e      	movs	r6, r5
10004b2e:	0022      	movs	r2, r4
10004b30:	464d      	mov	r5, r9
10004b32:	980c      	ldr	r0, [sp, #48]	@ 0x30
10004b34:	46b9      	mov	r9, r7
10004b36:	465f      	mov	r7, fp
10004b38:	469b      	mov	fp, r3
10004b3a:	e008      	b.n	10004b4e <_vsnprintf+0x506>
10004b3c:	464b      	mov	r3, r9
10004b3e:	0039      	movs	r1, r7
10004b40:	1c54      	adds	r4, r2, #1
10004b42:	47b0      	blx	r6
10004b44:	4653      	mov	r3, sl
10004b46:	5d18      	ldrb	r0, [r3, r4]
10004b48:	2800      	cmp	r0, #0
10004b4a:	d077      	beq.n	10004c3c <_vsnprintf+0x5f4>
10004b4c:	0022      	movs	r2, r4
10004b4e:	4295      	cmp	r5, r2
10004b50:	d1f4      	bne.n	10004b3c <_vsnprintf+0x4f4>
10004b52:	465b      	mov	r3, fp
10004b54:	46bb      	mov	fp, r7
10004b56:	464f      	mov	r7, r9
10004b58:	46a9      	mov	r9, r5
10004b5a:	0035      	movs	r5, r6
10004b5c:	464c      	mov	r4, r9
10004b5e:	001e      	movs	r6, r3
10004b60:	e6c9      	b.n	100048f6 <_vsnprintf+0x2ae>
10004b62:	2380      	movs	r3, #128	@ 0x80
10004b64:	011b      	lsls	r3, r3, #4
10004b66:	431a      	orrs	r2, r3
10004b68:	e6fd      	b.n	10004966 <_vsnprintf+0x31e>
10004b6a:	2320      	movs	r3, #32
10004b6c:	431a      	orrs	r2, r3
10004b6e:	e720      	b.n	100049b2 <_vsnprintf+0x36a>
10004b70:	2308      	movs	r3, #8
10004b72:	469c      	mov	ip, r3
10004b74:	2300      	movs	r3, #0
10004b76:	930f      	str	r3, [sp, #60]	@ 0x3c
10004b78:	3308      	adds	r3, #8
10004b7a:	930d      	str	r3, [sp, #52]	@ 0x34
10004b7c:	2380      	movs	r3, #128	@ 0x80
10004b7e:	0011      	movs	r1, r2
10004b80:	00db      	lsls	r3, r3, #3
10004b82:	4019      	ands	r1, r3
10004b84:	421a      	tst	r2, r3
10004b86:	d100      	bne.n	10004b8a <_vsnprintf+0x542>
10004b88:	e116      	b.n	10004db8 <_vsnprintf+0x770>
10004b8a:	230d      	movs	r3, #13
10004b8c:	439a      	bics	r2, r3
10004b8e:	0010      	movs	r0, r2
10004b90:	2380      	movs	r3, #128	@ 0x80
10004b92:	0002      	movs	r2, r0
10004b94:	009b      	lsls	r3, r3, #2
10004b96:	401a      	ands	r2, r3
10004b98:	9214      	str	r2, [sp, #80]	@ 0x50
10004b9a:	4218      	tst	r0, r3
10004b9c:	d000      	beq.n	10004ba0 <_vsnprintf+0x558>
10004b9e:	e1c2      	b.n	10004f26 <_vsnprintf+0x8de>
10004ba0:	2380      	movs	r3, #128	@ 0x80
10004ba2:	0002      	movs	r2, r0
10004ba4:	005b      	lsls	r3, r3, #1
10004ba6:	401a      	ands	r2, r3
10004ba8:	4691      	mov	r9, r2
10004baa:	9a0c      	ldr	r2, [sp, #48]	@ 0x30
10004bac:	3204      	adds	r2, #4
10004bae:	920f      	str	r2, [sp, #60]	@ 0x3c
10004bb0:	4218      	tst	r0, r3
10004bb2:	d000      	beq.n	10004bb6 <_vsnprintf+0x56e>
10004bb4:	e2b7      	b.n	10005126 <_vsnprintf+0xade>
10004bb6:	0643      	lsls	r3, r0, #25
10004bb8:	d500      	bpl.n	10004bbc <_vsnprintf+0x574>
10004bba:	e19f      	b.n	10004efc <_vsnprintf+0x8b4>
10004bbc:	0603      	lsls	r3, r0, #24
10004bbe:	d400      	bmi.n	10004bc2 <_vsnprintf+0x57a>
10004bc0:	e319      	b.n	100051f6 <_vsnprintf+0xbae>
10004bc2:	9b0c      	ldr	r3, [sp, #48]	@ 0x30
10004bc4:	881b      	ldrh	r3, [r3, #0]
10004bc6:	9309      	str	r3, [sp, #36]	@ 0x24
10004bc8:	2b00      	cmp	r3, #0
10004bca:	d000      	beq.n	10004bce <_vsnprintf+0x586>
10004bcc:	e1fc      	b.n	10004fc8 <_vsnprintf+0x980>
10004bce:	3310      	adds	r3, #16
10004bd0:	4398      	bics	r0, r3
10004bd2:	2900      	cmp	r1, #0
10004bd4:	d100      	bne.n	10004bd8 <_vsnprintf+0x590>
10004bd6:	e1f7      	b.n	10004fc8 <_vsnprintf+0x980>
10004bd8:	2300      	movs	r3, #0
10004bda:	4699      	mov	r9, r3
10004bdc:	4643      	mov	r3, r8
10004bde:	9305      	str	r3, [sp, #20]
10004be0:	4653      	mov	r3, sl
10004be2:	9304      	str	r3, [sp, #16]
10004be4:	9b0d      	ldr	r3, [sp, #52]	@ 0x34
10004be6:	9006      	str	r0, [sp, #24]
10004be8:	9303      	str	r3, [sp, #12]
10004bea:	2300      	movs	r3, #0
10004bec:	e0d2      	b.n	10004d94 <_vsnprintf+0x74c>
10004bee:	2858      	cmp	r0, #88	@ 0x58
10004bf0:	d008      	beq.n	10004c04 <_vsnprintf+0x5bc>
10004bf2:	2862      	cmp	r0, #98	@ 0x62
10004bf4:	d167      	bne.n	10004cc6 <_vsnprintf+0x67e>
10004bf6:	2302      	movs	r3, #2
10004bf8:	469c      	mov	ip, r3
10004bfa:	2300      	movs	r3, #0
10004bfc:	930f      	str	r3, [sp, #60]	@ 0x3c
10004bfe:	3302      	adds	r3, #2
10004c00:	930d      	str	r3, [sp, #52]	@ 0x34
10004c02:	e7bb      	b.n	10004b7c <_vsnprintf+0x534>
10004c04:	2320      	movs	r3, #32
10004c06:	431a      	orrs	r2, r3
10004c08:	3b10      	subs	r3, #16
10004c0a:	469c      	mov	ip, r3
10004c0c:	2300      	movs	r3, #0
10004c0e:	930f      	str	r3, [sp, #60]	@ 0x3c
10004c10:	3310      	adds	r3, #16
10004c12:	930d      	str	r3, [sp, #52]	@ 0x34
10004c14:	e7b2      	b.n	10004b7c <_vsnprintf+0x534>
10004c16:	2380      	movs	r3, #128	@ 0x80
10004c18:	011b      	lsls	r3, r3, #4
10004c1a:	431a      	orrs	r2, r3
10004c1c:	2320      	movs	r3, #32
10004c1e:	431a      	orrs	r2, r3
10004c20:	e6a1      	b.n	10004966 <_vsnprintf+0x31e>
10004c22:	23c0      	movs	r3, #192	@ 0xc0
10004c24:	009b      	lsls	r3, r3, #2
10004c26:	431a      	orrs	r2, r3
10004c28:	1cf3      	adds	r3, r6, #3
10004c2a:	4699      	mov	r9, r3
10004c2c:	78b0      	ldrb	r0, [r6, #2]
10004c2e:	e582      	b.n	10004736 <_vsnprintf+0xee>
10004c30:	23c0      	movs	r3, #192	@ 0xc0
10004c32:	431a      	orrs	r2, r3
10004c34:	1cf3      	adds	r3, r6, #3
10004c36:	4699      	mov	r9, r3
10004c38:	78b0      	ldrb	r0, [r6, #2]
10004c3a:	e57c      	b.n	10004736 <_vsnprintf+0xee>
10004c3c:	0035      	movs	r5, r6
10004c3e:	465e      	mov	r6, fp
10004c40:	46bb      	mov	fp, r7
10004c42:	464f      	mov	r7, r9
10004c44:	e657      	b.n	100048f6 <_vsnprintf+0x2ae>
10004c46:	4643      	mov	r3, r8
10004c48:	2b01      	cmp	r3, #1
10004c4a:	d800      	bhi.n	10004c4e <_vsnprintf+0x606>
10004c4c:	e163      	b.n	10004f16 <_vsnprintf+0x8ce>
10004c4e:	1e63      	subs	r3, r4, #1
10004c50:	4443      	add	r3, r8
10004c52:	469a      	mov	sl, r3
10004c54:	0033      	movs	r3, r6
10004c56:	46b9      	mov	r9, r7
10004c58:	002e      	movs	r6, r5
10004c5a:	465f      	mov	r7, fp
10004c5c:	4655      	mov	r5, sl
10004c5e:	469b      	mov	fp, r3
10004c60:	46a2      	mov	sl, r4
10004c62:	0022      	movs	r2, r4
10004c64:	464b      	mov	r3, r9
10004c66:	3401      	adds	r4, #1
10004c68:	0039      	movs	r1, r7
10004c6a:	2020      	movs	r0, #32
10004c6c:	47b0      	blx	r6
10004c6e:	42ac      	cmp	r4, r5
10004c70:	d1f7      	bne.n	10004c62 <_vsnprintf+0x61a>
10004c72:	0035      	movs	r5, r6
10004c74:	465e      	mov	r6, fp
10004c76:	46bb      	mov	fp, r7
10004c78:	464f      	mov	r7, r9
10004c7a:	46a1      	mov	r9, r4
10004c7c:	4654      	mov	r4, sl
10004c7e:	9b0c      	ldr	r3, [sp, #48]	@ 0x30
10004c80:	464a      	mov	r2, r9
10004c82:	7818      	ldrb	r0, [r3, #0]
10004c84:	4659      	mov	r1, fp
10004c86:	003b      	movs	r3, r7
10004c88:	4444      	add	r4, r8
10004c8a:	47a8      	blx	r5
10004c8c:	e6d7      	b.n	10004a3e <_vsnprintf+0x3f6>
10004c8e:	46a1      	mov	r9, r4
10004c90:	9b0f      	ldr	r3, [sp, #60]	@ 0x3c
10004c92:	4598      	cmp	r8, r3
10004c94:	d800      	bhi.n	10004c98 <_vsnprintf+0x650>
10004c96:	e632      	b.n	100048fe <_vsnprintf+0x2b6>
10004c98:	4444      	add	r4, r8
10004c9a:	1ae4      	subs	r4, r4, r3
10004c9c:	0033      	movs	r3, r6
10004c9e:	46b8      	mov	r8, r7
10004ca0:	002e      	movs	r6, r5
10004ca2:	465f      	mov	r7, fp
10004ca4:	0025      	movs	r5, r4
10004ca6:	464c      	mov	r4, r9
10004ca8:	4699      	mov	r9, r3
10004caa:	0022      	movs	r2, r4
10004cac:	4643      	mov	r3, r8
10004cae:	3401      	adds	r4, #1
10004cb0:	0039      	movs	r1, r7
10004cb2:	2020      	movs	r0, #32
10004cb4:	47b0      	blx	r6
10004cb6:	42ac      	cmp	r4, r5
10004cb8:	d1f7      	bne.n	10004caa <_vsnprintf+0x662>
10004cba:	002c      	movs	r4, r5
10004cbc:	46bb      	mov	fp, r7
10004cbe:	0035      	movs	r5, r6
10004cc0:	4647      	mov	r7, r8
10004cc2:	464e      	mov	r6, r9
10004cc4:	e61b      	b.n	100048fe <_vsnprintf+0x2b6>
10004cc6:	2380      	movs	r3, #128	@ 0x80
10004cc8:	0010      	movs	r0, r2
10004cca:	00db      	lsls	r3, r3, #3
10004ccc:	4018      	ands	r0, r3
10004cce:	421a      	tst	r2, r3
10004cd0:	d100      	bne.n	10004cd4 <_vsnprintf+0x68c>
10004cd2:	e10f      	b.n	10004ef4 <_vsnprintf+0x8ac>
10004cd4:	2111      	movs	r1, #17
10004cd6:	0018      	movs	r0, r3
10004cd8:	438a      	bics	r2, r1
10004cda:	920d      	str	r2, [sp, #52]	@ 0x34
10004cdc:	9a0d      	ldr	r2, [sp, #52]	@ 0x34
10004cde:	2380      	movs	r3, #128	@ 0x80
10004ce0:	0011      	movs	r1, r2
10004ce2:	009b      	lsls	r3, r3, #2
10004ce4:	4019      	ands	r1, r3
10004ce6:	468c      	mov	ip, r1
10004ce8:	421a      	tst	r2, r3
10004cea:	d169      	bne.n	10004dc0 <_vsnprintf+0x778>
10004cec:	2380      	movs	r3, #128	@ 0x80
10004cee:	0011      	movs	r1, r2
10004cf0:	005b      	lsls	r3, r3, #1
10004cf2:	4019      	ands	r1, r3
10004cf4:	4689      	mov	r9, r1
10004cf6:	990c      	ldr	r1, [sp, #48]	@ 0x30
10004cf8:	3104      	adds	r1, #4
10004cfa:	910f      	str	r1, [sp, #60]	@ 0x3c
10004cfc:	421a      	tst	r2, r3
10004cfe:	d000      	beq.n	10004d02 <_vsnprintf+0x6ba>
10004d00:	e1ca      	b.n	10005098 <_vsnprintf+0xa50>
10004d02:	0013      	movs	r3, r2
10004d04:	065b      	lsls	r3, r3, #25
10004d06:	d500      	bpl.n	10004d0a <_vsnprintf+0x6c2>
10004d08:	e0f0      	b.n	10004eec <_vsnprintf+0x8a4>
10004d0a:	0013      	movs	r3, r2
10004d0c:	061b      	lsls	r3, r3, #24
10004d0e:	d400      	bmi.n	10004d12 <_vsnprintf+0x6ca>
10004d10:	e259      	b.n	100051c6 <_vsnprintf+0xb7e>
10004d12:	9b0c      	ldr	r3, [sp, #48]	@ 0x30
10004d14:	2200      	movs	r2, #0
10004d16:	5e9b      	ldrsh	r3, [r3, r2]
10004d18:	17d9      	asrs	r1, r3, #31
10004d1a:	185a      	adds	r2, r3, r1
10004d1c:	404a      	eors	r2, r1
10004d1e:	b292      	uxth	r2, r2
10004d20:	0fd9      	lsrs	r1, r3, #31
10004d22:	910c      	str	r1, [sp, #48]	@ 0x30
10004d24:	2b00      	cmp	r3, #0
10004d26:	d100      	bne.n	10004d2a <_vsnprintf+0x6e2>
10004d28:	e1f9      	b.n	1000511e <_vsnprintf+0xad6>
10004d2a:	0010      	movs	r0, r2
10004d2c:	aa14      	add	r2, sp, #80	@ 0x50
10004d2e:	4694      	mov	ip, r2
10004d30:	4642      	mov	r2, r8
10004d32:	231f      	movs	r3, #31
10004d34:	9214      	str	r2, [sp, #80]	@ 0x50
10004d36:	4652      	mov	r2, sl
10004d38:	4463      	add	r3, ip
10004d3a:	46a8      	mov	r8, r5
10004d3c:	9416      	str	r4, [sp, #88]	@ 0x58
10004d3e:	464d      	mov	r5, r9
10004d40:	0004      	movs	r4, r0
10004d42:	46b9      	mov	r9, r7
10004d44:	46b2      	mov	sl, r6
10004d46:	001f      	movs	r7, r3
10004d48:	9215      	str	r2, [sp, #84]	@ 0x54
10004d4a:	e001      	b.n	10004d50 <_vsnprintf+0x708>
10004d4c:	2d20      	cmp	r5, #32
10004d4e:	d00f      	beq.n	10004d70 <_vsnprintf+0x728>
10004d50:	0020      	movs	r0, r4
10004d52:	210a      	movs	r1, #10
10004d54:	f7fd ff3e 	bl	10002bd4 <__wrap___aeabi_uidiv>
10004d58:	3501      	adds	r5, #1
10004d5a:	197e      	adds	r6, r7, r5
10004d5c:	3130      	adds	r1, #48	@ 0x30
10004d5e:	7031      	strb	r1, [r6, #0]
10004d60:	0020      	movs	r0, r4
10004d62:	210a      	movs	r1, #10
10004d64:	f7fd ff36 	bl	10002bd4 <__wrap___aeabi_uidiv>
10004d68:	0026      	movs	r6, r4
10004d6a:	0004      	movs	r4, r0
10004d6c:	2e09      	cmp	r6, #9
10004d6e:	d8ed      	bhi.n	10004d4c <_vsnprintf+0x704>
10004d70:	9b14      	ldr	r3, [sp, #80]	@ 0x50
10004d72:	464f      	mov	r7, r9
10004d74:	46a9      	mov	r9, r5
10004d76:	4645      	mov	r5, r8
10004d78:	4698      	mov	r8, r3
10004d7a:	9b15      	ldr	r3, [sp, #84]	@ 0x54
10004d7c:	4656      	mov	r6, sl
10004d7e:	469a      	mov	sl, r3
10004d80:	9c16      	ldr	r4, [sp, #88]	@ 0x58
10004d82:	9b0d      	ldr	r3, [sp, #52]	@ 0x34
10004d84:	9306      	str	r3, [sp, #24]
10004d86:	4643      	mov	r3, r8
10004d88:	9305      	str	r3, [sp, #20]
10004d8a:	4653      	mov	r3, sl
10004d8c:	9304      	str	r3, [sp, #16]
10004d8e:	230a      	movs	r3, #10
10004d90:	9303      	str	r3, [sp, #12]
10004d92:	9b0c      	ldr	r3, [sp, #48]	@ 0x30
10004d94:	9302      	str	r3, [sp, #8]
10004d96:	464b      	mov	r3, r9
10004d98:	9301      	str	r3, [sp, #4]
10004d9a:	ab1c      	add	r3, sp, #112	@ 0x70
10004d9c:	0022      	movs	r2, r4
10004d9e:	9300      	str	r3, [sp, #0]
10004da0:	4659      	mov	r1, fp
10004da2:	003b      	movs	r3, r7
10004da4:	0028      	movs	r0, r5
10004da6:	f7fe fe4f 	bl	10003a48 <_ntoa_format>
10004daa:	9b0f      	ldr	r3, [sp, #60]	@ 0x3c
10004dac:	0004      	movs	r4, r0
10004dae:	930c      	str	r3, [sp, #48]	@ 0x30
10004db0:	e472      	b.n	10004698 <_vsnprintf+0x50>
10004db2:	46c0      	nop			@ (mov r8, r8)
10004db4:	10003999 	.word	0x10003999
10004db8:	230c      	movs	r3, #12
10004dba:	439a      	bics	r2, r3
10004dbc:	0010      	movs	r0, r2
10004dbe:	e6e7      	b.n	10004b90 <_vsnprintf+0x548>
10004dc0:	2207      	movs	r2, #7
10004dc2:	9b0c      	ldr	r3, [sp, #48]	@ 0x30
10004dc4:	3307      	adds	r3, #7
10004dc6:	4393      	bics	r3, r2
10004dc8:	3201      	adds	r2, #1
10004dca:	4694      	mov	ip, r2
10004dcc:	449c      	add	ip, r3
10004dce:	4662      	mov	r2, ip
10004dd0:	920c      	str	r2, [sp, #48]	@ 0x30
10004dd2:	cb0c      	ldmia	r3, {r2, r3}
10004dd4:	0fd9      	lsrs	r1, r3, #31
10004dd6:	910f      	str	r1, [sp, #60]	@ 0x3c
10004dd8:	0011      	movs	r1, r2
10004dda:	4319      	orrs	r1, r3
10004ddc:	d100      	bne.n	10004de0 <_vsnprintf+0x798>
10004dde:	e091      	b.n	10004f04 <_vsnprintf+0x8bc>
10004de0:	17d9      	asrs	r1, r3, #31
10004de2:	9113      	str	r1, [sp, #76]	@ 0x4c
10004de4:	9112      	str	r1, [sp, #72]	@ 0x48
10004de6:	4051      	eors	r1, r2
10004de8:	9110      	str	r1, [sp, #64]	@ 0x40
10004dea:	9913      	ldr	r1, [sp, #76]	@ 0x4c
10004dec:	4059      	eors	r1, r3
10004dee:	9111      	str	r1, [sp, #68]	@ 0x44
10004df0:	9810      	ldr	r0, [sp, #64]	@ 0x40
10004df2:	9911      	ldr	r1, [sp, #68]	@ 0x44
10004df4:	9a12      	ldr	r2, [sp, #72]	@ 0x48
10004df6:	9b13      	ldr	r3, [sp, #76]	@ 0x4c
10004df8:	1a80      	subs	r0, r0, r2
10004dfa:	4199      	sbcs	r1, r3
10004dfc:	9010      	str	r0, [sp, #64]	@ 0x40
10004dfe:	9111      	str	r1, [sp, #68]	@ 0x44
10004e00:	aa14      	add	r2, sp, #80	@ 0x50
10004e02:	2300      	movs	r3, #0
10004e04:	4694      	mov	ip, r2
10004e06:	4642      	mov	r2, r8
10004e08:	4699      	mov	r9, r3
10004e0a:	9214      	str	r2, [sp, #80]	@ 0x50
10004e0c:	4652      	mov	r2, sl
10004e0e:	331f      	adds	r3, #31
10004e10:	4463      	add	r3, ip
10004e12:	46a8      	mov	r8, r5
10004e14:	46b2      	mov	sl, r6
10004e16:	9416      	str	r4, [sp, #88]	@ 0x58
10004e18:	464e      	mov	r6, r9
10004e1a:	9c10      	ldr	r4, [sp, #64]	@ 0x40
10004e1c:	9d11      	ldr	r5, [sp, #68]	@ 0x44
10004e1e:	46b9      	mov	r9, r7
10004e20:	9215      	str	r2, [sp, #84]	@ 0x54
10004e22:	001f      	movs	r7, r3
10004e24:	e001      	b.n	10004e2a <_vsnprintf+0x7e2>
10004e26:	2e20      	cmp	r6, #32
10004e28:	d010      	beq.n	10004e4c <_vsnprintf+0x804>
10004e2a:	0020      	movs	r0, r4
10004e2c:	0029      	movs	r1, r5
10004e2e:	220a      	movs	r2, #10
10004e30:	2300      	movs	r3, #0
10004e32:	f7fd ff0d 	bl	10002c50 <__wrap___aeabi_uldivmod>
10004e36:	3601      	adds	r6, #1
10004e38:	3230      	adds	r2, #48	@ 0x30
10004e3a:	002b      	movs	r3, r5
10004e3c:	55ba      	strb	r2, [r7, r6]
10004e3e:	000d      	movs	r5, r1
10004e40:	0022      	movs	r2, r4
10004e42:	0004      	movs	r4, r0
10004e44:	2b00      	cmp	r3, #0
10004e46:	d1ee      	bne.n	10004e26 <_vsnprintf+0x7de>
10004e48:	2a09      	cmp	r2, #9
10004e4a:	d8ec      	bhi.n	10004e26 <_vsnprintf+0x7de>
10004e4c:	9b14      	ldr	r3, [sp, #80]	@ 0x50
10004e4e:	9410      	str	r4, [sp, #64]	@ 0x40
10004e50:	9511      	str	r5, [sp, #68]	@ 0x44
10004e52:	4645      	mov	r5, r8
10004e54:	4698      	mov	r8, r3
10004e56:	9b15      	ldr	r3, [sp, #84]	@ 0x54
10004e58:	464f      	mov	r7, r9
10004e5a:	46b1      	mov	r9, r6
10004e5c:	4656      	mov	r6, sl
10004e5e:	469a      	mov	sl, r3
10004e60:	9c16      	ldr	r4, [sp, #88]	@ 0x58
10004e62:	9b0d      	ldr	r3, [sp, #52]	@ 0x34
10004e64:	9306      	str	r3, [sp, #24]
10004e66:	4643      	mov	r3, r8
10004e68:	9305      	str	r3, [sp, #20]
10004e6a:	4653      	mov	r3, sl
10004e6c:	9304      	str	r3, [sp, #16]
10004e6e:	230a      	movs	r3, #10
10004e70:	9303      	str	r3, [sp, #12]
10004e72:	9b0f      	ldr	r3, [sp, #60]	@ 0x3c
10004e74:	9302      	str	r3, [sp, #8]
10004e76:	464b      	mov	r3, r9
10004e78:	9301      	str	r3, [sp, #4]
10004e7a:	ab1c      	add	r3, sp, #112	@ 0x70
10004e7c:	0022      	movs	r2, r4
10004e7e:	9300      	str	r3, [sp, #0]
10004e80:	4659      	mov	r1, fp
10004e82:	003b      	movs	r3, r7
10004e84:	0028      	movs	r0, r5
10004e86:	f7fe fddf 	bl	10003a48 <_ntoa_format>
10004e8a:	0004      	movs	r4, r0
10004e8c:	f7ff fc04 	bl	10004698 <_vsnprintf+0x50>
10004e90:	9b0f      	ldr	r3, [sp, #60]	@ 0x3c
10004e92:	4598      	cmp	r8, r3
10004e94:	d800      	bhi.n	10004e98 <_vsnprintf+0x850>
10004e96:	e1c1      	b.n	1000521c <_vsnprintf+0xbd4>
10004e98:	2380      	movs	r3, #128	@ 0x80
10004e9a:	00db      	lsls	r3, r3, #3
10004e9c:	930d      	str	r3, [sp, #52]	@ 0x34
10004e9e:	4643      	mov	r3, r8
10004ea0:	9a0f      	ldr	r2, [sp, #60]	@ 0x3c
10004ea2:	191b      	adds	r3, r3, r4
10004ea4:	1a9b      	subs	r3, r3, r2
10004ea6:	4699      	mov	r9, r3
10004ea8:	0033      	movs	r3, r6
10004eaa:	002e      	movs	r6, r5
10004eac:	464d      	mov	r5, r9
10004eae:	46b9      	mov	r9, r7
10004eb0:	465f      	mov	r7, fp
10004eb2:	469b      	mov	fp, r3
10004eb4:	910c      	str	r1, [sp, #48]	@ 0x30
10004eb6:	0022      	movs	r2, r4
10004eb8:	464b      	mov	r3, r9
10004eba:	3401      	adds	r4, #1
10004ebc:	0039      	movs	r1, r7
10004ebe:	2020      	movs	r0, #32
10004ec0:	47b0      	blx	r6
10004ec2:	42ac      	cmp	r4, r5
10004ec4:	d1f7      	bne.n	10004eb6 <_vsnprintf+0x86e>
10004ec6:	4643      	mov	r3, r8
10004ec8:	990c      	ldr	r1, [sp, #48]	@ 0x30
10004eca:	3301      	adds	r3, #1
10004ecc:	930f      	str	r3, [sp, #60]	@ 0x3c
10004ece:	780b      	ldrb	r3, [r1, #0]
10004ed0:	0035      	movs	r5, r6
10004ed2:	930c      	str	r3, [sp, #48]	@ 0x30
10004ed4:	465e      	mov	r6, fp
10004ed6:	46bb      	mov	fp, r7
10004ed8:	464f      	mov	r7, r9
10004eda:	2b00      	cmp	r3, #0
10004edc:	d100      	bne.n	10004ee0 <_vsnprintf+0x898>
10004ede:	e50e      	b.n	100048fe <_vsnprintf+0x2b6>
10004ee0:	9b0d      	ldr	r3, [sp, #52]	@ 0x34
10004ee2:	2b00      	cmp	r3, #0
10004ee4:	d100      	bne.n	10004ee8 <_vsnprintf+0x8a0>
10004ee6:	e4f6      	b.n	100048d6 <_vsnprintf+0x28e>
10004ee8:	2300      	movs	r3, #0
10004eea:	e619      	b.n	10004b20 <_vsnprintf+0x4d8>
10004eec:	9b0c      	ldr	r3, [sp, #48]	@ 0x30
10004eee:	781b      	ldrb	r3, [r3, #0]
10004ef0:	001a      	movs	r2, r3
10004ef2:	e715      	b.n	10004d20 <_vsnprintf+0x6d8>
10004ef4:	2310      	movs	r3, #16
10004ef6:	439a      	bics	r2, r3
10004ef8:	920d      	str	r2, [sp, #52]	@ 0x34
10004efa:	e6ef      	b.n	10004cdc <_vsnprintf+0x694>
10004efc:	9b0c      	ldr	r3, [sp, #48]	@ 0x30
10004efe:	781b      	ldrb	r3, [r3, #0]
10004f00:	9309      	str	r3, [sp, #36]	@ 0x24
10004f02:	e661      	b.n	10004bc8 <_vsnprintf+0x580>
10004f04:	2300      	movs	r3, #0
10004f06:	4699      	mov	r9, r3
10004f08:	2800      	cmp	r0, #0
10004f0a:	d1aa      	bne.n	10004e62 <_vsnprintf+0x81a>
10004f0c:	2200      	movs	r2, #0
10004f0e:	2300      	movs	r3, #0
10004f10:	9210      	str	r2, [sp, #64]	@ 0x40
10004f12:	9311      	str	r3, [sp, #68]	@ 0x44
10004f14:	e774      	b.n	10004e00 <_vsnprintf+0x7b8>
10004f16:	9b0c      	ldr	r3, [sp, #48]	@ 0x30
10004f18:	0022      	movs	r2, r4
10004f1a:	7818      	ldrb	r0, [r3, #0]
10004f1c:	4659      	mov	r1, fp
10004f1e:	003b      	movs	r3, r7
10004f20:	47a8      	blx	r5
10004f22:	464c      	mov	r4, r9
10004f24:	e58b      	b.n	10004a3e <_vsnprintf+0x3f6>
10004f26:	9a0c      	ldr	r2, [sp, #48]	@ 0x30
10004f28:	3bfa      	subs	r3, #250	@ 0xfa
10004f2a:	3bff      	subs	r3, #255	@ 0xff
10004f2c:	3207      	adds	r2, #7
10004f2e:	439a      	bics	r2, r3
10004f30:	3301      	adds	r3, #1
10004f32:	4699      	mov	r9, r3
10004f34:	4491      	add	r9, r2
10004f36:	464b      	mov	r3, r9
10004f38:	930c      	str	r3, [sp, #48]	@ 0x30
10004f3a:	6813      	ldr	r3, [r2, #0]
10004f3c:	6852      	ldr	r2, [r2, #4]
10004f3e:	9215      	str	r2, [sp, #84]	@ 0x54
10004f40:	431a      	orrs	r2, r3
10004f42:	d106      	bne.n	10004f52 <_vsnprintf+0x90a>
10004f44:	3210      	adds	r2, #16
10004f46:	4390      	bics	r0, r2
10004f48:	2200      	movs	r2, #0
10004f4a:	9209      	str	r2, [sp, #36]	@ 0x24
10004f4c:	2900      	cmp	r1, #0
10004f4e:	d000      	beq.n	10004f52 <_vsnprintf+0x90a>
10004f50:	e081      	b.n	10005056 <_vsnprintf+0xa0e>
10004f52:	2261      	movs	r2, #97	@ 0x61
10004f54:	0681      	lsls	r1, r0, #26
10004f56:	d500      	bpl.n	10004f5a <_vsnprintf+0x912>
10004f58:	2241      	movs	r2, #65	@ 0x41
10004f5a:	b2d2      	uxtb	r2, r2
10004f5c:	920a      	str	r2, [sp, #40]	@ 0x28
10004f5e:	aa14      	add	r2, sp, #80	@ 0x50
10004f60:	4691      	mov	r9, r2
10004f62:	9a0a      	ldr	r2, [sp, #40]	@ 0x28
10004f64:	2100      	movs	r1, #0
10004f66:	3a0a      	subs	r2, #10
10004f68:	9214      	str	r2, [sp, #80]	@ 0x50
10004f6a:	4642      	mov	r2, r8
10004f6c:	9217      	str	r2, [sp, #92]	@ 0x5c
10004f6e:	4652      	mov	r2, sl
10004f70:	9218      	str	r2, [sp, #96]	@ 0x60
10004f72:	465a      	mov	r2, fp
10004f74:	9109      	str	r1, [sp, #36]	@ 0x24
10004f76:	46b3      	mov	fp, r6
10004f78:	311f      	adds	r1, #31
10004f7a:	001e      	movs	r6, r3
10004f7c:	9b0f      	ldr	r3, [sp, #60]	@ 0x3c
10004f7e:	4449      	add	r1, r9
10004f80:	46ba      	mov	sl, r7
10004f82:	9419      	str	r4, [sp, #100]	@ 0x64
10004f84:	951a      	str	r5, [sp, #104]	@ 0x68
10004f86:	2400      	movs	r4, #0
10004f88:	4667      	mov	r7, ip
10004f8a:	4698      	mov	r8, r3
10004f8c:	4689      	mov	r9, r1
10004f8e:	9d15      	ldr	r5, [sp, #84]	@ 0x54
10004f90:	9016      	str	r0, [sp, #88]	@ 0x58
10004f92:	921b      	str	r2, [sp, #108]	@ 0x6c
10004f94:	e00a      	b.n	10004fac <_vsnprintf+0x964>
10004f96:	3230      	adds	r2, #48	@ 0x30
10004f98:	b2d2      	uxtb	r2, r2
10004f9a:	464b      	mov	r3, r9
10004f9c:	3401      	adds	r4, #1
10004f9e:	551a      	strb	r2, [r3, r4]
10004fa0:	45a8      	cmp	r8, r5
10004fa2:	d04a      	beq.n	1000503a <_vsnprintf+0x9f2>
10004fa4:	2c20      	cmp	r4, #32
10004fa6:	d04a      	beq.n	1000503e <_vsnprintf+0x9f6>
10004fa8:	0006      	movs	r6, r0
10004faa:	000d      	movs	r5, r1
10004fac:	003a      	movs	r2, r7
10004fae:	2300      	movs	r3, #0
10004fb0:	0030      	movs	r0, r6
10004fb2:	0029      	movs	r1, r5
10004fb4:	f7fd fe4c 	bl	10002c50 <__wrap___aeabi_uldivmod>
10004fb8:	b2d2      	uxtb	r2, r2
10004fba:	2a09      	cmp	r2, #9
10004fbc:	d9eb      	bls.n	10004f96 <_vsnprintf+0x94e>
10004fbe:	9b14      	ldr	r3, [sp, #80]	@ 0x50
10004fc0:	469c      	mov	ip, r3
10004fc2:	4462      	add	r2, ip
10004fc4:	b2d2      	uxtb	r2, r2
10004fc6:	e7e8      	b.n	10004f9a <_vsnprintf+0x952>
10004fc8:	2361      	movs	r3, #97	@ 0x61
10004fca:	0682      	lsls	r2, r0, #26
10004fcc:	d500      	bpl.n	10004fd0 <_vsnprintf+0x988>
10004fce:	2341      	movs	r3, #65	@ 0x41
10004fd0:	b2db      	uxtb	r3, r3
10004fd2:	3b0a      	subs	r3, #10
10004fd4:	930c      	str	r3, [sp, #48]	@ 0x30
10004fd6:	4643      	mov	r3, r8
10004fd8:	a914      	add	r1, sp, #80	@ 0x50
10004fda:	221f      	movs	r2, #31
10004fdc:	468c      	mov	ip, r1
10004fde:	9315      	str	r3, [sp, #84]	@ 0x54
10004fe0:	4653      	mov	r3, sl
10004fe2:	4462      	add	r2, ip
10004fe4:	46a0      	mov	r8, r4
10004fe6:	46b2      	mov	sl, r6
10004fe8:	464c      	mov	r4, r9
10004fea:	9717      	str	r7, [sp, #92]	@ 0x5c
10004fec:	46a9      	mov	r9, r5
10004fee:	0017      	movs	r7, r2
10004ff0:	9d09      	ldr	r5, [sp, #36]	@ 0x24
10004ff2:	9e0d      	ldr	r6, [sp, #52]	@ 0x34
10004ff4:	9014      	str	r0, [sp, #80]	@ 0x50
10004ff6:	9316      	str	r3, [sp, #88]	@ 0x58
10004ff8:	e008      	b.n	1000500c <_vsnprintf+0x9c4>
10004ffa:	3330      	adds	r3, #48	@ 0x30
10004ffc:	b2db      	uxtb	r3, r3
10004ffe:	3401      	adds	r4, #1
10005000:	553b      	strb	r3, [r7, r4]
10005002:	42b5      	cmp	r5, r6
10005004:	d30e      	bcc.n	10005024 <_vsnprintf+0x9dc>
10005006:	2c20      	cmp	r4, #32
10005008:	d00c      	beq.n	10005024 <_vsnprintf+0x9dc>
1000500a:	0005      	movs	r5, r0
1000500c:	0031      	movs	r1, r6
1000500e:	0028      	movs	r0, r5
10005010:	f7fd fde0 	bl	10002bd4 <__wrap___aeabi_uidiv>
10005014:	b2cb      	uxtb	r3, r1
10005016:	2909      	cmp	r1, #9
10005018:	d9ef      	bls.n	10004ffa <_vsnprintf+0x9b2>
1000501a:	9a0c      	ldr	r2, [sp, #48]	@ 0x30
1000501c:	4694      	mov	ip, r2
1000501e:	4463      	add	r3, ip
10005020:	b2db      	uxtb	r3, r3
10005022:	e7ec      	b.n	10004ffe <_vsnprintf+0x9b6>
10005024:	9b15      	ldr	r3, [sp, #84]	@ 0x54
10005026:	464d      	mov	r5, r9
10005028:	46a1      	mov	r9, r4
1000502a:	4644      	mov	r4, r8
1000502c:	4698      	mov	r8, r3
1000502e:	9b16      	ldr	r3, [sp, #88]	@ 0x58
10005030:	4656      	mov	r6, sl
10005032:	9814      	ldr	r0, [sp, #80]	@ 0x50
10005034:	469a      	mov	sl, r3
10005036:	9f17      	ldr	r7, [sp, #92]	@ 0x5c
10005038:	e5d0      	b.n	10004bdc <_vsnprintf+0x594>
1000503a:	42b7      	cmp	r7, r6
1000503c:	d9b2      	bls.n	10004fa4 <_vsnprintf+0x95c>
1000503e:	9b17      	ldr	r3, [sp, #92]	@ 0x5c
10005040:	4657      	mov	r7, sl
10005042:	4698      	mov	r8, r3
10005044:	9b18      	ldr	r3, [sp, #96]	@ 0x60
10005046:	465e      	mov	r6, fp
10005048:	469a      	mov	sl, r3
1000504a:	9b1b      	ldr	r3, [sp, #108]	@ 0x6c
1000504c:	9409      	str	r4, [sp, #36]	@ 0x24
1000504e:	469b      	mov	fp, r3
10005050:	9816      	ldr	r0, [sp, #88]	@ 0x58
10005052:	9c19      	ldr	r4, [sp, #100]	@ 0x64
10005054:	9d1a      	ldr	r5, [sp, #104]	@ 0x68
10005056:	4643      	mov	r3, r8
10005058:	9305      	str	r3, [sp, #20]
1000505a:	4653      	mov	r3, sl
1000505c:	9304      	str	r3, [sp, #16]
1000505e:	9b0d      	ldr	r3, [sp, #52]	@ 0x34
10005060:	9006      	str	r0, [sp, #24]
10005062:	9303      	str	r3, [sp, #12]
10005064:	2300      	movs	r3, #0
10005066:	9302      	str	r3, [sp, #8]
10005068:	9b09      	ldr	r3, [sp, #36]	@ 0x24
1000506a:	e705      	b.n	10004e78 <_vsnprintf+0x830>
1000506c:	9b0f      	ldr	r3, [sp, #60]	@ 0x3c
1000506e:	4598      	cmp	r8, r3
10005070:	d900      	bls.n	10005074 <_vsnprintf+0xa2c>
10005072:	e714      	b.n	10004e9e <_vsnprintf+0x856>
10005074:	3301      	adds	r3, #1
10005076:	930f      	str	r3, [sp, #60]	@ 0x3c
10005078:	e42d      	b.n	100048d6 <_vsnprintf+0x28e>
1000507a:	2310      	movs	r3, #16
1000507c:	0011      	movs	r1, r2
1000507e:	4399      	bics	r1, r3
10005080:	910d      	str	r1, [sp, #52]	@ 0x34
10005082:	2869      	cmp	r0, #105	@ 0x69
10005084:	d000      	beq.n	10005088 <_vsnprintf+0xa40>
10005086:	e0ba      	b.n	100051fe <_vsnprintf+0xbb6>
10005088:	2380      	movs	r3, #128	@ 0x80
1000508a:	0010      	movs	r0, r2
1000508c:	00db      	lsls	r3, r3, #3
1000508e:	4018      	ands	r0, r3
10005090:	421a      	tst	r2, r3
10005092:	d100      	bne.n	10005096 <_vsnprintf+0xa4e>
10005094:	e622      	b.n	10004cdc <_vsnprintf+0x694>
10005096:	e61d      	b.n	10004cd4 <_vsnprintf+0x68c>
10005098:	9b0c      	ldr	r3, [sp, #48]	@ 0x30
1000509a:	681b      	ldr	r3, [r3, #0]
1000509c:	0fda      	lsrs	r2, r3, #31
1000509e:	0011      	movs	r1, r2
100050a0:	2b00      	cmp	r3, #0
100050a2:	d100      	bne.n	100050a6 <_vsnprintf+0xa5e>
100050a4:	e08c      	b.n	100051c0 <_vsnprintf+0xb78>
100050a6:	17da      	asrs	r2, r3, #31
100050a8:	1898      	adds	r0, r3, r2
100050aa:	4050      	eors	r0, r2
100050ac:	aa14      	add	r2, sp, #80	@ 0x50
100050ae:	4691      	mov	r9, r2
100050b0:	4642      	mov	r2, r8
100050b2:	231f      	movs	r3, #31
100050b4:	9214      	str	r2, [sp, #80]	@ 0x50
100050b6:	4652      	mov	r2, sl
100050b8:	444b      	add	r3, r9
100050ba:	46a0      	mov	r8, r4
100050bc:	46a9      	mov	r9, r5
100050be:	9716      	str	r7, [sp, #88]	@ 0x58
100050c0:	0004      	movs	r4, r0
100050c2:	4665      	mov	r5, ip
100050c4:	46b2      	mov	sl, r6
100050c6:	001f      	movs	r7, r3
100050c8:	910c      	str	r1, [sp, #48]	@ 0x30
100050ca:	9215      	str	r2, [sp, #84]	@ 0x54
100050cc:	e001      	b.n	100050d2 <_vsnprintf+0xa8a>
100050ce:	2d20      	cmp	r5, #32
100050d0:	d00f      	beq.n	100050f2 <_vsnprintf+0xaaa>
100050d2:	0020      	movs	r0, r4
100050d4:	210a      	movs	r1, #10
100050d6:	f7fd fd7d 	bl	10002bd4 <__wrap___aeabi_uidiv>
100050da:	3501      	adds	r5, #1
100050dc:	197e      	adds	r6, r7, r5
100050de:	3130      	adds	r1, #48	@ 0x30
100050e0:	7031      	strb	r1, [r6, #0]
100050e2:	0020      	movs	r0, r4
100050e4:	210a      	movs	r1, #10
100050e6:	f7fd fd75 	bl	10002bd4 <__wrap___aeabi_uidiv>
100050ea:	0026      	movs	r6, r4
100050ec:	0004      	movs	r4, r0
100050ee:	2e09      	cmp	r6, #9
100050f0:	d8ed      	bhi.n	100050ce <_vsnprintf+0xa86>
100050f2:	9b14      	ldr	r3, [sp, #80]	@ 0x50
100050f4:	4644      	mov	r4, r8
100050f6:	4698      	mov	r8, r3
100050f8:	9b0c      	ldr	r3, [sp, #48]	@ 0x30
100050fa:	46ac      	mov	ip, r5
100050fc:	0019      	movs	r1, r3
100050fe:	9b15      	ldr	r3, [sp, #84]	@ 0x54
10005100:	4656      	mov	r6, sl
10005102:	464d      	mov	r5, r9
10005104:	469a      	mov	sl, r3
10005106:	9f16      	ldr	r7, [sp, #88]	@ 0x58
10005108:	9b0d      	ldr	r3, [sp, #52]	@ 0x34
1000510a:	9102      	str	r1, [sp, #8]
1000510c:	9306      	str	r3, [sp, #24]
1000510e:	4643      	mov	r3, r8
10005110:	9305      	str	r3, [sp, #20]
10005112:	4653      	mov	r3, sl
10005114:	9304      	str	r3, [sp, #16]
10005116:	230a      	movs	r3, #10
10005118:	9303      	str	r3, [sp, #12]
1000511a:	4663      	mov	r3, ip
1000511c:	e63c      	b.n	10004d98 <_vsnprintf+0x750>
1000511e:	2800      	cmp	r0, #0
10005120:	d000      	beq.n	10005124 <_vsnprintf+0xadc>
10005122:	e62e      	b.n	10004d82 <_vsnprintf+0x73a>
10005124:	e602      	b.n	10004d2c <_vsnprintf+0x6e4>
10005126:	9b0c      	ldr	r3, [sp, #48]	@ 0x30
10005128:	681b      	ldr	r3, [r3, #0]
1000512a:	4699      	mov	r9, r3
1000512c:	2b00      	cmp	r3, #0
1000512e:	d103      	bne.n	10005138 <_vsnprintf+0xaf0>
10005130:	3310      	adds	r3, #16
10005132:	4398      	bics	r0, r3
10005134:	2900      	cmp	r1, #0
10005136:	d138      	bne.n	100051aa <_vsnprintf+0xb62>
10005138:	2361      	movs	r3, #97	@ 0x61
1000513a:	0682      	lsls	r2, r0, #26
1000513c:	d500      	bpl.n	10005140 <_vsnprintf+0xaf8>
1000513e:	2341      	movs	r3, #65	@ 0x41
10005140:	b2db      	uxtb	r3, r3
10005142:	3b0a      	subs	r3, #10
10005144:	930c      	str	r3, [sp, #48]	@ 0x30
10005146:	4643      	mov	r3, r8
10005148:	9316      	str	r3, [sp, #88]	@ 0x58
1000514a:	4653      	mov	r3, sl
1000514c:	a914      	add	r1, sp, #80	@ 0x50
1000514e:	221f      	movs	r2, #31
10005150:	468c      	mov	ip, r1
10005152:	9317      	str	r3, [sp, #92]	@ 0x5c
10005154:	002b      	movs	r3, r5
10005156:	4462      	add	r2, ip
10005158:	46a0      	mov	r8, r4
1000515a:	464d      	mov	r5, r9
1000515c:	46b2      	mov	sl, r6
1000515e:	9718      	str	r7, [sp, #96]	@ 0x60
10005160:	4699      	mov	r9, r3
10005162:	0017      	movs	r7, r2
10005164:	9c14      	ldr	r4, [sp, #80]	@ 0x50
10005166:	9e0d      	ldr	r6, [sp, #52]	@ 0x34
10005168:	9015      	str	r0, [sp, #84]	@ 0x54
1000516a:	e008      	b.n	1000517e <_vsnprintf+0xb36>
1000516c:	3330      	adds	r3, #48	@ 0x30
1000516e:	b2db      	uxtb	r3, r3
10005170:	3401      	adds	r4, #1
10005172:	553b      	strb	r3, [r7, r4]
10005174:	42b5      	cmp	r5, r6
10005176:	d30e      	bcc.n	10005196 <_vsnprintf+0xb4e>
10005178:	2c20      	cmp	r4, #32
1000517a:	d00c      	beq.n	10005196 <_vsnprintf+0xb4e>
1000517c:	0005      	movs	r5, r0
1000517e:	0031      	movs	r1, r6
10005180:	0028      	movs	r0, r5
10005182:	f7fd fd27 	bl	10002bd4 <__wrap___aeabi_uidiv>
10005186:	b2cb      	uxtb	r3, r1
10005188:	2909      	cmp	r1, #9
1000518a:	d9ef      	bls.n	1000516c <_vsnprintf+0xb24>
1000518c:	9a0c      	ldr	r2, [sp, #48]	@ 0x30
1000518e:	4694      	mov	ip, r2
10005190:	4463      	add	r3, ip
10005192:	b2db      	uxtb	r3, r3
10005194:	e7ec      	b.n	10005170 <_vsnprintf+0xb28>
10005196:	9b16      	ldr	r3, [sp, #88]	@ 0x58
10005198:	9414      	str	r4, [sp, #80]	@ 0x50
1000519a:	4644      	mov	r4, r8
1000519c:	4698      	mov	r8, r3
1000519e:	9b17      	ldr	r3, [sp, #92]	@ 0x5c
100051a0:	4656      	mov	r6, sl
100051a2:	464d      	mov	r5, r9
100051a4:	469a      	mov	sl, r3
100051a6:	9815      	ldr	r0, [sp, #84]	@ 0x54
100051a8:	9f18      	ldr	r7, [sp, #96]	@ 0x60
100051aa:	4643      	mov	r3, r8
100051ac:	9305      	str	r3, [sp, #20]
100051ae:	4653      	mov	r3, sl
100051b0:	9304      	str	r3, [sp, #16]
100051b2:	9b0d      	ldr	r3, [sp, #52]	@ 0x34
100051b4:	9006      	str	r0, [sp, #24]
100051b6:	9303      	str	r3, [sp, #12]
100051b8:	2300      	movs	r3, #0
100051ba:	9302      	str	r3, [sp, #8]
100051bc:	9b14      	ldr	r3, [sp, #80]	@ 0x50
100051be:	e5eb      	b.n	10004d98 <_vsnprintf+0x750>
100051c0:	2800      	cmp	r0, #0
100051c2:	d1a1      	bne.n	10005108 <_vsnprintf+0xac0>
100051c4:	e772      	b.n	100050ac <_vsnprintf+0xa64>
100051c6:	9b0c      	ldr	r3, [sp, #48]	@ 0x30
100051c8:	681b      	ldr	r3, [r3, #0]
100051ca:	17d9      	asrs	r1, r3, #31
100051cc:	185a      	adds	r2, r3, r1
100051ce:	404a      	eors	r2, r1
100051d0:	e5a6      	b.n	10004d20 <_vsnprintf+0x6d8>
100051d2:	2380      	movs	r3, #128	@ 0x80
100051d4:	0010      	movs	r0, r2
100051d6:	00db      	lsls	r3, r3, #3
100051d8:	4018      	ands	r0, r3
100051da:	469c      	mov	ip, r3
100051dc:	900f      	str	r0, [sp, #60]	@ 0x3c
100051de:	421a      	tst	r2, r3
100051e0:	d00f      	beq.n	10005202 <_vsnprintf+0xbba>
100051e2:	2002      	movs	r0, #2
100051e4:	0003      	movs	r3, r0
100051e6:	4013      	ands	r3, r2
100051e8:	930f      	str	r3, [sp, #60]	@ 0x3c
100051ea:	4210      	tst	r0, r2
100051ec:	d019      	beq.n	10005222 <_vsnprintf+0xbda>
100051ee:	2300      	movs	r3, #0
100051f0:	46a1      	mov	r9, r4
100051f2:	930f      	str	r3, [sp, #60]	@ 0x3c
100051f4:	e54c      	b.n	10004c90 <_vsnprintf+0x648>
100051f6:	9b0c      	ldr	r3, [sp, #48]	@ 0x30
100051f8:	681b      	ldr	r3, [r3, #0]
100051fa:	9309      	str	r3, [sp, #36]	@ 0x24
100051fc:	e4e4      	b.n	10004bc8 <_vsnprintf+0x580>
100051fe:	000a      	movs	r2, r1
10005200:	e434      	b.n	10004a6c <_vsnprintf+0x424>
10005202:	2302      	movs	r3, #2
10005204:	0018      	movs	r0, r3
10005206:	4010      	ands	r0, r2
10005208:	900d      	str	r0, [sp, #52]	@ 0x34
1000520a:	4213      	tst	r3, r2
1000520c:	d000      	beq.n	10005210 <_vsnprintf+0xbc8>
1000520e:	e53e      	b.n	10004c8e <_vsnprintf+0x646>
10005210:	4643      	mov	r3, r8
10005212:	2b00      	cmp	r3, #0
10005214:	d000      	beq.n	10005218 <_vsnprintf+0xbd0>
10005216:	e642      	b.n	10004e9e <_vsnprintf+0x856>
10005218:	f7ff fb71 	bl	100048fe <_vsnprintf+0x2b6>
1000521c:	3301      	adds	r3, #1
1000521e:	930f      	str	r3, [sp, #60]	@ 0x3c
10005220:	e47f      	b.n	10004b22 <_vsnprintf+0x4da>
10005222:	4663      	mov	r3, ip
10005224:	930d      	str	r3, [sp, #52]	@ 0x34
10005226:	e7f3      	b.n	10005210 <_vsnprintf+0xbc8>

10005228 <__wrap_sprintf>:
10005228:	b40e      	push	{r1, r2, r3}
1000522a:	2201      	movs	r2, #1
1000522c:	b530      	push	{r4, r5, lr}
1000522e:	b084      	sub	sp, #16
10005230:	ac07      	add	r4, sp, #28
10005232:	cc08      	ldmia	r4!, {r3}
10005234:	4d06      	ldr	r5, [pc, #24]	@ (10005250 <__wrap_sprintf+0x28>)
10005236:	0001      	movs	r1, r0
10005238:	9400      	str	r4, [sp, #0]
1000523a:	0028      	movs	r0, r5
1000523c:	4252      	negs	r2, r2
1000523e:	9403      	str	r4, [sp, #12]
10005240:	f7ff fa02 	bl	10004648 <_vsnprintf>
10005244:	b004      	add	sp, #16
10005246:	bc30      	pop	{r4, r5}
10005248:	bc08      	pop	{r3}
1000524a:	b003      	add	sp, #12
1000524c:	4718      	bx	r3
1000524e:	46c0      	nop			@ (mov r8, r8)
10005250:	10003991 	.word	0x10003991

10005254 <__wrap_vsnprintf>:
10005254:	b510      	push	{r4, lr}
10005256:	4c05      	ldr	r4, [pc, #20]	@ (1000526c <__wrap_vsnprintf+0x18>)
10005258:	b082      	sub	sp, #8
1000525a:	9300      	str	r3, [sp, #0]
1000525c:	0013      	movs	r3, r2
1000525e:	000a      	movs	r2, r1
10005260:	0001      	movs	r1, r0
10005262:	0020      	movs	r0, r4
10005264:	f7ff f9f0 	bl	10004648 <_vsnprintf>
10005268:	b002      	add	sp, #8
1000526a:	bd10      	pop	{r4, pc}
1000526c:	10003991 	.word	0x10003991

10005270 <weak_raw_vprintf>:
10005270:	b510      	push	{r4, lr}
10005272:	4a09      	ldr	r2, [pc, #36]	@ (10005298 <weak_raw_vprintf+0x28>)
10005274:	0003      	movs	r3, r0
10005276:	6814      	ldr	r4, [r2, #0]
10005278:	b084      	sub	sp, #16
1000527a:	2c00      	cmp	r4, #0
1000527c:	d008      	beq.n	10005290 <weak_raw_vprintf+0x20>
1000527e:	2201      	movs	r2, #1
10005280:	9100      	str	r1, [sp, #0]
10005282:	4806      	ldr	r0, [pc, #24]	@ (1000529c <weak_raw_vprintf+0x2c>)
10005284:	4252      	negs	r2, r2
10005286:	a903      	add	r1, sp, #12
10005288:	47a0      	blx	r4
1000528a:	2001      	movs	r0, #1
1000528c:	b004      	add	sp, #16
1000528e:	bd10      	pop	{r4, pc}
10005290:	f000 f96a 	bl	10005568 <__wrap_puts>
10005294:	2000      	movs	r0, #0
10005296:	e7f9      	b.n	1000528c <weak_raw_vprintf+0x1c>
10005298:	20002578 	.word	0x20002578
1000529c:	10003c15 	.word	0x10003c15

100052a0 <_exit>:
100052a0:	be00      	bkpt	0x0000
100052a2:	e7fd      	b.n	100052a0 <_exit>

100052a4 <_sbrk>:
100052a4:	4a09      	ldr	r2, [pc, #36]	@ (100052cc <_sbrk+0x28>)
100052a6:	0003      	movs	r3, r0
100052a8:	6810      	ldr	r0, [r2, #0]
100052aa:	2800      	cmp	r0, #0
100052ac:	d005      	beq.n	100052ba <_sbrk+0x16>
100052ae:	4908      	ldr	r1, [pc, #32]	@ (100052d0 <_sbrk+0x2c>)
100052b0:	18c3      	adds	r3, r0, r3
100052b2:	428b      	cmp	r3, r1
100052b4:	d807      	bhi.n	100052c6 <_sbrk+0x22>
100052b6:	6013      	str	r3, [r2, #0]
100052b8:	4770      	bx	lr
100052ba:	4806      	ldr	r0, [pc, #24]	@ (100052d4 <_sbrk+0x30>)
100052bc:	4904      	ldr	r1, [pc, #16]	@ (100052d0 <_sbrk+0x2c>)
100052be:	18c3      	adds	r3, r0, r3
100052c0:	6010      	str	r0, [r2, #0]
100052c2:	428b      	cmp	r3, r1
100052c4:	d9f7      	bls.n	100052b6 <_sbrk+0x12>
100052c6:	2001      	movs	r0, #1
100052c8:	4240      	negs	r0, r0
100052ca:	e7f5      	b.n	100052b8 <_sbrk+0x14>
100052cc:	20002574 	.word	0x20002574
100052d0:	20040000 	.word	0x20040000
100052d4:	20002598 	.word	0x20002598

100052d8 <_getpid>:
100052d8:	2000      	movs	r0, #0
100052da:	4770      	bx	lr

100052dc <_kill>:
100052dc:	2001      	movs	r0, #1
100052de:	4240      	negs	r0, r0
100052e0:	4770      	bx	lr
100052e2:	46c0      	nop			@ (mov r8, r8)

100052e4 <exit>:
100052e4:	b510      	push	{r4, lr}
100052e6:	f7ff ffdb 	bl	100052a0 <_exit>
100052ea:	46c0      	nop			@ (mov r8, r8)

100052ec <runtime_init>:
100052ec:	b570      	push	{r4, r5, r6, lr}
100052ee:	f7fd fb25 	bl	1000293c <runtime_run_initializers>
100052f2:	4d07      	ldr	r5, [pc, #28]	@ (10005310 <runtime_init+0x24>)
100052f4:	4e07      	ldr	r6, [pc, #28]	@ (10005314 <runtime_init+0x28>)
100052f6:	42b5      	cmp	r5, r6
100052f8:	d209      	bcs.n	1000530e <runtime_init+0x22>
100052fa:	2400      	movs	r4, #0
100052fc:	3e01      	subs	r6, #1
100052fe:	1b76      	subs	r6, r6, r5
10005300:	08b6      	lsrs	r6, r6, #2
10005302:	cd08      	ldmia	r5!, {r3}
10005304:	4798      	blx	r3
10005306:	0023      	movs	r3, r4
10005308:	3401      	adds	r4, #1
1000530a:	42b3      	cmp	r3, r6
1000530c:	d1f9      	bne.n	10005302 <runtime_init+0x16>
1000530e:	bd70      	pop	{r4, r5, r6, pc}
10005310:	1000897c 	.word	0x1000897c
10005314:	1000898c 	.word	0x1000898c

10005318 <stdio_out_chars_no_crlf>:
10005318:	0003      	movs	r3, r0
1000531a:	b510      	push	{r4, lr}
1000531c:	0008      	movs	r0, r1
1000531e:	0011      	movs	r1, r2
10005320:	681b      	ldr	r3, [r3, #0]
10005322:	4798      	blx	r3
10005324:	bd10      	pop	{r4, pc}
10005326:	46c0      	nop			@ (mov r8, r8)

10005328 <stdio_out_chars_crlf>:
10005328:	b5f0      	push	{r4, r5, r6, r7, lr}
1000532a:	46c6      	mov	lr, r8
1000532c:	b500      	push	{lr}
1000532e:	7d43      	ldrb	r3, [r0, #21]
10005330:	0007      	movs	r7, r0
10005332:	000c      	movs	r4, r1
10005334:	0016      	movs	r6, r2
10005336:	2b00      	cmp	r3, #0
10005338:	d046      	beq.n	100053c8 <stdio_out_chars_crlf+0xa0>
1000533a:	2a00      	cmp	r2, #0
1000533c:	dd17      	ble.n	1000536e <stdio_out_chars_crlf+0x46>
1000533e:	780b      	ldrb	r3, [r1, #0]
10005340:	2b0a      	cmp	r3, #10
10005342:	d024      	beq.n	1000538e <stdio_out_chars_crlf+0x66>
10005344:	2300      	movs	r3, #0
10005346:	4698      	mov	r8, r3
10005348:	2e01      	cmp	r6, #1
1000534a:	d013      	beq.n	10005374 <stdio_out_chars_crlf+0x4c>
1000534c:	2501      	movs	r5, #1
1000534e:	0029      	movs	r1, r5
10005350:	5c63      	ldrb	r3, [r4, r1]
10005352:	3501      	adds	r5, #1
10005354:	2b0a      	cmp	r3, #10
10005356:	d026      	beq.n	100053a6 <stdio_out_chars_crlf+0x7e>
10005358:	42b5      	cmp	r5, r6
1000535a:	d1f8      	bne.n	1000534e <stdio_out_chars_crlf+0x26>
1000535c:	4546      	cmp	r6, r8
1000535e:	dc09      	bgt.n	10005374 <stdio_out_chars_crlf+0x4c>
10005360:	19a4      	adds	r4, r4, r6
10005362:	3c01      	subs	r4, #1
10005364:	7823      	ldrb	r3, [r4, #0]
10005366:	3b0d      	subs	r3, #13
10005368:	425a      	negs	r2, r3
1000536a:	4153      	adcs	r3, r2
1000536c:	753b      	strb	r3, [r7, #20]
1000536e:	bc80      	pop	{r7}
10005370:	46b8      	mov	r8, r7
10005372:	bdf0      	pop	{r4, r5, r6, r7, pc}
10005374:	4643      	mov	r3, r8
10005376:	18e0      	adds	r0, r4, r3
10005378:	19a4      	adds	r4, r4, r6
1000537a:	1af1      	subs	r1, r6, r3
1000537c:	3c01      	subs	r4, #1
1000537e:	683b      	ldr	r3, [r7, #0]
10005380:	4798      	blx	r3
10005382:	7823      	ldrb	r3, [r4, #0]
10005384:	3b0d      	subs	r3, #13
10005386:	425a      	negs	r2, r3
10005388:	4153      	adcs	r3, r2
1000538a:	753b      	strb	r3, [r7, #20]
1000538c:	e7ef      	b.n	1000536e <stdio_out_chars_crlf+0x46>
1000538e:	7d03      	ldrb	r3, [r0, #20]
10005390:	2b00      	cmp	r3, #0
10005392:	d1d7      	bne.n	10005344 <stdio_out_chars_crlf+0x1c>
10005394:	2102      	movs	r1, #2
10005396:	480f      	ldr	r0, [pc, #60]	@ (100053d4 <stdio_out_chars_crlf+0xac>)
10005398:	683b      	ldr	r3, [r7, #0]
1000539a:	4798      	blx	r3
1000539c:	2e01      	cmp	r6, #1
1000539e:	d0df      	beq.n	10005360 <stdio_out_chars_crlf+0x38>
100053a0:	2301      	movs	r3, #1
100053a2:	4698      	mov	r8, r3
100053a4:	e7d2      	b.n	1000534c <stdio_out_chars_crlf+0x24>
100053a6:	1e63      	subs	r3, r4, #1
100053a8:	5c5b      	ldrb	r3, [r3, r1]
100053aa:	2b0d      	cmp	r3, #13
100053ac:	d0d4      	beq.n	10005358 <stdio_out_chars_crlf+0x30>
100053ae:	4588      	cmp	r8, r1
100053b0:	da04      	bge.n	100053bc <stdio_out_chars_crlf+0x94>
100053b2:	4643      	mov	r3, r8
100053b4:	1ac9      	subs	r1, r1, r3
100053b6:	18e0      	adds	r0, r4, r3
100053b8:	683b      	ldr	r3, [r7, #0]
100053ba:	4798      	blx	r3
100053bc:	2102      	movs	r1, #2
100053be:	4805      	ldr	r0, [pc, #20]	@ (100053d4 <stdio_out_chars_crlf+0xac>)
100053c0:	683b      	ldr	r3, [r7, #0]
100053c2:	46a8      	mov	r8, r5
100053c4:	4798      	blx	r3
100053c6:	e7c7      	b.n	10005358 <stdio_out_chars_crlf+0x30>
100053c8:	6803      	ldr	r3, [r0, #0]
100053ca:	0011      	movs	r1, r2
100053cc:	0020      	movs	r0, r4
100053ce:	4798      	blx	r3
100053d0:	e7cd      	b.n	1000536e <stdio_out_chars_crlf+0x46>
100053d2:	46c0      	nop			@ (mov r8, r8)
100053d4:	100094a8 	.word	0x100094a8

100053d8 <stdio_put_string>:
100053d8:	b5f0      	push	{r4, r5, r6, r7, lr}
100053da:	4645      	mov	r5, r8
100053dc:	46de      	mov	lr, fp
100053de:	464e      	mov	r6, r9
100053e0:	4657      	mov	r7, sl
100053e2:	b5e0      	push	{r5, r6, r7, lr}
100053e4:	b083      	sub	sp, #12
100053e6:	4691      	mov	r9, r2
100053e8:	001c      	movs	r4, r3
100053ea:	4680      	mov	r8, r0
100053ec:	000d      	movs	r5, r1
100053ee:	f7fd f86d 	bl	100024cc <time_us_64>
100053f2:	2300      	movs	r3, #0
100053f4:	4a30      	ldr	r2, [pc, #192]	@ (100054b8 <stdio_put_string+0xe0>)
100053f6:	1812      	adds	r2, r2, r0
100053f8:	414b      	adcs	r3, r1
100053fa:	2b00      	cmp	r3, #0
100053fc:	da02      	bge.n	10005404 <stdio_put_string+0x2c>
100053fe:	2201      	movs	r2, #1
10005400:	4b2e      	ldr	r3, [pc, #184]	@ (100054bc <stdio_put_string+0xe4>)
10005402:	4252      	negs	r2, r2
10005404:	492e      	ldr	r1, [pc, #184]	@ (100054c0 <stdio_put_string+0xe8>)
10005406:	0008      	movs	r0, r1
10005408:	468a      	mov	sl, r1
1000540a:	f003 fa71 	bl	100088f0 <__mutex_try_enter_block_until_veneer>
1000540e:	0007      	movs	r7, r0
10005410:	1c6b      	adds	r3, r5, #1
10005412:	d103      	bne.n	1000541c <stdio_put_string+0x44>
10005414:	4640      	mov	r0, r8
10005416:	f001 ff63 	bl	100072e0 <strlen>
1000541a:	0005      	movs	r5, r0
1000541c:	2c00      	cmp	r4, #0
1000541e:	d027      	beq.n	10005470 <stdio_put_string+0x98>
10005420:	4e28      	ldr	r6, [pc, #160]	@ (100054c4 <stdio_put_string+0xec>)
10005422:	4b29      	ldr	r3, [pc, #164]	@ (100054c8 <stdio_put_string+0xf0>)
10005424:	681c      	ldr	r4, [r3, #0]
10005426:	2c00      	cmp	r4, #0
10005428:	d018      	beq.n	1000545c <stdio_put_string+0x84>
1000542a:	464b      	mov	r3, r9
1000542c:	2b00      	cmp	r3, #0
1000542e:	d121      	bne.n	10005474 <stdio_put_string+0x9c>
10005430:	4b26      	ldr	r3, [pc, #152]	@ (100054cc <stdio_put_string+0xf4>)
10005432:	4699      	mov	r9, r3
10005434:	e002      	b.n	1000543c <stdio_put_string+0x64>
10005436:	6924      	ldr	r4, [r4, #16]
10005438:	2c00      	cmp	r4, #0
1000543a:	d00f      	beq.n	1000545c <stdio_put_string+0x84>
1000543c:	6823      	ldr	r3, [r4, #0]
1000543e:	2b00      	cmp	r3, #0
10005440:	d0f9      	beq.n	10005436 <stdio_put_string+0x5e>
10005442:	464b      	mov	r3, r9
10005444:	681b      	ldr	r3, [r3, #0]
10005446:	2b00      	cmp	r3, #0
10005448:	d001      	beq.n	1000544e <stdio_put_string+0x76>
1000544a:	429c      	cmp	r4, r3
1000544c:	d1f3      	bne.n	10005436 <stdio_put_string+0x5e>
1000544e:	0020      	movs	r0, r4
10005450:	002a      	movs	r2, r5
10005452:	4641      	mov	r1, r8
10005454:	47b0      	blx	r6
10005456:	6924      	ldr	r4, [r4, #16]
10005458:	2c00      	cmp	r4, #0
1000545a:	d1ef      	bne.n	1000543c <stdio_put_string+0x64>
1000545c:	2f00      	cmp	r7, #0
1000545e:	d126      	bne.n	100054ae <stdio_put_string+0xd6>
10005460:	0028      	movs	r0, r5
10005462:	b003      	add	sp, #12
10005464:	bcf0      	pop	{r4, r5, r6, r7}
10005466:	46bb      	mov	fp, r7
10005468:	46b2      	mov	sl, r6
1000546a:	46a9      	mov	r9, r5
1000546c:	46a0      	mov	r8, r4
1000546e:	bdf0      	pop	{r4, r5, r6, r7, pc}
10005470:	4e17      	ldr	r6, [pc, #92]	@ (100054d0 <stdio_put_string+0xf8>)
10005472:	e7d6      	b.n	10005422 <stdio_put_string+0x4a>
10005474:	4b15      	ldr	r3, [pc, #84]	@ (100054cc <stdio_put_string+0xf4>)
10005476:	4699      	mov	r9, r3
10005478:	230a      	movs	r3, #10
1000547a:	469b      	mov	fp, r3
1000547c:	e002      	b.n	10005484 <stdio_put_string+0xac>
1000547e:	6924      	ldr	r4, [r4, #16]
10005480:	2c00      	cmp	r4, #0
10005482:	d0eb      	beq.n	1000545c <stdio_put_string+0x84>
10005484:	6823      	ldr	r3, [r4, #0]
10005486:	2b00      	cmp	r3, #0
10005488:	d0f9      	beq.n	1000547e <stdio_put_string+0xa6>
1000548a:	464b      	mov	r3, r9
1000548c:	681b      	ldr	r3, [r3, #0]
1000548e:	2b00      	cmp	r3, #0
10005490:	d001      	beq.n	10005496 <stdio_put_string+0xbe>
10005492:	42a3      	cmp	r3, r4
10005494:	d1f3      	bne.n	1000547e <stdio_put_string+0xa6>
10005496:	002a      	movs	r2, r5
10005498:	4641      	mov	r1, r8
1000549a:	0020      	movs	r0, r4
1000549c:	47b0      	blx	r6
1000549e:	466b      	mov	r3, sp
100054a0:	465a      	mov	r2, fp
100054a2:	0020      	movs	r0, r4
100054a4:	71da      	strb	r2, [r3, #7]
100054a6:	1dd9      	adds	r1, r3, #7
100054a8:	2201      	movs	r2, #1
100054aa:	47b0      	blx	r6
100054ac:	e7e7      	b.n	1000547e <stdio_put_string+0xa6>
100054ae:	4650      	mov	r0, sl
100054b0:	f003 f9b6 	bl	10008820 <__mutex_exit_veneer>
100054b4:	e7d4      	b.n	10005460 <stdio_put_string+0x88>
100054b6:	46c0      	nop			@ (mov r8, r8)
100054b8:	000f4240 	.word	0x000f4240
100054bc:	7fffffff 	.word	0x7fffffff
100054c0:	20001974 	.word	0x20001974
100054c4:	10005329 	.word	0x10005329
100054c8:	2000256c 	.word	0x2000256c
100054cc:	20002570 	.word	0x20002570
100054d0:	10005319 	.word	0x10005319

100054d4 <__wrap_putchar>:
100054d4:	b5f0      	push	{r4, r5, r6, r7, lr}
100054d6:	46ce      	mov	lr, r9
100054d8:	4647      	mov	r7, r8
100054da:	b580      	push	{r7, lr}
100054dc:	b083      	sub	sp, #12
100054de:	466b      	mov	r3, sp
100054e0:	0006      	movs	r6, r0
100054e2:	1ddd      	adds	r5, r3, #7
100054e4:	7028      	strb	r0, [r5, #0]
100054e6:	f7fc fff1 	bl	100024cc <time_us_64>
100054ea:	2300      	movs	r3, #0
100054ec:	4a19      	ldr	r2, [pc, #100]	@ (10005554 <__wrap_putchar+0x80>)
100054ee:	1812      	adds	r2, r2, r0
100054f0:	414b      	adcs	r3, r1
100054f2:	2b00      	cmp	r3, #0
100054f4:	da02      	bge.n	100054fc <__wrap_putchar+0x28>
100054f6:	2201      	movs	r2, #1
100054f8:	4b17      	ldr	r3, [pc, #92]	@ (10005558 <__wrap_putchar+0x84>)
100054fa:	4252      	negs	r2, r2
100054fc:	4917      	ldr	r1, [pc, #92]	@ (1000555c <__wrap_putchar+0x88>)
100054fe:	0008      	movs	r0, r1
10005500:	4688      	mov	r8, r1
10005502:	f003 f9f5 	bl	100088f0 <__mutex_try_enter_block_until_veneer>
10005506:	4b16      	ldr	r3, [pc, #88]	@ (10005560 <__wrap_putchar+0x8c>)
10005508:	4681      	mov	r9, r0
1000550a:	681c      	ldr	r4, [r3, #0]
1000550c:	2c00      	cmp	r4, #0
1000550e:	d014      	beq.n	1000553a <__wrap_putchar+0x66>
10005510:	4f14      	ldr	r7, [pc, #80]	@ (10005564 <__wrap_putchar+0x90>)
10005512:	e002      	b.n	1000551a <__wrap_putchar+0x46>
10005514:	6924      	ldr	r4, [r4, #16]
10005516:	2c00      	cmp	r4, #0
10005518:	d00f      	beq.n	1000553a <__wrap_putchar+0x66>
1000551a:	6823      	ldr	r3, [r4, #0]
1000551c:	2b00      	cmp	r3, #0
1000551e:	d0f9      	beq.n	10005514 <__wrap_putchar+0x40>
10005520:	683b      	ldr	r3, [r7, #0]
10005522:	2b00      	cmp	r3, #0
10005524:	d001      	beq.n	1000552a <__wrap_putchar+0x56>
10005526:	429c      	cmp	r4, r3
10005528:	d1f4      	bne.n	10005514 <__wrap_putchar+0x40>
1000552a:	0020      	movs	r0, r4
1000552c:	2201      	movs	r2, #1
1000552e:	0029      	movs	r1, r5
10005530:	f7ff fefa 	bl	10005328 <stdio_out_chars_crlf>
10005534:	6924      	ldr	r4, [r4, #16]
10005536:	2c00      	cmp	r4, #0
10005538:	d1ef      	bne.n	1000551a <__wrap_putchar+0x46>
1000553a:	464b      	mov	r3, r9
1000553c:	2b00      	cmp	r3, #0
1000553e:	d105      	bne.n	1000554c <__wrap_putchar+0x78>
10005540:	0030      	movs	r0, r6
10005542:	b003      	add	sp, #12
10005544:	bcc0      	pop	{r6, r7}
10005546:	46b9      	mov	r9, r7
10005548:	46b0      	mov	r8, r6
1000554a:	bdf0      	pop	{r4, r5, r6, r7, pc}
1000554c:	4640      	mov	r0, r8
1000554e:	f003 f967 	bl	10008820 <__mutex_exit_veneer>
10005552:	e7f5      	b.n	10005540 <__wrap_putchar+0x6c>
10005554:	000f4240 	.word	0x000f4240
10005558:	7fffffff 	.word	0x7fffffff
1000555c:	20001974 	.word	0x20001974
10005560:	2000256c 	.word	0x2000256c
10005564:	20002570 	.word	0x20002570

10005568 <__wrap_puts>:
10005568:	b570      	push	{r4, r5, r6, lr}
1000556a:	0004      	movs	r4, r0
1000556c:	f001 feb8 	bl	100072e0 <strlen>
10005570:	2301      	movs	r3, #1
10005572:	0001      	movs	r1, r0
10005574:	0005      	movs	r5, r0
10005576:	2201      	movs	r2, #1
10005578:	0020      	movs	r0, r4
1000557a:	f7ff ff2d 	bl	100053d8 <stdio_put_string>
1000557e:	4b08      	ldr	r3, [pc, #32]	@ (100055a0 <__wrap_puts+0x38>)
10005580:	681c      	ldr	r4, [r3, #0]
10005582:	2c00      	cmp	r4, #0
10005584:	d006      	beq.n	10005594 <__wrap_puts+0x2c>
10005586:	6863      	ldr	r3, [r4, #4]
10005588:	2b00      	cmp	r3, #0
1000558a:	d005      	beq.n	10005598 <__wrap_puts+0x30>
1000558c:	4798      	blx	r3
1000558e:	6924      	ldr	r4, [r4, #16]
10005590:	2c00      	cmp	r4, #0
10005592:	d1f8      	bne.n	10005586 <__wrap_puts+0x1e>
10005594:	0028      	movs	r0, r5
10005596:	bd70      	pop	{r4, r5, r6, pc}
10005598:	6924      	ldr	r4, [r4, #16]
1000559a:	2c00      	cmp	r4, #0
1000559c:	d1f3      	bne.n	10005586 <__wrap_puts+0x1e>
1000559e:	e7f9      	b.n	10005594 <__wrap_puts+0x2c>
100055a0:	2000256c 	.word	0x2000256c

100055a4 <i2c_write_blocking_internal.constprop.0>:
100055a4:	b5f0      	push	{r4, r5, r6, r7, lr}
100055a6:	46de      	mov	lr, fp
100055a8:	4657      	mov	r7, sl
100055aa:	464e      	mov	r6, r9
100055ac:	4645      	mov	r5, r8
100055ae:	4690      	mov	r8, r2
100055b0:	2200      	movs	r2, #0
100055b2:	b5e0      	push	{r5, r6, r7, lr}
100055b4:	b085      	sub	sp, #20
100055b6:	001e      	movs	r6, r3
100055b8:	ab0e      	add	r3, sp, #56	@ 0x38
100055ba:	781b      	ldrb	r3, [r3, #0]
100055bc:	0007      	movs	r7, r0
100055be:	469b      	mov	fp, r3
100055c0:	6803      	ldr	r3, [r0, #0]
100055c2:	66da      	str	r2, [r3, #108]	@ 0x6c
100055c4:	3201      	adds	r2, #1
100055c6:	6059      	str	r1, [r3, #4]
100055c8:	66da      	str	r2, [r3, #108]	@ 0x6c
100055ca:	2e00      	cmp	r6, #0
100055cc:	dd60      	ble.n	10005690 <i2c_write_blocking_internal.constprop.0+0xec>
100055ce:	7902      	ldrb	r2, [r0, #4]
100055d0:	4659      	mov	r1, fp
100055d2:	0292      	lsls	r2, r2, #10
100055d4:	4692      	mov	sl, r2
100055d6:	2201      	movs	r2, #1
100055d8:	404a      	eors	r2, r1
100055da:	0252      	lsls	r2, r2, #9
100055dc:	4694      	mov	ip, r2
100055de:	2280      	movs	r2, #128	@ 0x80
100055e0:	4691      	mov	r9, r2
100055e2:	465a      	mov	r2, fp
100055e4:	2480      	movs	r4, #128	@ 0x80
100055e6:	9203      	str	r2, [sp, #12]
100055e8:	4662      	mov	r2, ip
100055ea:	46bb      	mov	fp, r7
100055ec:	2000      	movs	r0, #0
100055ee:	2110      	movs	r1, #16
100055f0:	4647      	mov	r7, r8
100055f2:	46b4      	mov	ip, r6
100055f4:	1e75      	subs	r5, r6, #1
100055f6:	00a4      	lsls	r4, r4, #2
100055f8:	9201      	str	r2, [sp, #4]
100055fa:	1b42      	subs	r2, r0, r5
100055fc:	0016      	movs	r6, r2
100055fe:	4272      	negs	r2, r6
10005600:	4172      	adcs	r2, r6
10005602:	9e01      	ldr	r6, [sp, #4]
10005604:	4252      	negs	r2, r2
10005606:	4016      	ands	r6, r2
10005608:	9602      	str	r6, [sp, #8]
1000560a:	5c3e      	ldrb	r6, [r7, r0]
1000560c:	46b0      	mov	r8, r6
1000560e:	4656      	mov	r6, sl
10005610:	4642      	mov	r2, r8
10005612:	4316      	orrs	r6, r2
10005614:	0032      	movs	r2, r6
10005616:	9e02      	ldr	r6, [sp, #8]
10005618:	4316      	orrs	r6, r2
1000561a:	611e      	str	r6, [r3, #16]
1000561c:	9e01      	ldr	r6, [sp, #4]
1000561e:	6b5a      	ldr	r2, [r3, #52]	@ 0x34
10005620:	4211      	tst	r1, r2
10005622:	d0fc      	beq.n	1000561e <i2c_write_blocking_internal.constprop.0+0x7a>
10005624:	464a      	mov	r2, r9
10005626:	589a      	ldr	r2, [r3, r2]
10005628:	9601      	str	r6, [sp, #4]
1000562a:	4692      	mov	sl, r2
1000562c:	2a00      	cmp	r2, #0
1000562e:	d10a      	bne.n	10005646 <i2c_write_blocking_internal.constprop.0+0xa2>
10005630:	42a8      	cmp	r0, r5
10005632:	d028      	beq.n	10005686 <i2c_write_blocking_internal.constprop.0+0xe2>
10005634:	2200      	movs	r2, #0
10005636:	3001      	adds	r0, #1
10005638:	4692      	mov	sl, r2
1000563a:	4584      	cmp	ip, r0
1000563c:	d1dd      	bne.n	100055fa <i2c_write_blocking_internal.constprop.0+0x56>
1000563e:	9b03      	ldr	r3, [sp, #12]
10005640:	465f      	mov	r7, fp
10005642:	469b      	mov	fp, r3
10005644:	e016      	b.n	10005674 <i2c_write_blocking_internal.constprop.0+0xd0>
10005646:	6d5a      	ldr	r2, [r3, #84]	@ 0x54
10005648:	2201      	movs	r2, #1
1000564a:	4690      	mov	r8, r2
1000564c:	6b5a      	ldr	r2, [r3, #52]	@ 0x34
1000564e:	4222      	tst	r2, r4
10005650:	d0fc      	beq.n	1000564c <i2c_write_blocking_internal.constprop.0+0xa8>
10005652:	6e1a      	ldr	r2, [r3, #96]	@ 0x60
10005654:	4642      	mov	r2, r8
10005656:	9601      	str	r6, [sp, #4]
10005658:	2a00      	cmp	r2, #0
1000565a:	d0eb      	beq.n	10005634 <i2c_write_blocking_internal.constprop.0+0x90>
1000565c:	9b03      	ldr	r3, [sp, #12]
1000565e:	465f      	mov	r7, fp
10005660:	469b      	mov	fp, r3
10005662:	4653      	mov	r3, sl
10005664:	2b00      	cmp	r3, #0
10005666:	d015      	beq.n	10005694 <i2c_write_blocking_internal.constprop.0+0xf0>
10005668:	4653      	mov	r3, sl
1000566a:	07db      	lsls	r3, r3, #31
1000566c:	d412      	bmi.n	10005694 <i2c_write_blocking_internal.constprop.0+0xf0>
1000566e:	4653      	mov	r3, sl
10005670:	071b      	lsls	r3, r3, #28
10005672:	d50f      	bpl.n	10005694 <i2c_write_blocking_internal.constprop.0+0xf0>
10005674:	465b      	mov	r3, fp
10005676:	713b      	strb	r3, [r7, #4]
10005678:	b005      	add	sp, #20
1000567a:	bcf0      	pop	{r4, r5, r6, r7}
1000567c:	46bb      	mov	fp, r7
1000567e:	46b2      	mov	sl, r6
10005680:	46a9      	mov	r9, r5
10005682:	46a0      	mov	r8, r4
10005684:	bdf0      	pop	{r4, r5, r6, r7, pc}
10005686:	9a03      	ldr	r2, [sp, #12]
10005688:	2a00      	cmp	r2, #0
1000568a:	d1d3      	bne.n	10005634 <i2c_write_blocking_internal.constprop.0+0x90>
1000568c:	4690      	mov	r8, r2
1000568e:	e7dd      	b.n	1000564c <i2c_write_blocking_internal.constprop.0+0xa8>
10005690:	2000      	movs	r0, #0
10005692:	e7ef      	b.n	10005674 <i2c_write_blocking_internal.constprop.0+0xd0>
10005694:	2001      	movs	r0, #1
10005696:	4240      	negs	r0, r0
10005698:	e7ec      	b.n	10005674 <i2c_write_blocking_internal.constprop.0+0xd0>
1000569a:	46c0      	nop			@ (mov r8, r8)

1000569c <i2c_set_baudrate>:
1000569c:	b5f8      	push	{r3, r4, r5, r6, r7, lr}
1000569e:	46de      	mov	lr, fp
100056a0:	4657      	mov	r7, sl
100056a2:	464e      	mov	r6, r9
100056a4:	4645      	mov	r5, r8
100056a6:	4683      	mov	fp, r0
100056a8:	b5e0      	push	{r5, r6, r7, lr}
100056aa:	2005      	movs	r0, #5
100056ac:	000c      	movs	r4, r1
100056ae:	f7fd f897 	bl	100027e0 <clock_get_hz>
100056b2:	0006      	movs	r6, r0
100056b4:	0860      	lsrs	r0, r4, #1
100056b6:	0021      	movs	r1, r4
100056b8:	1980      	adds	r0, r0, r6
100056ba:	f7fd fa8b 	bl	10002bd4 <__wrap___aeabi_uidiv>
100056be:	0043      	lsls	r3, r0, #1
100056c0:	4698      	mov	r8, r3
100056c2:	4480      	add	r8, r0
100056c4:	0007      	movs	r7, r0
100056c6:	2105      	movs	r1, #5
100056c8:	4640      	mov	r0, r8
100056ca:	f7fd fa83 	bl	10002bd4 <__wrap___aeabi_uidiv>
100056ce:	1a3b      	subs	r3, r7, r0
100056d0:	469a      	mov	sl, r3
100056d2:	4b1e      	ldr	r3, [pc, #120]	@ (1000574c <i2c_set_baudrate+0xb0>)
100056d4:	4681      	mov	r9, r0
100056d6:	0070      	lsls	r0, r6, #1
100056d8:	1980      	adds	r0, r0, r6
100056da:	429c      	cmp	r4, r3
100056dc:	d831      	bhi.n	10005742 <i2c_set_baudrate+0xa6>
100056de:	491c      	ldr	r1, [pc, #112]	@ (10005750 <i2c_set_baudrate+0xb4>)
100056e0:	f7fd fa78 	bl	10002bd4 <__wrap___aeabi_uidiv>
100056e4:	1c45      	adds	r5, r0, #1
100056e6:	465b      	mov	r3, fp
100056e8:	681c      	ldr	r4, [r3, #0]
100056ea:	2300      	movs	r3, #0
100056ec:	66e3      	str	r3, [r4, #108]	@ 0x6c
100056ee:	6822      	ldr	r2, [r4, #0]
100056f0:	3304      	adds	r3, #4
100056f2:	405a      	eors	r2, r3
100056f4:	3302      	adds	r3, #2
100056f6:	4013      	ands	r3, r2
100056f8:	2280      	movs	r2, #128	@ 0x80
100056fa:	0152      	lsls	r2, r2, #5
100056fc:	18a2      	adds	r2, r4, r2
100056fe:	6013      	str	r3, [r2, #0]
10005700:	4653      	mov	r3, sl
10005702:	61e3      	str	r3, [r4, #28]
10005704:	464b      	mov	r3, r9
10005706:	6223      	str	r3, [r4, #32]
10005708:	4643      	mov	r3, r8
1000570a:	2001      	movs	r0, #1
1000570c:	2b4f      	cmp	r3, #79	@ 0x4f
1000570e:	d903      	bls.n	10005718 <i2c_set_baudrate+0x7c>
10005710:	2150      	movs	r1, #80	@ 0x50
10005712:	4640      	mov	r0, r8
10005714:	f7fd fa5e 	bl	10002bd4 <__wrap___aeabi_uidiv>
10005718:	23a0      	movs	r3, #160	@ 0xa0
1000571a:	50e0      	str	r0, [r4, r3]
1000571c:	6fe3      	ldr	r3, [r4, #124]	@ 0x7c
1000571e:	0039      	movs	r1, r7
10005720:	405d      	eors	r5, r3
10005722:	4b0c      	ldr	r3, [pc, #48]	@ (10005754 <i2c_set_baudrate+0xb8>)
10005724:	042d      	lsls	r5, r5, #16
10005726:	0c2d      	lsrs	r5, r5, #16
10005728:	18e3      	adds	r3, r4, r3
1000572a:	601d      	str	r5, [r3, #0]
1000572c:	2301      	movs	r3, #1
1000572e:	0030      	movs	r0, r6
10005730:	66e3      	str	r3, [r4, #108]	@ 0x6c
10005732:	f7fd fa4f 	bl	10002bd4 <__wrap___aeabi_uidiv>
10005736:	bcf0      	pop	{r4, r5, r6, r7}
10005738:	46bb      	mov	fp, r7
1000573a:	46b2      	mov	sl, r6
1000573c:	46a9      	mov	r9, r5
1000573e:	46a0      	mov	r8, r4
10005740:	bdf8      	pop	{r3, r4, r5, r6, r7, pc}
10005742:	4905      	ldr	r1, [pc, #20]	@ (10005758 <i2c_set_baudrate+0xbc>)
10005744:	f7fd fa46 	bl	10002bd4 <__wrap___aeabi_uidiv>
10005748:	1c45      	adds	r5, r0, #1
1000574a:	e7cc      	b.n	100056e6 <i2c_set_baudrate+0x4a>
1000574c:	000f423f 	.word	0x000f423f
10005750:	00989680 	.word	0x00989680
10005754:	0000107c 	.word	0x0000107c
10005758:	017d7840 	.word	0x017d7840

1000575c <i2c_init>:
1000575c:	4a0f      	ldr	r2, [pc, #60]	@ (1000579c <i2c_init+0x40>)
1000575e:	b570      	push	{r4, r5, r6, lr}
10005760:	1a82      	subs	r2, r0, r2
10005762:	1e53      	subs	r3, r2, #1
10005764:	419a      	sbcs	r2, r3
10005766:	4b0e      	ldr	r3, [pc, #56]	@ (100057a0 <i2c_init+0x44>)
10005768:	00d2      	lsls	r2, r2, #3
1000576a:	3208      	adds	r2, #8
1000576c:	601a      	str	r2, [r3, #0]
1000576e:	4b0d      	ldr	r3, [pc, #52]	@ (100057a4 <i2c_init+0x48>)
10005770:	4c0d      	ldr	r4, [pc, #52]	@ (100057a8 <i2c_init+0x4c>)
10005772:	601a      	str	r2, [r3, #0]
10005774:	0015      	movs	r5, r2
10005776:	6823      	ldr	r3, [r4, #0]
10005778:	439d      	bics	r5, r3
1000577a:	1e2b      	subs	r3, r5, #0
1000577c:	d1fa      	bne.n	10005774 <i2c_init+0x18>
1000577e:	2466      	movs	r4, #102	@ 0x66
10005780:	6802      	ldr	r2, [r0, #0]
10005782:	34ff      	adds	r4, #255	@ 0xff
10005784:	7105      	strb	r5, [r0, #4]
10005786:	66d5      	str	r5, [r2, #108]	@ 0x6c
10005788:	6014      	str	r4, [r2, #0]
1000578a:	3c63      	subs	r4, #99	@ 0x63
1000578c:	3388      	adds	r3, #136	@ 0x88
1000578e:	3cff      	subs	r4, #255	@ 0xff
10005790:	63d5      	str	r5, [r2, #60]	@ 0x3c
10005792:	6395      	str	r5, [r2, #56]	@ 0x38
10005794:	50d4      	str	r4, [r2, r3]
10005796:	f7ff ff81 	bl	1000569c <i2c_set_baudrate>
1000579a:	bd70      	pop	{r4, r5, r6, pc}
1000579c:	20001400 	.word	0x20001400
100057a0:	4000e000 	.word	0x4000e000
100057a4:	4000f000 	.word	0x4000f000
100057a8:	4000c008 	.word	0x4000c008

100057ac <i2c_write_blocking>:
100057ac:	b510      	push	{r4, lr}
100057ae:	b082      	sub	sp, #8
100057b0:	466c      	mov	r4, sp
100057b2:	7c24      	ldrb	r4, [r4, #16]
100057b4:	9400      	str	r4, [sp, #0]
100057b6:	f7ff fef5 	bl	100055a4 <i2c_write_blocking_internal.constprop.0>
100057ba:	b002      	add	sp, #8
100057bc:	bd10      	pop	{r4, pc}
100057be:	46c0      	nop			@ (mov r8, r8)

100057c0 <spi_init>:
100057c0:	b5f0      	push	{r4, r5, r6, r7, lr}
100057c2:	464e      	mov	r6, r9
100057c4:	4681      	mov	r9, r0
100057c6:	4a47      	ldr	r2, [pc, #284]	@ (100058e4 <spi_init+0x124>)
100057c8:	46de      	mov	lr, fp
100057ca:	444a      	add	r2, r9
100057cc:	1e53      	subs	r3, r2, #1
100057ce:	419a      	sbcs	r2, r3
100057d0:	2380      	movs	r3, #128	@ 0x80
100057d2:	4657      	mov	r7, sl
100057d4:	4645      	mov	r5, r8
100057d6:	025b      	lsls	r3, r3, #9
100057d8:	469c      	mov	ip, r3
100057da:	b5e0      	push	{r5, r6, r7, lr}
100057dc:	4b42      	ldr	r3, [pc, #264]	@ (100058e8 <spi_init+0x128>)
100057de:	0412      	lsls	r2, r2, #16
100057e0:	4462      	add	r2, ip
100057e2:	b085      	sub	sp, #20
100057e4:	601a      	str	r2, [r3, #0]
100057e6:	4b41      	ldr	r3, [pc, #260]	@ (100058ec <spi_init+0x12c>)
100057e8:	000c      	movs	r4, r1
100057ea:	4941      	ldr	r1, [pc, #260]	@ (100058f0 <spi_init+0x130>)
100057ec:	601a      	str	r2, [r3, #0]
100057ee:	0010      	movs	r0, r2
100057f0:	680b      	ldr	r3, [r1, #0]
100057f2:	4398      	bics	r0, r3
100057f4:	d1fb      	bne.n	100057ee <spi_init+0x2e>
100057f6:	4680      	mov	r8, r0
100057f8:	2006      	movs	r0, #6
100057fa:	f7fc fff1 	bl	100027e0 <clock_get_hz>
100057fe:	464b      	mov	r3, r9
10005800:	685a      	ldr	r2, [r3, #4]
10005802:	2302      	movs	r3, #2
10005804:	401a      	ands	r2, r3
10005806:	9201      	str	r2, [sp, #4]
10005808:	464a      	mov	r2, r9
1000580a:	9000      	str	r0, [sp, #0]
1000580c:	2080      	movs	r0, #128	@ 0x80
1000580e:	3204      	adds	r2, #4
10005810:	9202      	str	r2, [sp, #8]
10005812:	4a38      	ldr	r2, [pc, #224]	@ (100058f4 <spi_init+0x134>)
10005814:	0de7      	lsrs	r7, r4, #23
10005816:	444a      	add	r2, r9
10005818:	0266      	lsls	r6, r4, #9
1000581a:	6013      	str	r3, [r2, #0]
1000581c:	4693      	mov	fp, r2
1000581e:	003b      	movs	r3, r7
10005820:	0032      	movs	r2, r6
10005822:	2502      	movs	r5, #2
10005824:	0040      	lsls	r0, r0, #1
10005826:	e007      	b.n	10005838 <spi_init+0x78>
10005828:	9900      	ldr	r1, [sp, #0]
1000582a:	4291      	cmp	r1, r2
1000582c:	d306      	bcc.n	1000583c <spi_init+0x7c>
1000582e:	3502      	adds	r5, #2
10005830:	1992      	adds	r2, r2, r6
10005832:	417b      	adcs	r3, r7
10005834:	4285      	cmp	r5, r0
10005836:	d001      	beq.n	1000583c <spi_init+0x7c>
10005838:	2b00      	cmp	r3, #0
1000583a:	d0f5      	beq.n	10005828 <spi_init+0x68>
1000583c:	4643      	mov	r3, r8
1000583e:	2680      	movs	r6, #128	@ 0x80
10005840:	9303      	str	r3, [sp, #12]
10005842:	9b00      	ldr	r3, [sp, #0]
10005844:	022f      	lsls	r7, r5, #8
10005846:	46aa      	mov	sl, r5
10005848:	4698      	mov	r8, r3
1000584a:	1b7f      	subs	r7, r7, r5
1000584c:	0076      	lsls	r6, r6, #1
1000584e:	e003      	b.n	10005858 <spi_init+0x98>
10005850:	4653      	mov	r3, sl
10005852:	1aff      	subs	r7, r7, r3
10005854:	2e01      	cmp	r6, #1
10005856:	d03f      	beq.n	100058d8 <spi_init+0x118>
10005858:	0039      	movs	r1, r7
1000585a:	4640      	mov	r0, r8
1000585c:	0035      	movs	r5, r6
1000585e:	3e01      	subs	r6, #1
10005860:	f7fd f9b8 	bl	10002bd4 <__wrap___aeabi_uidiv>
10005864:	4284      	cmp	r4, r0
10005866:	d2f3      	bcs.n	10005850 <spi_init+0x90>
10005868:	002b      	movs	r3, r5
1000586a:	4655      	mov	r5, sl
1000586c:	469a      	mov	sl, r3
1000586e:	4650      	mov	r0, sl
10005870:	0233      	lsls	r3, r6, #8
10005872:	4698      	mov	r8, r3
10005874:	4368      	muls	r0, r5
10005876:	464b      	mov	r3, r9
10005878:	4642      	mov	r2, r8
1000587a:	611d      	str	r5, [r3, #16]
1000587c:	681b      	ldr	r3, [r3, #0]
1000587e:	2680      	movs	r6, #128	@ 0x80
10005880:	4053      	eors	r3, r2
10005882:	22ff      	movs	r2, #255	@ 0xff
10005884:	0176      	lsls	r6, r6, #5
10005886:	0212      	lsls	r2, r2, #8
10005888:	4013      	ands	r3, r2
1000588a:	444e      	add	r6, r9
1000588c:	6033      	str	r3, [r6, #0]
1000588e:	2380      	movs	r3, #128	@ 0x80
10005890:	019b      	lsls	r3, r3, #6
10005892:	469c      	mov	ip, r3
10005894:	9a02      	ldr	r2, [sp, #8]
10005896:	9b01      	ldr	r3, [sp, #4]
10005898:	4462      	add	r2, ip
1000589a:	6013      	str	r3, [r2, #0]
1000589c:	2102      	movs	r1, #2
1000589e:	465c      	mov	r4, fp
100058a0:	464b      	mov	r3, r9
100058a2:	685b      	ldr	r3, [r3, #4]
100058a4:	6021      	str	r1, [r4, #0]
100058a6:	464c      	mov	r4, r9
100058a8:	6827      	ldr	r7, [r4, #0]
100058aa:	2407      	movs	r4, #7
100058ac:	4067      	eors	r7, r4
100058ae:	34c8      	adds	r4, #200	@ 0xc8
100058b0:	403c      	ands	r4, r7
100058b2:	6034      	str	r4, [r6, #0]
100058b4:	2403      	movs	r4, #3
100058b6:	400b      	ands	r3, r1
100058b8:	6013      	str	r3, [r2, #0]
100058ba:	4b0f      	ldr	r3, [pc, #60]	@ (100058f8 <spi_init+0x138>)
100058bc:	444b      	add	r3, r9
100058be:	601c      	str	r4, [r3, #0]
100058c0:	6011      	str	r1, [r2, #0]
100058c2:	0001      	movs	r1, r0
100058c4:	9800      	ldr	r0, [sp, #0]
100058c6:	f7fd f985 	bl	10002bd4 <__wrap___aeabi_uidiv>
100058ca:	b005      	add	sp, #20
100058cc:	bcf0      	pop	{r4, r5, r6, r7}
100058ce:	46bb      	mov	fp, r7
100058d0:	46b2      	mov	sl, r6
100058d2:	46a9      	mov	r9, r5
100058d4:	46a0      	mov	r8, r4
100058d6:	bdf0      	pop	{r4, r5, r6, r7, pc}
100058d8:	4655      	mov	r5, sl
100058da:	9b03      	ldr	r3, [sp, #12]
100058dc:	0028      	movs	r0, r5
100058de:	4698      	mov	r8, r3
100058e0:	e7c9      	b.n	10005876 <spi_init+0xb6>
100058e2:	46c0      	nop			@ (mov r8, r8)
100058e4:	bffc4000 	.word	0xbffc4000
100058e8:	4000e000 	.word	0x4000e000
100058ec:	4000f000 	.word	0x4000f000
100058f0:	4000c008 	.word	0x4000c008
100058f4:	00003004 	.word	0x00003004
100058f8:	00002024 	.word	0x00002024

100058fc <_ZNSt7__cxx1112basic_stringIcSt11char_traitsIcESaIcEE9_M_createERjj>:
100058fc:	b510      	push	{r4, lr}
100058fe:	2480      	movs	r4, #128	@ 0x80
10005900:	680b      	ldr	r3, [r1, #0]
10005902:	05e4      	lsls	r4, r4, #23
10005904:	42a3      	cmp	r3, r4
10005906:	d210      	bcs.n	1000592a <_ZNSt7__cxx1112basic_stringIcSt11char_traitsIcESaIcEE9_M_createERjj+0x2e>
10005908:	1c58      	adds	r0, r3, #1
1000590a:	4293      	cmp	r3, r2
1000590c:	d907      	bls.n	1000591e <_ZNSt7__cxx1112basic_stringIcSt11char_traitsIcESaIcEE9_M_createERjj+0x22>
1000590e:	0052      	lsls	r2, r2, #1
10005910:	4293      	cmp	r3, r2
10005912:	d204      	bcs.n	1000591e <_ZNSt7__cxx1112basic_stringIcSt11char_traitsIcESaIcEE9_M_createERjj+0x22>
10005914:	42a2      	cmp	r2, r4
10005916:	d305      	bcc.n	10005924 <_ZNSt7__cxx1112basic_stringIcSt11char_traitsIcESaIcEE9_M_createERjj+0x28>
10005918:	0020      	movs	r0, r4
1000591a:	4b05      	ldr	r3, [pc, #20]	@ (10005930 <_ZNSt7__cxx1112basic_stringIcSt11char_traitsIcESaIcEE9_M_createERjj+0x34>)
1000591c:	600b      	str	r3, [r1, #0]
1000591e:	f7fe f82b 	bl	10003978 <_Znwj>
10005922:	bd10      	pop	{r4, pc}
10005924:	600a      	str	r2, [r1, #0]
10005926:	1c50      	adds	r0, r2, #1
10005928:	e7f9      	b.n	1000591e <_ZNSt7__cxx1112basic_stringIcSt11char_traitsIcESaIcEE9_M_createERjj+0x22>
1000592a:	4802      	ldr	r0, [pc, #8]	@ (10005934 <_ZNSt7__cxx1112basic_stringIcSt11char_traitsIcESaIcEE9_M_createERjj+0x38>)
1000592c:	f000 ffa2 	bl	10006874 <_ZSt20__throw_length_errorPKc>
10005930:	3fffffff 	.word	0x3fffffff
10005934:	10008a64 	.word	0x10008a64

10005938 <_ZNSt7__cxx1112basic_stringIcSt11char_traitsIcESaIcEE10_M_disposeEv>:
10005938:	0003      	movs	r3, r0
1000593a:	6800      	ldr	r0, [r0, #0]
1000593c:	3308      	adds	r3, #8
1000593e:	b510      	push	{r4, lr}
10005940:	4298      	cmp	r0, r3
10005942:	d001      	beq.n	10005948 <_ZNSt7__cxx1112basic_stringIcSt11char_traitsIcESaIcEE10_M_disposeEv+0x10>
10005944:	f7fe f81c 	bl	10003980 <_ZdlPv>
10005948:	bd10      	pop	{r4, pc}
1000594a:	46c0      	nop			@ (mov r8, r8)

1000594c <_ZNSt7__cxx1112basic_stringIcSt11char_traitsIcESaIcEE9_M_mutateEjjPKcj>:
1000594c:	b5f0      	push	{r4, r5, r6, r7, lr}
1000594e:	464f      	mov	r7, r9
10005950:	4646      	mov	r6, r8
10005952:	46de      	mov	lr, fp
10005954:	b5c0      	push	{r6, r7, lr}
10005956:	001f      	movs	r7, r3
10005958:	6843      	ldr	r3, [r0, #4]
1000595a:	000e      	movs	r6, r1
1000595c:	1889      	adds	r1, r1, r2
1000595e:	b082      	sub	sp, #8
10005960:	4689      	mov	r9, r1
10005962:	1a59      	subs	r1, r3, r1
10005964:	4688      	mov	r8, r1
10005966:	990a      	ldr	r1, [sp, #40]	@ 0x28
10005968:	0004      	movs	r4, r0
1000596a:	1a8a      	subs	r2, r1, r2
1000596c:	18d2      	adds	r2, r2, r3
1000596e:	2308      	movs	r3, #8
10005970:	469b      	mov	fp, r3
10005972:	6803      	ldr	r3, [r0, #0]
10005974:	4483      	add	fp, r0
10005976:	9201      	str	r2, [sp, #4]
10005978:	459b      	cmp	fp, r3
1000597a:	d03b      	beq.n	100059f4 <_ZNSt7__cxx1112basic_stringIcSt11char_traitsIcESaIcEE9_M_mutateEjjPKcj+0xa8>
1000597c:	6882      	ldr	r2, [r0, #8]
1000597e:	0020      	movs	r0, r4
10005980:	a901      	add	r1, sp, #4
10005982:	f7ff ffbb 	bl	100058fc <_ZNSt7__cxx1112basic_stringIcSt11char_traitsIcESaIcEE9_M_createERjj>
10005986:	0005      	movs	r5, r0
10005988:	2e00      	cmp	r6, #0
1000598a:	d005      	beq.n	10005998 <_ZNSt7__cxx1112basic_stringIcSt11char_traitsIcESaIcEE9_M_mutateEjjPKcj+0x4c>
1000598c:	6821      	ldr	r1, [r4, #0]
1000598e:	2e01      	cmp	r6, #1
10005990:	d02d      	beq.n	100059ee <_ZNSt7__cxx1112basic_stringIcSt11char_traitsIcESaIcEE9_M_mutateEjjPKcj+0xa2>
10005992:	0032      	movs	r2, r6
10005994:	f7fd ffea 	bl	1000396c <__wrap___aeabi_memcpy>
10005998:	2f00      	cmp	r7, #0
1000599a:	d009      	beq.n	100059b0 <_ZNSt7__cxx1112basic_stringIcSt11char_traitsIcESaIcEE9_M_mutateEjjPKcj+0x64>
1000599c:	9b0a      	ldr	r3, [sp, #40]	@ 0x28
1000599e:	2b00      	cmp	r3, #0
100059a0:	d006      	beq.n	100059b0 <_ZNSt7__cxx1112basic_stringIcSt11char_traitsIcESaIcEE9_M_mutateEjjPKcj+0x64>
100059a2:	19a8      	adds	r0, r5, r6
100059a4:	2b01      	cmp	r3, #1
100059a6:	d027      	beq.n	100059f8 <_ZNSt7__cxx1112basic_stringIcSt11char_traitsIcESaIcEE9_M_mutateEjjPKcj+0xac>
100059a8:	0039      	movs	r1, r7
100059aa:	9a0a      	ldr	r2, [sp, #40]	@ 0x28
100059ac:	f7fd ffde 	bl	1000396c <__wrap___aeabi_memcpy>
100059b0:	4643      	mov	r3, r8
100059b2:	2b00      	cmp	r3, #0
100059b4:	d00a      	beq.n	100059cc <_ZNSt7__cxx1112basic_stringIcSt11char_traitsIcESaIcEE9_M_mutateEjjPKcj+0x80>
100059b6:	9b0a      	ldr	r3, [sp, #40]	@ 0x28
100059b8:	6821      	ldr	r1, [r4, #0]
100059ba:	18f0      	adds	r0, r6, r3
100059bc:	4643      	mov	r3, r8
100059be:	1828      	adds	r0, r5, r0
100059c0:	4449      	add	r1, r9
100059c2:	2b01      	cmp	r3, #1
100059c4:	d010      	beq.n	100059e8 <_ZNSt7__cxx1112basic_stringIcSt11char_traitsIcESaIcEE9_M_mutateEjjPKcj+0x9c>
100059c6:	4642      	mov	r2, r8
100059c8:	f7fd ffd0 	bl	1000396c <__wrap___aeabi_memcpy>
100059cc:	6820      	ldr	r0, [r4, #0]
100059ce:	4583      	cmp	fp, r0
100059d0:	d001      	beq.n	100059d6 <_ZNSt7__cxx1112basic_stringIcSt11char_traitsIcESaIcEE9_M_mutateEjjPKcj+0x8a>
100059d2:	f7fd ffd5 	bl	10003980 <_ZdlPv>
100059d6:	9b01      	ldr	r3, [sp, #4]
100059d8:	6025      	str	r5, [r4, #0]
100059da:	60a3      	str	r3, [r4, #8]
100059dc:	b002      	add	sp, #8
100059de:	bce0      	pop	{r5, r6, r7}
100059e0:	46bb      	mov	fp, r7
100059e2:	46b1      	mov	r9, r6
100059e4:	46a8      	mov	r8, r5
100059e6:	bdf0      	pop	{r4, r5, r6, r7, pc}
100059e8:	780b      	ldrb	r3, [r1, #0]
100059ea:	7003      	strb	r3, [r0, #0]
100059ec:	e7ee      	b.n	100059cc <_ZNSt7__cxx1112basic_stringIcSt11char_traitsIcESaIcEE9_M_mutateEjjPKcj+0x80>
100059ee:	780b      	ldrb	r3, [r1, #0]
100059f0:	7003      	strb	r3, [r0, #0]
100059f2:	e7d1      	b.n	10005998 <_ZNSt7__cxx1112basic_stringIcSt11char_traitsIcESaIcEE9_M_mutateEjjPKcj+0x4c>
100059f4:	220f      	movs	r2, #15
100059f6:	e7c2      	b.n	1000597e <_ZNSt7__cxx1112basic_stringIcSt11char_traitsIcESaIcEE9_M_mutateEjjPKcj+0x32>
100059f8:	783b      	ldrb	r3, [r7, #0]
100059fa:	7003      	strb	r3, [r0, #0]
100059fc:	e7d8      	b.n	100059b0 <_ZNSt7__cxx1112basic_stringIcSt11char_traitsIcESaIcEE9_M_mutateEjjPKcj+0x64>
100059fe:	46c0      	nop			@ (mov r8, r8)

10005a00 <_ZNSt7__cxx1112basic_stringIcSt11char_traitsIcESaIcEE7reserveEj>:
10005a00:	b570      	push	{r4, r5, r6, lr}
10005a02:	0006      	movs	r6, r0
10005a04:	6803      	ldr	r3, [r0, #0]
10005a06:	b082      	sub	sp, #8
10005a08:	3608      	adds	r6, #8
10005a0a:	0004      	movs	r4, r0
10005a0c:	9101      	str	r1, [sp, #4]
10005a0e:	429e      	cmp	r6, r3
10005a10:	d01f      	beq.n	10005a52 <_ZNSt7__cxx1112basic_stringIcSt11char_traitsIcESaIcEE7reserveEj+0x52>
10005a12:	6882      	ldr	r2, [r0, #8]
10005a14:	9b01      	ldr	r3, [sp, #4]
10005a16:	4293      	cmp	r3, r2
10005a18:	d801      	bhi.n	10005a1e <_ZNSt7__cxx1112basic_stringIcSt11char_traitsIcESaIcEE7reserveEj+0x1e>
10005a1a:	b002      	add	sp, #8
10005a1c:	bd70      	pop	{r4, r5, r6, pc}
10005a1e:	0020      	movs	r0, r4
10005a20:	a901      	add	r1, sp, #4
10005a22:	f7ff ff6b 	bl	100058fc <_ZNSt7__cxx1112basic_stringIcSt11char_traitsIcESaIcEE9_M_createERjj>
10005a26:	6863      	ldr	r3, [r4, #4]
10005a28:	0005      	movs	r5, r0
10005a2a:	1c5a      	adds	r2, r3, #1
10005a2c:	6820      	ldr	r0, [r4, #0]
10005a2e:	2b00      	cmp	r3, #0
10005a30:	d011      	beq.n	10005a56 <_ZNSt7__cxx1112basic_stringIcSt11char_traitsIcESaIcEE7reserveEj+0x56>
10005a32:	2a00      	cmp	r2, #0
10005a34:	d105      	bne.n	10005a42 <_ZNSt7__cxx1112basic_stringIcSt11char_traitsIcESaIcEE7reserveEj+0x42>
10005a36:	f7fd ffa3 	bl	10003980 <_ZdlPv>
10005a3a:	9b01      	ldr	r3, [sp, #4]
10005a3c:	6025      	str	r5, [r4, #0]
10005a3e:	60a3      	str	r3, [r4, #8]
10005a40:	e7eb      	b.n	10005a1a <_ZNSt7__cxx1112basic_stringIcSt11char_traitsIcESaIcEE7reserveEj+0x1a>
10005a42:	0001      	movs	r1, r0
10005a44:	0028      	movs	r0, r5
10005a46:	f7fd ff91 	bl	1000396c <__wrap___aeabi_memcpy>
10005a4a:	6820      	ldr	r0, [r4, #0]
10005a4c:	4286      	cmp	r6, r0
10005a4e:	d1f2      	bne.n	10005a36 <_ZNSt7__cxx1112basic_stringIcSt11char_traitsIcESaIcEE7reserveEj+0x36>
10005a50:	e7f3      	b.n	10005a3a <_ZNSt7__cxx1112basic_stringIcSt11char_traitsIcESaIcEE7reserveEj+0x3a>
10005a52:	220f      	movs	r2, #15
10005a54:	e7de      	b.n	10005a14 <_ZNSt7__cxx1112basic_stringIcSt11char_traitsIcESaIcEE7reserveEj+0x14>
10005a56:	7803      	ldrb	r3, [r0, #0]
10005a58:	702b      	strb	r3, [r5, #0]
10005a5a:	e7f6      	b.n	10005a4a <_ZNSt7__cxx1112basic_stringIcSt11char_traitsIcESaIcEE7reserveEj+0x4a>

10005a5c <_ZNSt7__cxx1112basic_stringIcSt11char_traitsIcESaIcEE15_M_replace_coldEPcjPKcjj>:
10005a5c:	b5f0      	push	{r4, r5, r6, r7, lr}
10005a5e:	46c6      	mov	lr, r8
10005a60:	b500      	push	{lr}
10005a62:	9f06      	ldr	r7, [sp, #24]
10005a64:	000e      	movs	r6, r1
10005a66:	4690      	mov	r8, r2
10005a68:	001c      	movs	r4, r3
10005a6a:	9d07      	ldr	r5, [sp, #28]
10005a6c:	2f00      	cmp	r7, #0
10005a6e:	d00b      	beq.n	10005a88 <_ZNSt7__cxx1112basic_stringIcSt11char_traitsIcESaIcEE15_M_replace_coldEPcjPKcjj+0x2c>
10005a70:	4297      	cmp	r7, r2
10005a72:	d853      	bhi.n	10005b1c <_ZNSt7__cxx1112basic_stringIcSt11char_traitsIcESaIcEE15_M_replace_coldEPcjPKcjj+0xc0>
10005a74:	2f01      	cmp	r7, #1
10005a76:	d102      	bne.n	10005a7e <_ZNSt7__cxx1112basic_stringIcSt11char_traitsIcESaIcEE15_M_replace_coldEPcjPKcjj+0x22>
10005a78:	781b      	ldrb	r3, [r3, #0]
10005a7a:	700b      	strb	r3, [r1, #0]
10005a7c:	e004      	b.n	10005a88 <_ZNSt7__cxx1112basic_stringIcSt11char_traitsIcESaIcEE15_M_replace_coldEPcjPKcjj+0x2c>
10005a7e:	003a      	movs	r2, r7
10005a80:	0019      	movs	r1, r3
10005a82:	0030      	movs	r0, r6
10005a84:	f001 fd8e 	bl	100075a4 <memmove>
10005a88:	2d00      	cmp	r5, #0
10005a8a:	d04a      	beq.n	10005b22 <_ZNSt7__cxx1112basic_stringIcSt11char_traitsIcESaIcEE15_M_replace_coldEPcjPKcjj+0xc6>
10005a8c:	4547      	cmp	r7, r8
10005a8e:	d048      	beq.n	10005b22 <_ZNSt7__cxx1112basic_stringIcSt11char_traitsIcESaIcEE15_M_replace_coldEPcjPKcjj+0xc6>
10005a90:	4643      	mov	r3, r8
10005a92:	19f0      	adds	r0, r6, r7
10005a94:	18f1      	adds	r1, r6, r3
10005a96:	2d01      	cmp	r5, #1
10005a98:	d102      	bne.n	10005aa0 <_ZNSt7__cxx1112basic_stringIcSt11char_traitsIcESaIcEE15_M_replace_coldEPcjPKcjj+0x44>
10005a9a:	780b      	ldrb	r3, [r1, #0]
10005a9c:	7003      	strb	r3, [r0, #0]
10005a9e:	e002      	b.n	10005aa6 <_ZNSt7__cxx1112basic_stringIcSt11char_traitsIcESaIcEE15_M_replace_coldEPcjPKcjj+0x4a>
10005aa0:	002a      	movs	r2, r5
10005aa2:	f001 fd7f 	bl	100075a4 <memmove>
10005aa6:	4547      	cmp	r7, r8
10005aa8:	d93b      	bls.n	10005b22 <_ZNSt7__cxx1112basic_stringIcSt11char_traitsIcESaIcEE15_M_replace_coldEPcjPKcjj+0xc6>
10005aaa:	4643      	mov	r3, r8
10005aac:	18f5      	adds	r5, r6, r3
10005aae:	19e3      	adds	r3, r4, r7
10005ab0:	429d      	cmp	r5, r3
10005ab2:	d30a      	bcc.n	10005aca <_ZNSt7__cxx1112basic_stringIcSt11char_traitsIcESaIcEE15_M_replace_coldEPcjPKcjj+0x6e>
10005ab4:	2f01      	cmp	r7, #1
10005ab6:	d102      	bne.n	10005abe <_ZNSt7__cxx1112basic_stringIcSt11char_traitsIcESaIcEE15_M_replace_coldEPcjPKcjj+0x62>
10005ab8:	7823      	ldrb	r3, [r4, #0]
10005aba:	7033      	strb	r3, [r6, #0]
10005abc:	e031      	b.n	10005b22 <_ZNSt7__cxx1112basic_stringIcSt11char_traitsIcESaIcEE15_M_replace_coldEPcjPKcjj+0xc6>
10005abe:	003a      	movs	r2, r7
10005ac0:	0021      	movs	r1, r4
10005ac2:	0030      	movs	r0, r6
10005ac4:	f001 fd6e 	bl	100075a4 <memmove>
10005ac8:	e02b      	b.n	10005b22 <_ZNSt7__cxx1112basic_stringIcSt11char_traitsIcESaIcEE15_M_replace_coldEPcjPKcjj+0xc6>
10005aca:	42a5      	cmp	r5, r4
10005acc:	d80e      	bhi.n	10005aec <_ZNSt7__cxx1112basic_stringIcSt11char_traitsIcESaIcEE15_M_replace_coldEPcjPKcjj+0x90>
10005ace:	4643      	mov	r3, r8
10005ad0:	1ba4      	subs	r4, r4, r6
10005ad2:	1ae2      	subs	r2, r4, r3
10005ad4:	19d2      	adds	r2, r2, r7
10005ad6:	18b1      	adds	r1, r6, r2
10005ad8:	2f01      	cmp	r7, #1
10005ada:	d102      	bne.n	10005ae2 <_ZNSt7__cxx1112basic_stringIcSt11char_traitsIcESaIcEE15_M_replace_coldEPcjPKcjj+0x86>
10005adc:	780b      	ldrb	r3, [r1, #0]
10005ade:	7033      	strb	r3, [r6, #0]
10005ae0:	e01f      	b.n	10005b22 <_ZNSt7__cxx1112basic_stringIcSt11char_traitsIcESaIcEE15_M_replace_coldEPcjPKcjj+0xc6>
10005ae2:	003a      	movs	r2, r7
10005ae4:	0030      	movs	r0, r6
10005ae6:	f7fd ff41 	bl	1000396c <__wrap___aeabi_memcpy>
10005aea:	e01a      	b.n	10005b22 <_ZNSt7__cxx1112basic_stringIcSt11char_traitsIcESaIcEE15_M_replace_coldEPcjPKcjj+0xc6>
10005aec:	1b2d      	subs	r5, r5, r4
10005aee:	2d01      	cmp	r5, #1
10005af0:	d102      	bne.n	10005af8 <_ZNSt7__cxx1112basic_stringIcSt11char_traitsIcESaIcEE15_M_replace_coldEPcjPKcjj+0x9c>
10005af2:	7823      	ldrb	r3, [r4, #0]
10005af4:	7033      	strb	r3, [r6, #0]
10005af6:	e004      	b.n	10005b02 <_ZNSt7__cxx1112basic_stringIcSt11char_traitsIcESaIcEE15_M_replace_coldEPcjPKcjj+0xa6>
10005af8:	002a      	movs	r2, r5
10005afa:	0021      	movs	r1, r4
10005afc:	0030      	movs	r0, r6
10005afe:	f001 fd51 	bl	100075a4 <memmove>
10005b02:	1970      	adds	r0, r6, r5
10005b04:	19f1      	adds	r1, r6, r7
10005b06:	1b7a      	subs	r2, r7, r5
10005b08:	2a01      	cmp	r2, #1
10005b0a:	d102      	bne.n	10005b12 <_ZNSt7__cxx1112basic_stringIcSt11char_traitsIcESaIcEE15_M_replace_coldEPcjPKcjj+0xb6>
10005b0c:	780b      	ldrb	r3, [r1, #0]
10005b0e:	7003      	strb	r3, [r0, #0]
10005b10:	e007      	b.n	10005b22 <_ZNSt7__cxx1112basic_stringIcSt11char_traitsIcESaIcEE15_M_replace_coldEPcjPKcjj+0xc6>
10005b12:	2a00      	cmp	r2, #0
10005b14:	d005      	beq.n	10005b22 <_ZNSt7__cxx1112basic_stringIcSt11char_traitsIcESaIcEE15_M_replace_coldEPcjPKcjj+0xc6>
10005b16:	f7fd ff29 	bl	1000396c <__wrap___aeabi_memcpy>
10005b1a:	e002      	b.n	10005b22 <_ZNSt7__cxx1112basic_stringIcSt11char_traitsIcESaIcEE15_M_replace_coldEPcjPKcjj+0xc6>
10005b1c:	2d00      	cmp	r5, #0
10005b1e:	d1b7      	bne.n	10005a90 <_ZNSt7__cxx1112basic_stringIcSt11char_traitsIcESaIcEE15_M_replace_coldEPcjPKcjj+0x34>
10005b20:	e7c3      	b.n	10005aaa <_ZNSt7__cxx1112basic_stringIcSt11char_traitsIcESaIcEE15_M_replace_coldEPcjPKcjj+0x4e>
10005b22:	bc80      	pop	{r7}
10005b24:	46b8      	mov	r8, r7
10005b26:	bdf0      	pop	{r4, r5, r6, r7, pc}

10005b28 <_ZNSt7__cxx1112basic_stringIcSt11char_traitsIcESaIcEE10_M_replaceEjjPKcj>:
10005b28:	b5f0      	push	{r4, r5, r6, r7, lr}
10005b2a:	46ce      	mov	lr, r9
10005b2c:	4647      	mov	r7, r8
10005b2e:	b580      	push	{r7, lr}
10005b30:	001f      	movs	r7, r3
10005b32:	b083      	sub	sp, #12
10005b34:	4b2e      	ldr	r3, [pc, #184]	@ (10005bf0 <_ZNSt7__cxx1112basic_stringIcSt11char_traitsIcESaIcEE10_M_replaceEjjPKcj+0xc8>)
10005b36:	0004      	movs	r4, r0
10005b38:	9e0a      	ldr	r6, [sp, #40]	@ 0x28
10005b3a:	6840      	ldr	r0, [r0, #4]
10005b3c:	18d3      	adds	r3, r2, r3
10005b3e:	4689      	mov	r9, r1
10005b40:	1a1b      	subs	r3, r3, r0
10005b42:	429e      	cmp	r6, r3
10005b44:	d850      	bhi.n	10005be8 <_ZNSt7__cxx1112basic_stringIcSt11char_traitsIcESaIcEE10_M_replaceEjjPKcj+0xc0>
10005b46:	2108      	movs	r1, #8
10005b48:	468c      	mov	ip, r1
10005b4a:	6823      	ldr	r3, [r4, #0]
10005b4c:	1ab5      	subs	r5, r6, r2
10005b4e:	44a4      	add	ip, r4
10005b50:	182d      	adds	r5, r5, r0
10005b52:	4563      	cmp	r3, ip
10005b54:	d041      	beq.n	10005bda <_ZNSt7__cxx1112basic_stringIcSt11char_traitsIcESaIcEE10_M_replaceEjjPKcj+0xb2>
10005b56:	68a1      	ldr	r1, [r4, #8]
10005b58:	468c      	mov	ip, r1
10005b5a:	4565      	cmp	r5, ip
10005b5c:	d833      	bhi.n	10005bc6 <_ZNSt7__cxx1112basic_stringIcSt11char_traitsIcESaIcEE10_M_replaceEjjPKcj+0x9e>
10005b5e:	4649      	mov	r1, r9
10005b60:	1859      	adds	r1, r3, r1
10005b62:	4688      	mov	r8, r1
10005b64:	4649      	mov	r1, r9
10005b66:	1851      	adds	r1, r2, r1
10005b68:	1a41      	subs	r1, r0, r1
10005b6a:	42bb      	cmp	r3, r7
10005b6c:	d920      	bls.n	10005bb0 <_ZNSt7__cxx1112basic_stringIcSt11char_traitsIcESaIcEE10_M_replaceEjjPKcj+0x88>
10005b6e:	2900      	cmp	r1, #0
10005b70:	d00b      	beq.n	10005b8a <_ZNSt7__cxx1112basic_stringIcSt11char_traitsIcESaIcEE10_M_replaceEjjPKcj+0x62>
10005b72:	42b2      	cmp	r2, r6
10005b74:	d009      	beq.n	10005b8a <_ZNSt7__cxx1112basic_stringIcSt11char_traitsIcESaIcEE10_M_replaceEjjPKcj+0x62>
10005b76:	4643      	mov	r3, r8
10005b78:	1998      	adds	r0, r3, r6
10005b7a:	0013      	movs	r3, r2
10005b7c:	4443      	add	r3, r8
10005b7e:	2901      	cmp	r1, #1
10005b80:	d028      	beq.n	10005bd4 <_ZNSt7__cxx1112basic_stringIcSt11char_traitsIcESaIcEE10_M_replaceEjjPKcj+0xac>
10005b82:	000a      	movs	r2, r1
10005b84:	0019      	movs	r1, r3
10005b86:	f001 fd0d 	bl	100075a4 <memmove>
10005b8a:	2e00      	cmp	r6, #0
10005b8c:	d006      	beq.n	10005b9c <_ZNSt7__cxx1112basic_stringIcSt11char_traitsIcESaIcEE10_M_replaceEjjPKcj+0x74>
10005b8e:	2e01      	cmp	r6, #1
10005b90:	d026      	beq.n	10005be0 <_ZNSt7__cxx1112basic_stringIcSt11char_traitsIcESaIcEE10_M_replaceEjjPKcj+0xb8>
10005b92:	0032      	movs	r2, r6
10005b94:	0039      	movs	r1, r7
10005b96:	4640      	mov	r0, r8
10005b98:	f7fd fee8 	bl	1000396c <__wrap___aeabi_memcpy>
10005b9c:	2200      	movs	r2, #0
10005b9e:	0020      	movs	r0, r4
10005ba0:	6823      	ldr	r3, [r4, #0]
10005ba2:	6065      	str	r5, [r4, #4]
10005ba4:	555a      	strb	r2, [r3, r5]
10005ba6:	b003      	add	sp, #12
10005ba8:	bcc0      	pop	{r6, r7}
10005baa:	46b9      	mov	r9, r7
10005bac:	46b0      	mov	r8, r6
10005bae:	bdf0      	pop	{r4, r5, r6, r7, pc}
10005bb0:	181b      	adds	r3, r3, r0
10005bb2:	429f      	cmp	r7, r3
10005bb4:	d8db      	bhi.n	10005b6e <_ZNSt7__cxx1112basic_stringIcSt11char_traitsIcESaIcEE10_M_replaceEjjPKcj+0x46>
10005bb6:	9101      	str	r1, [sp, #4]
10005bb8:	003b      	movs	r3, r7
10005bba:	4641      	mov	r1, r8
10005bbc:	0020      	movs	r0, r4
10005bbe:	9600      	str	r6, [sp, #0]
10005bc0:	f7ff ff4c 	bl	10005a5c <_ZNSt7__cxx1112basic_stringIcSt11char_traitsIcESaIcEE15_M_replace_coldEPcjPKcjj>
10005bc4:	e7ea      	b.n	10005b9c <_ZNSt7__cxx1112basic_stringIcSt11char_traitsIcESaIcEE10_M_replaceEjjPKcj+0x74>
10005bc6:	003b      	movs	r3, r7
10005bc8:	4649      	mov	r1, r9
10005bca:	0020      	movs	r0, r4
10005bcc:	9600      	str	r6, [sp, #0]
10005bce:	f7ff febd 	bl	1000594c <_ZNSt7__cxx1112basic_stringIcSt11char_traitsIcESaIcEE9_M_mutateEjjPKcj>
10005bd2:	e7e3      	b.n	10005b9c <_ZNSt7__cxx1112basic_stringIcSt11char_traitsIcESaIcEE10_M_replaceEjjPKcj+0x74>
10005bd4:	781b      	ldrb	r3, [r3, #0]
10005bd6:	7003      	strb	r3, [r0, #0]
10005bd8:	e7d7      	b.n	10005b8a <_ZNSt7__cxx1112basic_stringIcSt11char_traitsIcESaIcEE10_M_replaceEjjPKcj+0x62>
10005bda:	210f      	movs	r1, #15
10005bdc:	468c      	mov	ip, r1
10005bde:	e7bc      	b.n	10005b5a <_ZNSt7__cxx1112basic_stringIcSt11char_traitsIcESaIcEE10_M_replaceEjjPKcj+0x32>
10005be0:	4642      	mov	r2, r8
10005be2:	783b      	ldrb	r3, [r7, #0]
10005be4:	7013      	strb	r3, [r2, #0]
10005be6:	e7d9      	b.n	10005b9c <_ZNSt7__cxx1112basic_stringIcSt11char_traitsIcESaIcEE10_M_replaceEjjPKcj+0x74>
10005be8:	4802      	ldr	r0, [pc, #8]	@ (10005bf4 <_ZNSt7__cxx1112basic_stringIcSt11char_traitsIcESaIcEE10_M_replaceEjjPKcj+0xcc>)
10005bea:	f000 fe43 	bl	10006874 <_ZSt20__throw_length_errorPKc>
10005bee:	46c0      	nop			@ (mov r8, r8)
10005bf0:	3fffffff 	.word	0x3fffffff
10005bf4:	10008a7c 	.word	0x10008a7c

10005bf8 <__cxa_end_cleanup>:
10005bf8:	b41e      	push	{r1, r2, r3, r4}
10005bfa:	f000 f893 	bl	10005d24 <__gnu_end_cleanup>
10005bfe:	bc1e      	pop	{r1, r2, r3, r4}
10005c00:	f002 fe4e 	bl	100088a0 <___Unwind_Resume_veneer>

10005c04 <__cxa_type_match>:
10005c04:	b5f0      	push	{r4, r5, r6, r7, lr}
10005c06:	46c6      	mov	lr, r8
10005c08:	b500      	push	{lr}
10005c0a:	001e      	movs	r6, r3
10005c0c:	7803      	ldrb	r3, [r0, #0]
10005c0e:	000c      	movs	r4, r1
10005c10:	b082      	sub	sp, #8
10005c12:	2b47      	cmp	r3, #71	@ 0x47
10005c14:	d01f      	beq.n	10005c56 <__cxa_type_match+0x52>
10005c16:	2000      	movs	r0, #0
10005c18:	4d28      	ldr	r5, [pc, #160]	@ (10005cbc <__cxa_type_match+0xb8>)
10005c1a:	682b      	ldr	r3, [r5, #0]
10005c1c:	9001      	str	r0, [sp, #4]
10005c1e:	689b      	ldr	r3, [r3, #8]
10005c20:	0028      	movs	r0, r5
10005c22:	4798      	blx	r3
10005c24:	2301      	movs	r3, #1
10005c26:	4698      	mov	r8, r3
10005c28:	2800      	cmp	r0, #0
10005c2a:	d004      	beq.n	10005c36 <__cxa_type_match+0x32>
10005c2c:	9b01      	ldr	r3, [sp, #4]
10005c2e:	681b      	ldr	r3, [r3, #0]
10005c30:	9301      	str	r3, [sp, #4]
10005c32:	2302      	movs	r3, #2
10005c34:	4698      	mov	r8, r3
10005c36:	6823      	ldr	r3, [r4, #0]
10005c38:	0029      	movs	r1, r5
10005c3a:	691f      	ldr	r7, [r3, #16]
10005c3c:	0020      	movs	r0, r4
10005c3e:	2301      	movs	r3, #1
10005c40:	aa01      	add	r2, sp, #4
10005c42:	47b8      	blx	r7
10005c44:	2800      	cmp	r0, #0
10005c46:	d126      	bne.n	10005c96 <__cxa_type_match+0x92>
10005c48:	2300      	movs	r3, #0
10005c4a:	4698      	mov	r8, r3
10005c4c:	4640      	mov	r0, r8
10005c4e:	b002      	add	sp, #8
10005c50:	bc80      	pop	{r7}
10005c52:	46b8      	mov	r8, r7
10005c54:	bdf0      	pop	{r4, r5, r6, r7, pc}
10005c56:	7843      	ldrb	r3, [r0, #1]
10005c58:	2b4e      	cmp	r3, #78	@ 0x4e
10005c5a:	d1dc      	bne.n	10005c16 <__cxa_type_match+0x12>
10005c5c:	7883      	ldrb	r3, [r0, #2]
10005c5e:	2b55      	cmp	r3, #85	@ 0x55
10005c60:	d1d9      	bne.n	10005c16 <__cxa_type_match+0x12>
10005c62:	78c3      	ldrb	r3, [r0, #3]
10005c64:	2b43      	cmp	r3, #67	@ 0x43
10005c66:	d1d6      	bne.n	10005c16 <__cxa_type_match+0x12>
10005c68:	7903      	ldrb	r3, [r0, #4]
10005c6a:	2b46      	cmp	r3, #70	@ 0x46
10005c6c:	d01b      	beq.n	10005ca6 <__cxa_type_match+0xa2>
10005c6e:	2b43      	cmp	r3, #67	@ 0x43
10005c70:	d1d1      	bne.n	10005c16 <__cxa_type_match+0x12>
10005c72:	7943      	ldrb	r3, [r0, #5]
10005c74:	2b2b      	cmp	r3, #43	@ 0x2b
10005c76:	d1ce      	bne.n	10005c16 <__cxa_type_match+0x12>
10005c78:	7983      	ldrb	r3, [r0, #6]
10005c7a:	2b2b      	cmp	r3, #43	@ 0x2b
10005c7c:	d1cb      	bne.n	10005c16 <__cxa_type_match+0x12>
10005c7e:	79c2      	ldrb	r2, [r0, #7]
10005c80:	2a01      	cmp	r2, #1
10005c82:	d8c8      	bhi.n	10005c16 <__cxa_type_match+0x12>
10005c84:	2300      	movs	r3, #0
10005c86:	9301      	str	r3, [sp, #4]
10005c88:	0003      	movs	r3, r0
10005c8a:	3b20      	subs	r3, #32
10005c8c:	681d      	ldr	r5, [r3, #0]
10005c8e:	2a01      	cmp	r2, #1
10005c90:	d004      	beq.n	10005c9c <__cxa_type_match+0x98>
10005c92:	3058      	adds	r0, #88	@ 0x58
10005c94:	e7c1      	b.n	10005c1a <__cxa_type_match+0x16>
10005c96:	9b01      	ldr	r3, [sp, #4]
10005c98:	6033      	str	r3, [r6, #0]
10005c9a:	e7d7      	b.n	10005c4c <__cxa_type_match+0x48>
10005c9c:	002b      	movs	r3, r5
10005c9e:	3b78      	subs	r3, #120	@ 0x78
10005ca0:	0028      	movs	r0, r5
10005ca2:	681d      	ldr	r5, [r3, #0]
10005ca4:	e7b9      	b.n	10005c1a <__cxa_type_match+0x16>
10005ca6:	7943      	ldrb	r3, [r0, #5]
10005ca8:	2b4f      	cmp	r3, #79	@ 0x4f
10005caa:	d1b4      	bne.n	10005c16 <__cxa_type_match+0x12>
10005cac:	7983      	ldrb	r3, [r0, #6]
10005cae:	2b52      	cmp	r3, #82	@ 0x52
10005cb0:	d1b1      	bne.n	10005c16 <__cxa_type_match+0x12>
10005cb2:	79c0      	ldrb	r0, [r0, #7]
10005cb4:	4d02      	ldr	r5, [pc, #8]	@ (10005cc0 <__cxa_type_match+0xbc>)
10005cb6:	2800      	cmp	r0, #0
10005cb8:	d0af      	beq.n	10005c1a <__cxa_type_match+0x16>
10005cba:	e7ac      	b.n	10005c16 <__cxa_type_match+0x12>
10005cbc:	10009530 	.word	0x10009530
10005cc0:	10009504 	.word	0x10009504

10005cc4 <__cxa_begin_cleanup>:
10005cc4:	b510      	push	{r4, lr}
10005cc6:	0004      	movs	r4, r0
10005cc8:	f000 f8fa 	bl	10005ec0 <__cxa_get_globals>
10005ccc:	0022      	movs	r2, r4
10005cce:	7823      	ldrb	r3, [r4, #0]
10005cd0:	3a20      	subs	r2, #32
10005cd2:	2b47      	cmp	r3, #71	@ 0x47
10005cd4:	d005      	beq.n	10005ce2 <__cxa_begin_cleanup+0x1e>
10005cd6:	6883      	ldr	r3, [r0, #8]
10005cd8:	2b00      	cmp	r3, #0
10005cda:	d120      	bne.n	10005d1e <__cxa_begin_cleanup+0x5a>
10005cdc:	6082      	str	r2, [r0, #8]
10005cde:	2001      	movs	r0, #1
10005ce0:	bd10      	pop	{r4, pc}
10005ce2:	7863      	ldrb	r3, [r4, #1]
10005ce4:	2b4e      	cmp	r3, #78	@ 0x4e
10005ce6:	d1f6      	bne.n	10005cd6 <__cxa_begin_cleanup+0x12>
10005ce8:	78a3      	ldrb	r3, [r4, #2]
10005cea:	2b55      	cmp	r3, #85	@ 0x55
10005cec:	d1f3      	bne.n	10005cd6 <__cxa_begin_cleanup+0x12>
10005cee:	78e3      	ldrb	r3, [r4, #3]
10005cf0:	2b43      	cmp	r3, #67	@ 0x43
10005cf2:	d1f0      	bne.n	10005cd6 <__cxa_begin_cleanup+0x12>
10005cf4:	7923      	ldrb	r3, [r4, #4]
10005cf6:	2b43      	cmp	r3, #67	@ 0x43
10005cf8:	d1ed      	bne.n	10005cd6 <__cxa_begin_cleanup+0x12>
10005cfa:	7963      	ldrb	r3, [r4, #5]
10005cfc:	2b2b      	cmp	r3, #43	@ 0x2b
10005cfe:	d1ea      	bne.n	10005cd6 <__cxa_begin_cleanup+0x12>
10005d00:	79a3      	ldrb	r3, [r4, #6]
10005d02:	2b2b      	cmp	r3, #43	@ 0x2b
10005d04:	d1e7      	bne.n	10005cd6 <__cxa_begin_cleanup+0x12>
10005d06:	79e3      	ldrb	r3, [r4, #7]
10005d08:	2b01      	cmp	r3, #1
10005d0a:	d8e4      	bhi.n	10005cd6 <__cxa_begin_cleanup+0x12>
10005d0c:	69d3      	ldr	r3, [r2, #28]
10005d0e:	3301      	adds	r3, #1
10005d10:	61d3      	str	r3, [r2, #28]
10005d12:	2b01      	cmp	r3, #1
10005d14:	d1e3      	bne.n	10005cde <__cxa_begin_cleanup+0x1a>
10005d16:	6883      	ldr	r3, [r0, #8]
10005d18:	6193      	str	r3, [r2, #24]
10005d1a:	6082      	str	r2, [r0, #8]
10005d1c:	e7df      	b.n	10005cde <__cxa_begin_cleanup+0x1a>
10005d1e:	f000 fc39 	bl	10006594 <_ZSt9terminatev>
10005d22:	46c0      	nop			@ (mov r8, r8)

10005d24 <__gnu_end_cleanup>:
10005d24:	b510      	push	{r4, lr}
10005d26:	f000 f8cb 	bl	10005ec0 <__cxa_get_globals>
10005d2a:	0003      	movs	r3, r0
10005d2c:	6880      	ldr	r0, [r0, #8]
10005d2e:	2800      	cmp	r0, #0
10005d30:	d02d      	beq.n	10005d8e <__gnu_end_cleanup+0x6a>
10005d32:	2220      	movs	r2, #32
10005d34:	5c82      	ldrb	r2, [r0, r2]
10005d36:	2a47      	cmp	r2, #71	@ 0x47
10005d38:	d003      	beq.n	10005d42 <__gnu_end_cleanup+0x1e>
10005d3a:	2200      	movs	r2, #0
10005d3c:	609a      	str	r2, [r3, #8]
10005d3e:	3020      	adds	r0, #32
10005d40:	bd10      	pop	{r4, pc}
10005d42:	3a26      	subs	r2, #38	@ 0x26
10005d44:	5c82      	ldrb	r2, [r0, r2]
10005d46:	2a4e      	cmp	r2, #78	@ 0x4e
10005d48:	d1f7      	bne.n	10005d3a <__gnu_end_cleanup+0x16>
10005d4a:	3a2c      	subs	r2, #44	@ 0x2c
10005d4c:	5c82      	ldrb	r2, [r0, r2]
10005d4e:	2a55      	cmp	r2, #85	@ 0x55
10005d50:	d1f3      	bne.n	10005d3a <__gnu_end_cleanup+0x16>
10005d52:	3a32      	subs	r2, #50	@ 0x32
10005d54:	5c82      	ldrb	r2, [r0, r2]
10005d56:	2a43      	cmp	r2, #67	@ 0x43
10005d58:	d1ef      	bne.n	10005d3a <__gnu_end_cleanup+0x16>
10005d5a:	3a1f      	subs	r2, #31
10005d5c:	5c82      	ldrb	r2, [r0, r2]
10005d5e:	2a43      	cmp	r2, #67	@ 0x43
10005d60:	d1eb      	bne.n	10005d3a <__gnu_end_cleanup+0x16>
10005d62:	3a1e      	subs	r2, #30
10005d64:	5c82      	ldrb	r2, [r0, r2]
10005d66:	2a2b      	cmp	r2, #43	@ 0x2b
10005d68:	d1e7      	bne.n	10005d3a <__gnu_end_cleanup+0x16>
10005d6a:	3a05      	subs	r2, #5
10005d6c:	5c82      	ldrb	r2, [r0, r2]
10005d6e:	2a2b      	cmp	r2, #43	@ 0x2b
10005d70:	d1e3      	bne.n	10005d3a <__gnu_end_cleanup+0x16>
10005d72:	3a04      	subs	r2, #4
10005d74:	5c82      	ldrb	r2, [r0, r2]
10005d76:	2a01      	cmp	r2, #1
10005d78:	d8df      	bhi.n	10005d3a <__gnu_end_cleanup+0x16>
10005d7a:	69c2      	ldr	r2, [r0, #28]
10005d7c:	3a01      	subs	r2, #1
10005d7e:	61c2      	str	r2, [r0, #28]
10005d80:	2a00      	cmp	r2, #0
10005d82:	d1dc      	bne.n	10005d3e <__gnu_end_cleanup+0x1a>
10005d84:	6982      	ldr	r2, [r0, #24]
10005d86:	609a      	str	r2, [r3, #8]
10005d88:	2300      	movs	r3, #0
10005d8a:	6183      	str	r3, [r0, #24]
10005d8c:	e7d7      	b.n	10005d3e <__gnu_end_cleanup+0x1a>
10005d8e:	f000 fc01 	bl	10006594 <_ZSt9terminatev>
10005d92:	46c0      	nop			@ (mov r8, r8)

10005d94 <__cxa_begin_catch>:
10005d94:	b570      	push	{r4, r5, r6, lr}
10005d96:	0004      	movs	r4, r0
10005d98:	f000 f892 	bl	10005ec0 <__cxa_get_globals>
10005d9c:	0022      	movs	r2, r4
10005d9e:	7823      	ldrb	r3, [r4, #0]
10005da0:	6805      	ldr	r5, [r0, #0]
10005da2:	3a20      	subs	r2, #32
10005da4:	2b47      	cmp	r3, #71	@ 0x47
10005da6:	d004      	beq.n	10005db2 <__cxa_begin_catch+0x1e>
10005da8:	2d00      	cmp	r5, #0
10005daa:	d12b      	bne.n	10005e04 <__cxa_begin_catch+0x70>
10005dac:	6002      	str	r2, [r0, #0]
10005dae:	0028      	movs	r0, r5
10005db0:	bd70      	pop	{r4, r5, r6, pc}
10005db2:	7863      	ldrb	r3, [r4, #1]
10005db4:	2b4e      	cmp	r3, #78	@ 0x4e
10005db6:	d1f7      	bne.n	10005da8 <__cxa_begin_catch+0x14>
10005db8:	78a3      	ldrb	r3, [r4, #2]
10005dba:	2b55      	cmp	r3, #85	@ 0x55
10005dbc:	d1f4      	bne.n	10005da8 <__cxa_begin_catch+0x14>
10005dbe:	78e3      	ldrb	r3, [r4, #3]
10005dc0:	2b43      	cmp	r3, #67	@ 0x43
10005dc2:	d1f1      	bne.n	10005da8 <__cxa_begin_catch+0x14>
10005dc4:	7923      	ldrb	r3, [r4, #4]
10005dc6:	2b43      	cmp	r3, #67	@ 0x43
10005dc8:	d1ee      	bne.n	10005da8 <__cxa_begin_catch+0x14>
10005dca:	7963      	ldrb	r3, [r4, #5]
10005dcc:	2b2b      	cmp	r3, #43	@ 0x2b
10005dce:	d1eb      	bne.n	10005da8 <__cxa_begin_catch+0x14>
10005dd0:	79a3      	ldrb	r3, [r4, #6]
10005dd2:	2b2b      	cmp	r3, #43	@ 0x2b
10005dd4:	d1e8      	bne.n	10005da8 <__cxa_begin_catch+0x14>
10005dd6:	79e3      	ldrb	r3, [r4, #7]
10005dd8:	2b01      	cmp	r3, #1
10005dda:	d8e5      	bhi.n	10005da8 <__cxa_begin_catch+0x14>
10005ddc:	6953      	ldr	r3, [r2, #20]
10005dde:	2b00      	cmp	r3, #0
10005de0:	db0d      	blt.n	10005dfe <__cxa_begin_catch+0x6a>
10005de2:	3301      	adds	r3, #1
10005de4:	6153      	str	r3, [r2, #20]
10005de6:	6843      	ldr	r3, [r0, #4]
10005de8:	3b01      	subs	r3, #1
10005dea:	6043      	str	r3, [r0, #4]
10005dec:	4295      	cmp	r5, r2
10005dee:	d001      	beq.n	10005df4 <__cxa_begin_catch+0x60>
10005df0:	6115      	str	r5, [r2, #16]
10005df2:	6002      	str	r2, [r0, #0]
10005df4:	0020      	movs	r0, r4
10005df6:	6a65      	ldr	r5, [r4, #36]	@ 0x24
10005df8:	f002 fd5a 	bl	100088b0 <___Unwind_Complete_veneer>
10005dfc:	e7d7      	b.n	10005dae <__cxa_begin_catch+0x1a>
10005dfe:	2101      	movs	r1, #1
10005e00:	1acb      	subs	r3, r1, r3
10005e02:	e7ef      	b.n	10005de4 <__cxa_begin_catch+0x50>
10005e04:	f000 fbc6 	bl	10006594 <_ZSt9terminatev>

10005e08 <__cxa_end_catch>:
10005e08:	b510      	push	{r4, lr}
10005e0a:	f000 f855 	bl	10005eb8 <__cxa_get_globals_fast>
10005e0e:	6803      	ldr	r3, [r0, #0]
10005e10:	2b00      	cmp	r3, #0
10005e12:	d009      	beq.n	10005e28 <__cxa_end_catch+0x20>
10005e14:	2220      	movs	r2, #32
10005e16:	5c9a      	ldrb	r2, [r3, r2]
10005e18:	2a47      	cmp	r2, #71	@ 0x47
10005e1a:	d006      	beq.n	10005e2a <__cxa_end_catch+0x22>
10005e1c:	2200      	movs	r2, #0
10005e1e:	3320      	adds	r3, #32
10005e20:	6002      	str	r2, [r0, #0]
10005e22:	0018      	movs	r0, r3
10005e24:	f002 fd24 	bl	10008870 <___Unwind_DeleteException_veneer>
10005e28:	bd10      	pop	{r4, pc}
10005e2a:	3a26      	subs	r2, #38	@ 0x26
10005e2c:	5c9a      	ldrb	r2, [r3, r2]
10005e2e:	2a4e      	cmp	r2, #78	@ 0x4e
10005e30:	d1f4      	bne.n	10005e1c <__cxa_end_catch+0x14>
10005e32:	3a2c      	subs	r2, #44	@ 0x2c
10005e34:	5c9a      	ldrb	r2, [r3, r2]
10005e36:	2a55      	cmp	r2, #85	@ 0x55
10005e38:	d1f0      	bne.n	10005e1c <__cxa_end_catch+0x14>
10005e3a:	3a32      	subs	r2, #50	@ 0x32
10005e3c:	5c9a      	ldrb	r2, [r3, r2]
10005e3e:	2a43      	cmp	r2, #67	@ 0x43
10005e40:	d1ec      	bne.n	10005e1c <__cxa_end_catch+0x14>
10005e42:	3a1f      	subs	r2, #31
10005e44:	5c9a      	ldrb	r2, [r3, r2]
10005e46:	2a43      	cmp	r2, #67	@ 0x43
10005e48:	d1e8      	bne.n	10005e1c <__cxa_end_catch+0x14>
10005e4a:	3a1e      	subs	r2, #30
10005e4c:	5c9a      	ldrb	r2, [r3, r2]
10005e4e:	2a2b      	cmp	r2, #43	@ 0x2b
10005e50:	d1e4      	bne.n	10005e1c <__cxa_end_catch+0x14>
10005e52:	3a05      	subs	r2, #5
10005e54:	5c9a      	ldrb	r2, [r3, r2]
10005e56:	2a2b      	cmp	r2, #43	@ 0x2b
10005e58:	d1e0      	bne.n	10005e1c <__cxa_end_catch+0x14>
10005e5a:	3a04      	subs	r2, #4
10005e5c:	5c9a      	ldrb	r2, [r3, r2]
10005e5e:	2a01      	cmp	r2, #1
10005e60:	d8dc      	bhi.n	10005e1c <__cxa_end_catch+0x14>
10005e62:	695a      	ldr	r2, [r3, #20]
10005e64:	2a00      	cmp	r2, #0
10005e66:	db06      	blt.n	10005e76 <__cxa_end_catch+0x6e>
10005e68:	1e51      	subs	r1, r2, #1
10005e6a:	2a01      	cmp	r2, #1
10005e6c:	d00a      	beq.n	10005e84 <__cxa_end_catch+0x7c>
10005e6e:	1c4a      	adds	r2, r1, #1
10005e70:	d00f      	beq.n	10005e92 <__cxa_end_catch+0x8a>
10005e72:	6159      	str	r1, [r3, #20]
10005e74:	e7d8      	b.n	10005e28 <__cxa_end_catch+0x20>
10005e76:	1c51      	adds	r1, r2, #1
10005e78:	3201      	adds	r2, #1
10005e7a:	d1fa      	bne.n	10005e72 <__cxa_end_catch+0x6a>
10005e7c:	691a      	ldr	r2, [r3, #16]
10005e7e:	6002      	str	r2, [r0, #0]
10005e80:	6159      	str	r1, [r3, #20]
10005e82:	e7d1      	b.n	10005e28 <__cxa_end_catch+0x20>
10005e84:	691a      	ldr	r2, [r3, #16]
10005e86:	3320      	adds	r3, #32
10005e88:	6002      	str	r2, [r0, #0]
10005e8a:	0018      	movs	r0, r3
10005e8c:	f002 fcf0 	bl	10008870 <___Unwind_DeleteException_veneer>
10005e90:	e7ca      	b.n	10005e28 <__cxa_end_catch+0x20>
10005e92:	f000 fb7f 	bl	10006594 <_ZSt9terminatev>
10005e96:	46c0      	nop			@ (mov r8, r8)

10005e98 <_ZNSt9exceptionD1Ev>:
10005e98:	4770      	bx	lr
10005e9a:	46c0      	nop			@ (mov r8, r8)

10005e9c <_ZNSt13bad_exceptionD1Ev>:
10005e9c:	4770      	bx	lr
10005e9e:	46c0      	nop			@ (mov r8, r8)

10005ea0 <_ZGTtNKSt13bad_exception4whatEv>:
10005ea0:	4800      	ldr	r0, [pc, #0]	@ (10005ea4 <_ZGTtNKSt13bad_exception4whatEv+0x4>)
10005ea2:	4770      	bx	lr
10005ea4:	10008a98 	.word	0x10008a98

10005ea8 <_ZNSt13bad_exceptionD0Ev>:
10005ea8:	b510      	push	{r4, lr}
10005eaa:	0004      	movs	r4, r0
10005eac:	2104      	movs	r1, #4
10005eae:	f7fd fd6b 	bl	10003988 <_ZdlPvj>
10005eb2:	0020      	movs	r0, r4
10005eb4:	bd10      	pop	{r4, pc}
10005eb6:	46c0      	nop			@ (mov r8, r8)

10005eb8 <__cxa_get_globals_fast>:
10005eb8:	4800      	ldr	r0, [pc, #0]	@ (10005ebc <__cxa_get_globals_fast+0x4>)
10005eba:	4770      	bx	lr
10005ebc:	20002414 	.word	0x20002414

10005ec0 <__cxa_get_globals>:
10005ec0:	4800      	ldr	r0, [pc, #0]	@ (10005ec4 <__cxa_get_globals+0x4>)
10005ec2:	4770      	bx	lr
10005ec4:	20002414 	.word	0x20002414

10005ec8 <_ZL28read_encoded_value_with_basehjPKhPj>:
10005ec8:	b5f0      	push	{r4, r5, r6, r7, lr}
10005eca:	46d6      	mov	lr, sl
10005ecc:	4646      	mov	r6, r8
10005ece:	464f      	mov	r7, r9
10005ed0:	468a      	mov	sl, r1
10005ed2:	b5c0      	push	{r6, r7, lr}
10005ed4:	0006      	movs	r6, r0
10005ed6:	2850      	cmp	r0, #80	@ 0x50
10005ed8:	d024      	beq.n	10005f24 <_ZL28read_encoded_value_with_basehjPKhPj+0x5c>
10005eda:	240f      	movs	r4, #15
10005edc:	4004      	ands	r4, r0
10005ede:	2c0c      	cmp	r4, #12
10005ee0:	d900      	bls.n	10005ee4 <_ZL28read_encoded_value_with_basehjPKhPj+0x1c>
10005ee2:	e06f      	b.n	10005fc4 <_ZL28read_encoded_value_with_basehjPKhPj+0xfc>
10005ee4:	4838      	ldr	r0, [pc, #224]	@ (10005fc8 <_ZL28read_encoded_value_with_basehjPKhPj+0x100>)
10005ee6:	00a4      	lsls	r4, r4, #2
10005ee8:	5900      	ldr	r0, [r0, r4]
10005eea:	4687      	mov	pc, r0
10005eec:	7854      	ldrb	r4, [r2, #1]
10005eee:	7810      	ldrb	r0, [r2, #0]
10005ef0:	0224      	lsls	r4, r4, #8
10005ef2:	4304      	orrs	r4, r0
10005ef4:	7890      	ldrb	r0, [r2, #2]
10005ef6:	0400      	lsls	r0, r0, #16
10005ef8:	4320      	orrs	r0, r4
10005efa:	78d4      	ldrb	r4, [r2, #3]
10005efc:	0624      	lsls	r4, r4, #24
10005efe:	4304      	orrs	r4, r0
10005f00:	1d10      	adds	r0, r2, #4
10005f02:	2c00      	cmp	r4, #0
10005f04:	d008      	beq.n	10005f18 <_ZL28read_encoded_value_with_basehjPKhPj+0x50>
10005f06:	2570      	movs	r5, #112	@ 0x70
10005f08:	4035      	ands	r5, r6
10005f0a:	2d10      	cmp	r5, #16
10005f0c:	d100      	bne.n	10005f10 <_ZL28read_encoded_value_with_basehjPKhPj+0x48>
10005f0e:	4692      	mov	sl, r2
10005f10:	b276      	sxtb	r6, r6
10005f12:	4454      	add	r4, sl
10005f14:	2e00      	cmp	r6, #0
10005f16:	db0a      	blt.n	10005f2e <_ZL28read_encoded_value_with_basehjPKhPj+0x66>
10005f18:	601c      	str	r4, [r3, #0]
10005f1a:	bce0      	pop	{r5, r6, r7}
10005f1c:	46ba      	mov	sl, r7
10005f1e:	46b1      	mov	r9, r6
10005f20:	46a8      	mov	r8, r5
10005f22:	bdf0      	pop	{r4, r5, r6, r7, pc}
10005f24:	1cd0      	adds	r0, r2, #3
10005f26:	2203      	movs	r2, #3
10005f28:	4390      	bics	r0, r2
10005f2a:	c810      	ldmia	r0!, {r4}
10005f2c:	e7f4      	b.n	10005f18 <_ZL28read_encoded_value_with_basehjPKhPj+0x50>
10005f2e:	6824      	ldr	r4, [r4, #0]
10005f30:	e7f2      	b.n	10005f18 <_ZL28read_encoded_value_with_basehjPKhPj+0x50>
10005f32:	7854      	ldrb	r4, [r2, #1]
10005f34:	7810      	ldrb	r0, [r2, #0]
10005f36:	0224      	lsls	r4, r4, #8
10005f38:	4304      	orrs	r4, r0
10005f3a:	7890      	ldrb	r0, [r2, #2]
10005f3c:	0400      	lsls	r0, r0, #16
10005f3e:	4320      	orrs	r0, r4
10005f40:	78d4      	ldrb	r4, [r2, #3]
10005f42:	0624      	lsls	r4, r4, #24
10005f44:	4304      	orrs	r4, r0
10005f46:	0010      	movs	r0, r2
10005f48:	3008      	adds	r0, #8
10005f4a:	e7da      	b.n	10005f02 <_ZL28read_encoded_value_with_basehjPKhPj+0x3a>
10005f4c:	7854      	ldrb	r4, [r2, #1]
10005f4e:	7810      	ldrb	r0, [r2, #0]
10005f50:	0224      	lsls	r4, r4, #8
10005f52:	4304      	orrs	r4, r0
10005f54:	1c90      	adds	r0, r2, #2
10005f56:	e7d4      	b.n	10005f02 <_ZL28read_encoded_value_with_basehjPKhPj+0x3a>
10005f58:	7854      	ldrb	r4, [r2, #1]
10005f5a:	7810      	ldrb	r0, [r2, #0]
10005f5c:	0224      	lsls	r4, r4, #8
10005f5e:	4304      	orrs	r4, r0
10005f60:	0424      	lsls	r4, r4, #16
10005f62:	1424      	asrs	r4, r4, #16
10005f64:	1c90      	adds	r0, r2, #2
10005f66:	e7cc      	b.n	10005f02 <_ZL28read_encoded_value_with_basehjPKhPj+0x3a>
10005f68:	217f      	movs	r1, #127	@ 0x7f
10005f6a:	0015      	movs	r5, r2
10005f6c:	2400      	movs	r4, #0
10005f6e:	2700      	movs	r7, #0
10005f70:	4688      	mov	r8, r1
10005f72:	4640      	mov	r0, r8
10005f74:	7829      	ldrb	r1, [r5, #0]
10005f76:	3501      	adds	r5, #1
10005f78:	4008      	ands	r0, r1
10005f7a:	40b8      	lsls	r0, r7
10005f7c:	4304      	orrs	r4, r0
10005f7e:	b248      	sxtb	r0, r1
10005f80:	3707      	adds	r7, #7
10005f82:	2800      	cmp	r0, #0
10005f84:	dbf5      	blt.n	10005f72 <_ZL28read_encoded_value_with_basehjPKhPj+0xaa>
10005f86:	0028      	movs	r0, r5
10005f88:	2f1f      	cmp	r7, #31
10005f8a:	d8ba      	bhi.n	10005f02 <_ZL28read_encoded_value_with_basehjPKhPj+0x3a>
10005f8c:	064d      	lsls	r5, r1, #25
10005f8e:	d5b8      	bpl.n	10005f02 <_ZL28read_encoded_value_with_basehjPKhPj+0x3a>
10005f90:	2501      	movs	r5, #1
10005f92:	40bd      	lsls	r5, r7
10005f94:	426d      	negs	r5, r5
10005f96:	432c      	orrs	r4, r5
10005f98:	e7b5      	b.n	10005f06 <_ZL28read_encoded_value_with_basehjPKhPj+0x3e>
10005f9a:	2100      	movs	r1, #0
10005f9c:	468c      	mov	ip, r1
10005f9e:	317f      	adds	r1, #127	@ 0x7f
10005fa0:	0015      	movs	r5, r2
10005fa2:	2400      	movs	r4, #0
10005fa4:	4688      	mov	r8, r1
10005fa6:	4647      	mov	r7, r8
10005fa8:	4661      	mov	r1, ip
10005faa:	7828      	ldrb	r0, [r5, #0]
10005fac:	3501      	adds	r5, #1
10005fae:	4007      	ands	r7, r0
10005fb0:	408f      	lsls	r7, r1
10005fb2:	2107      	movs	r1, #7
10005fb4:	4689      	mov	r9, r1
10005fb6:	b240      	sxtb	r0, r0
10005fb8:	433c      	orrs	r4, r7
10005fba:	44cc      	add	ip, r9
10005fbc:	2800      	cmp	r0, #0
10005fbe:	dbf2      	blt.n	10005fa6 <_ZL28read_encoded_value_with_basehjPKhPj+0xde>
10005fc0:	0028      	movs	r0, r5
10005fc2:	e79e      	b.n	10005f02 <_ZL28read_encoded_value_with_basehjPKhPj+0x3a>
10005fc4:	f001 fb46 	bl	10007654 <abort>
10005fc8:	1000954c 	.word	0x1000954c

10005fcc <_ZL21base_of_encoded_valuehP15_Unwind_Context>:
10005fcc:	0003      	movs	r3, r0
10005fce:	b510      	push	{r4, lr}
10005fd0:	0008      	movs	r0, r1
10005fd2:	2bff      	cmp	r3, #255	@ 0xff
10005fd4:	d010      	beq.n	10005ff8 <_ZL21base_of_encoded_valuehP15_Unwind_Context+0x2c>
10005fd6:	2270      	movs	r2, #112	@ 0x70
10005fd8:	4013      	ands	r3, r2
10005fda:	2b30      	cmp	r3, #48	@ 0x30
10005fdc:	d013      	beq.n	10006006 <_ZL21base_of_encoded_valuehP15_Unwind_Context+0x3a>
10005fde:	d804      	bhi.n	10005fea <_ZL21base_of_encoded_valuehP15_Unwind_Context+0x1e>
10005fe0:	2b20      	cmp	r3, #32
10005fe2:	d107      	bne.n	10005ff4 <_ZL21base_of_encoded_valuehP15_Unwind_Context+0x28>
10005fe4:	f002 fc14 	bl	10008810 <___Unwind_GetTextRelBase_veneer>
10005fe8:	e007      	b.n	10005ffa <_ZL21base_of_encoded_valuehP15_Unwind_Context+0x2e>
10005fea:	2b40      	cmp	r3, #64	@ 0x40
10005fec:	d106      	bne.n	10005ffc <_ZL21base_of_encoded_valuehP15_Unwind_Context+0x30>
10005fee:	f002 fc6f 	bl	100088d0 <___Unwind_GetRegionStart_veneer>
10005ff2:	e002      	b.n	10005ffa <_ZL21base_of_encoded_valuehP15_Unwind_Context+0x2e>
10005ff4:	2b20      	cmp	r3, #32
10005ff6:	d804      	bhi.n	10006002 <_ZL21base_of_encoded_valuehP15_Unwind_Context+0x36>
10005ff8:	2000      	movs	r0, #0
10005ffa:	bd10      	pop	{r4, pc}
10005ffc:	2000      	movs	r0, #0
10005ffe:	2b50      	cmp	r3, #80	@ 0x50
10006000:	d0fb      	beq.n	10005ffa <_ZL21base_of_encoded_valuehP15_Unwind_Context+0x2e>
10006002:	f001 fb27 	bl	10007654 <abort>
10006006:	f002 fc3b 	bl	10008880 <___Unwind_GetDataRelBase_veneer>
1000600a:	e7f6      	b.n	10005ffa <_ZL21base_of_encoded_valuehP15_Unwind_Context+0x2e>

1000600c <_ZL17parse_lsda_headerP15_Unwind_ContextPKhP16lsda_header_info>:
1000600c:	b5f8      	push	{r3, r4, r5, r6, r7, lr}
1000600e:	0005      	movs	r5, r0
10006010:	000e      	movs	r6, r1
10006012:	0014      	movs	r4, r2
10006014:	2000      	movs	r0, #0
10006016:	2d00      	cmp	r5, #0
10006018:	d002      	beq.n	10006020 <_ZL17parse_lsda_headerP15_Unwind_ContextPKhP16lsda_header_info+0x14>
1000601a:	0028      	movs	r0, r5
1000601c:	f002 fc58 	bl	100088d0 <___Unwind_GetRegionStart_veneer>
10006020:	6020      	str	r0, [r4, #0]
10006022:	1c77      	adds	r7, r6, #1
10006024:	7836      	ldrb	r6, [r6, #0]
10006026:	2eff      	cmp	r6, #255	@ 0xff
10006028:	d128      	bne.n	1000607c <_ZL17parse_lsda_headerP15_Unwind_ContextPKhP16lsda_header_info+0x70>
1000602a:	6060      	str	r0, [r4, #4]
1000602c:	783b      	ldrb	r3, [r7, #0]
1000602e:	1c78      	adds	r0, r7, #1
10006030:	2bff      	cmp	r3, #255	@ 0xff
10006032:	d032      	beq.n	1000609a <_ZL17parse_lsda_headerP15_Unwind_ContextPKhP16lsda_header_info+0x8e>
10006034:	2310      	movs	r3, #16
10006036:	2500      	movs	r5, #0
10006038:	2100      	movs	r1, #0
1000603a:	267f      	movs	r6, #127	@ 0x7f
1000603c:	7523      	strb	r3, [r4, #20]
1000603e:	0032      	movs	r2, r6
10006040:	7803      	ldrb	r3, [r0, #0]
10006042:	3001      	adds	r0, #1
10006044:	401a      	ands	r2, r3
10006046:	408a      	lsls	r2, r1
10006048:	b25b      	sxtb	r3, r3
1000604a:	4315      	orrs	r5, r2
1000604c:	3107      	adds	r1, #7
1000604e:	2b00      	cmp	r3, #0
10006050:	dbf5      	blt.n	1000603e <_ZL17parse_lsda_headerP15_Unwind_ContextPKhP16lsda_header_info+0x32>
10006052:	1945      	adds	r5, r0, r5
10006054:	60e5      	str	r5, [r4, #12]
10006056:	2200      	movs	r2, #0
10006058:	2500      	movs	r5, #0
1000605a:	267f      	movs	r6, #127	@ 0x7f
1000605c:	7803      	ldrb	r3, [r0, #0]
1000605e:	3001      	adds	r0, #1
10006060:	7563      	strb	r3, [r4, #21]
10006062:	0031      	movs	r1, r6
10006064:	7803      	ldrb	r3, [r0, #0]
10006066:	3001      	adds	r0, #1
10006068:	4019      	ands	r1, r3
1000606a:	4091      	lsls	r1, r2
1000606c:	b25b      	sxtb	r3, r3
1000606e:	430d      	orrs	r5, r1
10006070:	3207      	adds	r2, #7
10006072:	2b00      	cmp	r3, #0
10006074:	dbf5      	blt.n	10006062 <_ZL17parse_lsda_headerP15_Unwind_ContextPKhP16lsda_header_info+0x56>
10006076:	1945      	adds	r5, r0, r5
10006078:	6125      	str	r5, [r4, #16]
1000607a:	bdf8      	pop	{r3, r4, r5, r6, r7, pc}
1000607c:	0029      	movs	r1, r5
1000607e:	0030      	movs	r0, r6
10006080:	f7ff ffa4 	bl	10005fcc <_ZL21base_of_encoded_valuehP15_Unwind_Context>
10006084:	003a      	movs	r2, r7
10006086:	0001      	movs	r1, r0
10006088:	1d23      	adds	r3, r4, #4
1000608a:	0030      	movs	r0, r6
1000608c:	f7ff ff1c 	bl	10005ec8 <_ZL28read_encoded_value_with_basehjPKhPj>
10006090:	0007      	movs	r7, r0
10006092:	783b      	ldrb	r3, [r7, #0]
10006094:	1c78      	adds	r0, r7, #1
10006096:	2bff      	cmp	r3, #255	@ 0xff
10006098:	d1cc      	bne.n	10006034 <_ZL17parse_lsda_headerP15_Unwind_ContextPKhP16lsda_header_info+0x28>
1000609a:	2500      	movs	r5, #0
1000609c:	7523      	strb	r3, [r4, #20]
1000609e:	e7d9      	b.n	10006054 <_ZL17parse_lsda_headerP15_Unwind_ContextPKhP16lsda_header_info+0x48>

100060a0 <__gxx_personality_v0>:
100060a0:	b5f0      	push	{r4, r5, r6, r7, lr}
100060a2:	4657      	mov	r7, sl
100060a4:	4645      	mov	r5, r8
100060a6:	46de      	mov	lr, fp
100060a8:	464e      	mov	r6, r9
100060aa:	2300      	movs	r3, #0
100060ac:	b5e0      	push	{r5, r6, r7, lr}
100060ae:	b097      	sub	sp, #92	@ 0x5c
100060b0:	9303      	str	r3, [sp, #12]
100060b2:	930c      	str	r3, [sp, #48]	@ 0x30
100060b4:	3303      	adds	r3, #3
100060b6:	4688      	mov	r8, r1
100060b8:	0017      	movs	r7, r2
100060ba:	4003      	ands	r3, r0
100060bc:	2b01      	cmp	r3, #1
100060be:	d100      	bne.n	100060c2 <__gxx_personality_v0+0x22>
100060c0:	e0ba      	b.n	10006238 <__gxx_personality_v0+0x198>
100060c2:	2b02      	cmp	r3, #2
100060c4:	d10e      	bne.n	100060e4 <__gxx_personality_v0+0x44>
100060c6:	0039      	movs	r1, r7
100060c8:	4640      	mov	r0, r8
100060ca:	f002 fbc1 	bl	10008850 <____gnu_unwind_frame_veneer>
100060ce:	2800      	cmp	r0, #0
100060d0:	d000      	beq.n	100060d4 <__gxx_personality_v0+0x34>
100060d2:	e0af      	b.n	10006234 <__gxx_personality_v0+0x194>
100060d4:	2008      	movs	r0, #8
100060d6:	b017      	add	sp, #92	@ 0x5c
100060d8:	bcf0      	pop	{r4, r5, r6, r7}
100060da:	46bb      	mov	fp, r7
100060dc:	46b2      	mov	sl, r6
100060de:	46a9      	mov	r9, r5
100060e0:	46a0      	mov	r8, r4
100060e2:	bdf0      	pop	{r4, r5, r6, r7, pc}
100060e4:	2b00      	cmp	r3, #0
100060e6:	d000      	beq.n	100060ea <__gxx_personality_v0+0x4a>
100060e8:	e247      	b.n	1000657a <__gxx_personality_v0+0x4da>
100060ea:	3308      	adds	r3, #8
100060ec:	001c      	movs	r4, r3
100060ee:	4004      	ands	r4, r0
100060f0:	4203      	tst	r3, r0
100060f2:	d1e8      	bne.n	100060c6 <__gxx_personality_v0+0x26>
100060f4:	ab10      	add	r3, sp, #64	@ 0x40
100060f6:	2501      	movs	r5, #1
100060f8:	469a      	mov	sl, r3
100060fa:	4643      	mov	r3, r8
100060fc:	9310      	str	r3, [sp, #64]	@ 0x40
100060fe:	4653      	mov	r3, sl
10006100:	220c      	movs	r2, #12
10006102:	2100      	movs	r1, #0
10006104:	9300      	str	r3, [sp, #0]
10006106:	0038      	movs	r0, r7
10006108:	2300      	movs	r3, #0
1000610a:	f002 fb99 	bl	10008840 <___Unwind_VRS_Set_veneer>
1000610e:	0038      	movs	r0, r7
10006110:	f002 fc0e 	bl	10008930 <___Unwind_GetLanguageSpecificData_veneer>
10006114:	9005      	str	r0, [sp, #20]
10006116:	2800      	cmp	r0, #0
10006118:	d0d5      	beq.n	100060c6 <__gxx_personality_v0+0x26>
1000611a:	2300      	movs	r3, #0
1000611c:	4652      	mov	r2, sl
1000611e:	9313      	str	r3, [sp, #76]	@ 0x4c
10006120:	6113      	str	r3, [r2, #16]
10006122:	4653      	mov	r3, sl
10006124:	9a03      	ldr	r2, [sp, #12]
10006126:	432c      	orrs	r4, r5
10006128:	751a      	strb	r2, [r3, #20]
1000612a:	9905      	ldr	r1, [sp, #20]
1000612c:	4652      	mov	r2, sl
1000612e:	0038      	movs	r0, r7
10006130:	9404      	str	r4, [sp, #16]
10006132:	f7ff ff6b 	bl	1000600c <_ZL17parse_lsda_headerP15_Unwind_ContextPKhP16lsda_header_info>
10006136:	9b13      	ldr	r3, [sp, #76]	@ 0x4c
10006138:	0039      	movs	r1, r7
1000613a:	9306      	str	r3, [sp, #24]
1000613c:	4653      	mov	r3, sl
1000613e:	691d      	ldr	r5, [r3, #16]
10006140:	0004      	movs	r4, r0
10006142:	9502      	str	r5, [sp, #8]
10006144:	7d1b      	ldrb	r3, [r3, #20]
10006146:	0018      	movs	r0, r3
10006148:	9303      	str	r3, [sp, #12]
1000614a:	f7ff ff3f 	bl	10005fcc <_ZL21base_of_encoded_valuehP15_Unwind_Context>
1000614e:	4653      	mov	r3, sl
10006150:	6098      	str	r0, [r3, #8]
10006152:	ab0f      	add	r3, sp, #60	@ 0x3c
10006154:	220f      	movs	r2, #15
10006156:	9007      	str	r0, [sp, #28]
10006158:	9300      	str	r3, [sp, #0]
1000615a:	469b      	mov	fp, r3
1000615c:	2100      	movs	r1, #0
1000615e:	2300      	movs	r3, #0
10006160:	0038      	movs	r0, r7
10006162:	f002 fbcd 	bl	10008900 <___Unwind_VRS_Get_veneer>
10006166:	2201      	movs	r2, #1
10006168:	9b0f      	ldr	r3, [sp, #60]	@ 0x3c
1000616a:	4393      	bics	r3, r2
1000616c:	3b01      	subs	r3, #1
1000616e:	4699      	mov	r9, r3
10006170:	42ac      	cmp	r4, r5
10006172:	d244      	bcs.n	100061fe <__gxx_personality_v0+0x15e>
10006174:	4653      	mov	r3, sl
10006176:	0039      	movs	r1, r7
10006178:	7d5e      	ldrb	r6, [r3, #21]
1000617a:	9b10      	ldr	r3, [sp, #64]	@ 0x40
1000617c:	4652      	mov	r2, sl
1000617e:	0027      	movs	r7, r4
10006180:	257f      	movs	r5, #127	@ 0x7f
10006182:	464c      	mov	r4, r9
10006184:	469a      	mov	sl, r3
10006186:	4689      	mov	r9, r1
10006188:	9208      	str	r2, [sp, #32]
1000618a:	2100      	movs	r1, #0
1000618c:	0030      	movs	r0, r6
1000618e:	f7ff ff1d 	bl	10005fcc <_ZL21base_of_encoded_valuehP15_Unwind_Context>
10006192:	003a      	movs	r2, r7
10006194:	0001      	movs	r1, r0
10006196:	ab0d      	add	r3, sp, #52	@ 0x34
10006198:	0030      	movs	r0, r6
1000619a:	f7ff fe95 	bl	10005ec8 <_ZL28read_encoded_value_with_basehjPKhPj>
1000619e:	2100      	movs	r1, #0
100061a0:	0007      	movs	r7, r0
100061a2:	0030      	movs	r0, r6
100061a4:	f7ff ff12 	bl	10005fcc <_ZL21base_of_encoded_valuehP15_Unwind_Context>
100061a8:	003a      	movs	r2, r7
100061aa:	0001      	movs	r1, r0
100061ac:	ab0e      	add	r3, sp, #56	@ 0x38
100061ae:	0030      	movs	r0, r6
100061b0:	f7ff fe8a 	bl	10005ec8 <_ZL28read_encoded_value_with_basehjPKhPj>
100061b4:	2100      	movs	r1, #0
100061b6:	0007      	movs	r7, r0
100061b8:	0030      	movs	r0, r6
100061ba:	f7ff ff07 	bl	10005fcc <_ZL21base_of_encoded_valuehP15_Unwind_Context>
100061be:	003a      	movs	r2, r7
100061c0:	0001      	movs	r1, r0
100061c2:	465b      	mov	r3, fp
100061c4:	0030      	movs	r0, r6
100061c6:	f7ff fe7f 	bl	10005ec8 <_ZL28read_encoded_value_with_basehjPKhPj>
100061ca:	2100      	movs	r1, #0
100061cc:	2200      	movs	r2, #0
100061ce:	002f      	movs	r7, r5
100061d0:	7803      	ldrb	r3, [r0, #0]
100061d2:	3001      	adds	r0, #1
100061d4:	401f      	ands	r7, r3
100061d6:	4097      	lsls	r7, r2
100061d8:	b25b      	sxtb	r3, r3
100061da:	4339      	orrs	r1, r7
100061dc:	3207      	adds	r2, #7
100061de:	2b00      	cmp	r3, #0
100061e0:	dbf5      	blt.n	100061ce <__gxx_personality_v0+0x12e>
100061e2:	9b0d      	ldr	r3, [sp, #52]	@ 0x34
100061e4:	4453      	add	r3, sl
100061e6:	42a3      	cmp	r3, r4
100061e8:	d808      	bhi.n	100061fc <__gxx_personality_v0+0x15c>
100061ea:	9a0e      	ldr	r2, [sp, #56]	@ 0x38
100061ec:	189b      	adds	r3, r3, r2
100061ee:	42a3      	cmp	r3, r4
100061f0:	d900      	bls.n	100061f4 <__gxx_personality_v0+0x154>
100061f2:	e082      	b.n	100062fa <__gxx_personality_v0+0x25a>
100061f4:	9b02      	ldr	r3, [sp, #8]
100061f6:	0007      	movs	r7, r0
100061f8:	4283      	cmp	r3, r0
100061fa:	d8c6      	bhi.n	1000618a <__gxx_personality_v0+0xea>
100061fc:	464f      	mov	r7, r9
100061fe:	9b04      	ldr	r3, [sp, #16]
10006200:	07db      	lsls	r3, r3, #31
10006202:	d571      	bpl.n	100062e8 <__gxx_personality_v0+0x248>
10006204:	2600      	movs	r6, #0
10006206:	2500      	movs	r5, #0
10006208:	9b0c      	ldr	r3, [sp, #48]	@ 0x30
1000620a:	9302      	str	r3, [sp, #8]
1000620c:	465b      	mov	r3, fp
1000620e:	220d      	movs	r2, #13
10006210:	9300      	str	r3, [sp, #0]
10006212:	2100      	movs	r1, #0
10006214:	2300      	movs	r3, #0
10006216:	0038      	movs	r0, r7
10006218:	f002 fb72 	bl	10008900 <___Unwind_VRS_Get_veneer>
1000621c:	4642      	mov	r2, r8
1000621e:	9b0f      	ldr	r3, [sp, #60]	@ 0x3c
10006220:	2006      	movs	r0, #6
10006222:	6213      	str	r3, [r2, #32]
10006224:	4643      	mov	r3, r8
10006226:	9a02      	ldr	r2, [sp, #8]
10006228:	629e      	str	r6, [r3, #40]	@ 0x28
1000622a:	625a      	str	r2, [r3, #36]	@ 0x24
1000622c:	9a05      	ldr	r2, [sp, #20]
1000622e:	631d      	str	r5, [r3, #48]	@ 0x30
10006230:	62da      	str	r2, [r3, #44]	@ 0x2c
10006232:	e750      	b.n	100060d6 <__gxx_personality_v0+0x36>
10006234:	2009      	movs	r0, #9
10006236:	e74e      	b.n	100060d6 <__gxx_personality_v0+0x36>
10006238:	2308      	movs	r3, #8
1000623a:	001c      	movs	r4, r3
1000623c:	aa10      	add	r2, sp, #64	@ 0x40
1000623e:	4692      	mov	sl, r2
10006240:	4004      	ands	r4, r0
10006242:	4203      	tst	r3, r0
10006244:	d001      	beq.n	1000624a <__gxx_personality_v0+0x1aa>
10006246:	2502      	movs	r5, #2
10006248:	e757      	b.n	100060fa <__gxx_personality_v0+0x5a>
1000624a:	6a0d      	ldr	r5, [r1, #32]
1000624c:	2300      	movs	r3, #0
1000624e:	9200      	str	r2, [sp, #0]
10006250:	2100      	movs	r1, #0
10006252:	220d      	movs	r2, #13
10006254:	0038      	movs	r0, r7
10006256:	f002 fb53 	bl	10008900 <___Unwind_VRS_Get_veneer>
1000625a:	9b10      	ldr	r3, [sp, #64]	@ 0x40
1000625c:	429d      	cmp	r5, r3
1000625e:	d1f2      	bne.n	10006246 <__gxx_personality_v0+0x1a6>
10006260:	4643      	mov	r3, r8
10006262:	9310      	str	r3, [sp, #64]	@ 0x40
10006264:	4653      	mov	r3, sl
10006266:	220c      	movs	r2, #12
10006268:	9300      	str	r3, [sp, #0]
1000626a:	2100      	movs	r1, #0
1000626c:	2300      	movs	r3, #0
1000626e:	0038      	movs	r0, r7
10006270:	f002 fae6 	bl	10008840 <___Unwind_VRS_Set_veneer>
10006274:	4643      	mov	r3, r8
10006276:	6b1d      	ldr	r5, [r3, #48]	@ 0x30
10006278:	2d00      	cmp	r5, #0
1000627a:	d03b      	beq.n	100062f4 <__gxx_personality_v0+0x254>
1000627c:	6a9e      	ldr	r6, [r3, #40]	@ 0x28
1000627e:	6adb      	ldr	r3, [r3, #44]	@ 0x2c
10006280:	9305      	str	r3, [sp, #20]
10006282:	ab0f      	add	r3, sp, #60	@ 0x3c
10006284:	469b      	mov	fp, r3
10006286:	2e00      	cmp	r6, #0
10006288:	da00      	bge.n	1000628c <__gxx_personality_v0+0x1ec>
1000628a:	e0b7      	b.n	100063fc <__gxx_personality_v0+0x35c>
1000628c:	2403      	movs	r4, #3
1000628e:	4643      	mov	r3, r8
10006290:	930f      	str	r3, [sp, #60]	@ 0x3c
10006292:	465b      	mov	r3, fp
10006294:	2200      	movs	r2, #0
10006296:	2100      	movs	r1, #0
10006298:	9300      	str	r3, [sp, #0]
1000629a:	0038      	movs	r0, r7
1000629c:	2300      	movs	r3, #0
1000629e:	f002 facf 	bl	10008840 <___Unwind_VRS_Set_veneer>
100062a2:	465b      	mov	r3, fp
100062a4:	2201      	movs	r2, #1
100062a6:	2100      	movs	r1, #0
100062a8:	9300      	str	r3, [sp, #0]
100062aa:	0038      	movs	r0, r7
100062ac:	2300      	movs	r3, #0
100062ae:	960f      	str	r6, [sp, #60]	@ 0x3c
100062b0:	f002 fac6 	bl	10008840 <___Unwind_VRS_Set_veneer>
100062b4:	465b      	mov	r3, fp
100062b6:	220f      	movs	r2, #15
100062b8:	2100      	movs	r1, #0
100062ba:	9300      	str	r3, [sp, #0]
100062bc:	0038      	movs	r0, r7
100062be:	2300      	movs	r3, #0
100062c0:	f002 fb1e 	bl	10008900 <___Unwind_VRS_Get_veneer>
100062c4:	2301      	movs	r3, #1
100062c6:	9a0f      	ldr	r2, [sp, #60]	@ 0x3c
100062c8:	2100      	movs	r1, #0
100062ca:	4013      	ands	r3, r2
100062cc:	432b      	orrs	r3, r5
100062ce:	930f      	str	r3, [sp, #60]	@ 0x3c
100062d0:	465b      	mov	r3, fp
100062d2:	220f      	movs	r2, #15
100062d4:	9300      	str	r3, [sp, #0]
100062d6:	0038      	movs	r0, r7
100062d8:	2300      	movs	r3, #0
100062da:	f002 fab1 	bl	10008840 <___Unwind_VRS_Set_veneer>
100062de:	2c02      	cmp	r4, #2
100062e0:	d100      	bne.n	100062e4 <__gxx_personality_v0+0x244>
100062e2:	e086      	b.n	100063f2 <__gxx_personality_v0+0x352>
100062e4:	2007      	movs	r0, #7
100062e6:	e6f6      	b.n	100060d6 <__gxx_personality_v0+0x36>
100062e8:	2308      	movs	r3, #8
100062ea:	9a04      	ldr	r2, [sp, #16]
100062ec:	4213      	tst	r3, r2
100062ee:	d001      	beq.n	100062f4 <__gxx_personality_v0+0x254>
100062f0:	f000 f950 	bl	10006594 <_ZSt9terminatev>
100062f4:	4640      	mov	r0, r8
100062f6:	f000 fc86 	bl	10006c06 <__cxa_call_terminate>
100062fa:	9b08      	ldr	r3, [sp, #32]
100062fc:	464f      	mov	r7, r9
100062fe:	469a      	mov	sl, r3
10006300:	9b0f      	ldr	r3, [sp, #60]	@ 0x3c
10006302:	2b00      	cmp	r3, #0
10006304:	d100      	bne.n	10006308 <__gxx_personality_v0+0x268>
10006306:	e6de      	b.n	100060c6 <__gxx_personality_v0+0x26>
10006308:	4652      	mov	r2, sl
1000630a:	6855      	ldr	r5, [r2, #4]
1000630c:	195d      	adds	r5, r3, r5
1000630e:	2900      	cmp	r1, #0
10006310:	d100      	bne.n	10006314 <__gxx_personality_v0+0x274>
10006312:	e104      	b.n	1000651e <__gxx_personality_v0+0x47e>
10006314:	9b02      	ldr	r3, [sp, #8]
10006316:	1e4c      	subs	r4, r1, #1
10006318:	469c      	mov	ip, r3
1000631a:	4464      	add	r4, ip
1000631c:	2d00      	cmp	r5, #0
1000631e:	d100      	bne.n	10006322 <__gxx_personality_v0+0x282>
10006320:	e6d1      	b.n	100060c6 <__gxx_personality_v0+0x26>
10006322:	9a04      	ldr	r2, [sp, #16]
10006324:	2308      	movs	r3, #8
10006326:	0011      	movs	r1, r2
10006328:	4019      	ands	r1, r3
1000632a:	910a      	str	r1, [sp, #40]	@ 0x28
1000632c:	4213      	tst	r3, r2
1000632e:	d100      	bne.n	10006332 <__gxx_personality_v0+0x292>
10006330:	e103      	b.n	1000653a <__gxx_personality_v0+0x49a>
10006332:	4642      	mov	r2, r8
10006334:	333f      	adds	r3, #63	@ 0x3f
10006336:	7013      	strb	r3, [r2, #0]
10006338:	3307      	adds	r3, #7
1000633a:	7053      	strb	r3, [r2, #1]
1000633c:	3307      	adds	r3, #7
1000633e:	7093      	strb	r3, [r2, #2]
10006340:	3b12      	subs	r3, #18
10006342:	70d3      	strb	r3, [r2, #3]
10006344:	3303      	adds	r3, #3
10006346:	7113      	strb	r3, [r2, #4]
10006348:	3309      	adds	r3, #9
1000634a:	7153      	strb	r3, [r2, #5]
1000634c:	3303      	adds	r3, #3
1000634e:	7193      	strb	r3, [r2, #6]
10006350:	2300      	movs	r3, #0
10006352:	71d3      	strb	r3, [r2, #7]
10006354:	2300      	movs	r3, #0
10006356:	9a03      	ldr	r2, [sp, #12]
10006358:	4699      	mov	r9, r3
1000635a:	3307      	adds	r3, #7
1000635c:	401a      	ands	r2, r3
1000635e:	4653      	mov	r3, sl
10006360:	46ba      	mov	sl, r7
10006362:	9208      	str	r2, [sp, #32]
10006364:	9509      	str	r5, [sp, #36]	@ 0x24
10006366:	930b      	str	r3, [sp, #44]	@ 0x2c
10006368:	2600      	movs	r6, #0
1000636a:	2200      	movs	r2, #0
1000636c:	217f      	movs	r1, #127	@ 0x7f
1000636e:	000b      	movs	r3, r1
10006370:	7820      	ldrb	r0, [r4, #0]
10006372:	3401      	adds	r4, #1
10006374:	4003      	ands	r3, r0
10006376:	4093      	lsls	r3, r2
10006378:	431e      	orrs	r6, r3
1000637a:	b243      	sxtb	r3, r0
1000637c:	3207      	adds	r2, #7
1000637e:	2b00      	cmp	r3, #0
10006380:	dbf5      	blt.n	1000636e <__gxx_personality_v0+0x2ce>
10006382:	2a1f      	cmp	r2, #31
10006384:	d805      	bhi.n	10006392 <__gxx_personality_v0+0x2f2>
10006386:	0640      	lsls	r0, r0, #25
10006388:	d503      	bpl.n	10006392 <__gxx_personality_v0+0x2f2>
1000638a:	2301      	movs	r3, #1
1000638c:	4093      	lsls	r3, r2
1000638e:	425b      	negs	r3, r3
10006390:	431e      	orrs	r6, r3
10006392:	0021      	movs	r1, r4
10006394:	2500      	movs	r5, #0
10006396:	2200      	movs	r2, #0
10006398:	277f      	movs	r7, #127	@ 0x7f
1000639a:	003b      	movs	r3, r7
1000639c:	7808      	ldrb	r0, [r1, #0]
1000639e:	3101      	adds	r1, #1
100063a0:	4003      	ands	r3, r0
100063a2:	4093      	lsls	r3, r2
100063a4:	431d      	orrs	r5, r3
100063a6:	b243      	sxtb	r3, r0
100063a8:	3207      	adds	r2, #7
100063aa:	2b00      	cmp	r3, #0
100063ac:	dbf5      	blt.n	1000639a <__gxx_personality_v0+0x2fa>
100063ae:	2a1f      	cmp	r2, #31
100063b0:	d854      	bhi.n	1000645c <__gxx_personality_v0+0x3bc>
100063b2:	0640      	lsls	r0, r0, #25
100063b4:	d552      	bpl.n	1000645c <__gxx_personality_v0+0x3bc>
100063b6:	2301      	movs	r3, #1
100063b8:	4093      	lsls	r3, r2
100063ba:	425b      	negs	r3, r3
100063bc:	431d      	orrs	r5, r3
100063be:	2e00      	cmp	r6, #0
100063c0:	d07e      	beq.n	100064c0 <__gxx_personality_v0+0x420>
100063c2:	9b04      	ldr	r3, [sp, #16]
100063c4:	2b02      	cmp	r3, #2
100063c6:	d012      	beq.n	100063ee <__gxx_personality_v0+0x34e>
100063c8:	2e00      	cmp	r6, #0
100063ca:	dc4e      	bgt.n	1000646a <__gxx_personality_v0+0x3ca>
100063cc:	9b06      	ldr	r3, [sp, #24]
100063ce:	43f7      	mvns	r7, r6
100063d0:	469c      	mov	ip, r3
100063d2:	4643      	mov	r3, r8
100063d4:	00bf      	lsls	r7, r7, #2
100063d6:	4467      	add	r7, ip
100063d8:	6839      	ldr	r1, [r7, #0]
100063da:	2b00      	cmp	r3, #0
100063dc:	d002      	beq.n	100063e4 <__gxx_personality_v0+0x344>
100063de:	9b0a      	ldr	r3, [sp, #40]	@ 0x28
100063e0:	2b00      	cmp	r3, #0
100063e2:	d071      	beq.n	100064c8 <__gxx_personality_v0+0x428>
100063e4:	2900      	cmp	r1, #0
100063e6:	d100      	bne.n	100063ea <__gxx_personality_v0+0x34a>
100063e8:	e0bb      	b.n	10006562 <__gxx_personality_v0+0x4c2>
100063ea:	2d00      	cmp	r5, #0
100063ec:	d029      	beq.n	10006442 <__gxx_personality_v0+0x3a2>
100063ee:	1964      	adds	r4, r4, r5
100063f0:	e7ba      	b.n	10006368 <__gxx_personality_v0+0x2c8>
100063f2:	4640      	mov	r0, r8
100063f4:	f7ff fc66 	bl	10005cc4 <__cxa_begin_cleanup>
100063f8:	2007      	movs	r0, #7
100063fa:	e66c      	b.n	100060d6 <__gxx_personality_v0+0x36>
100063fc:	9b06      	ldr	r3, [sp, #24]
100063fe:	9a03      	ldr	r2, [sp, #12]
10006400:	9313      	str	r3, [sp, #76]	@ 0x4c
10006402:	4653      	mov	r3, sl
10006404:	9905      	ldr	r1, [sp, #20]
10006406:	751a      	strb	r2, [r3, #20]
10006408:	0038      	movs	r0, r7
1000640a:	4652      	mov	r2, sl
1000640c:	f7ff fdfe 	bl	1000600c <_ZL17parse_lsda_headerP15_Unwind_ContextPKhP16lsda_header_info>
10006410:	4653      	mov	r3, sl
10006412:	0039      	movs	r1, r7
10006414:	7d18      	ldrb	r0, [r3, #20]
10006416:	9c13      	ldr	r4, [sp, #76]	@ 0x4c
10006418:	f7ff fdd8 	bl	10005fcc <_ZL21base_of_encoded_valuehP15_Unwind_Context>
1000641c:	43f3      	mvns	r3, r6
1000641e:	009b      	lsls	r3, r3, #2
10006420:	18e4      	adds	r4, r4, r3
10006422:	6823      	ldr	r3, [r4, #0]
10006424:	2b00      	cmp	r3, #0
10006426:	d005      	beq.n	10006434 <__gxx_personality_v0+0x394>
10006428:	2300      	movs	r3, #0
1000642a:	3301      	adds	r3, #1
1000642c:	009a      	lsls	r2, r3, #2
1000642e:	58a2      	ldr	r2, [r4, r2]
10006430:	2a00      	cmp	r2, #0
10006432:	d1fa      	bne.n	1000642a <__gxx_personality_v0+0x38a>
10006434:	4642      	mov	r2, r8
10006436:	6293      	str	r3, [r2, #40]	@ 0x28
10006438:	2304      	movs	r3, #4
1000643a:	62d0      	str	r0, [r2, #44]	@ 0x2c
1000643c:	6313      	str	r3, [r2, #48]	@ 0x30
1000643e:	6354      	str	r4, [r2, #52]	@ 0x34
10006440:	e724      	b.n	1000628c <__gxx_personality_v0+0x1ec>
10006442:	464b      	mov	r3, r9
10006444:	4657      	mov	r7, sl
10006446:	9d09      	ldr	r5, [sp, #36]	@ 0x24
10006448:	2b00      	cmp	r3, #0
1000644a:	d100      	bne.n	1000644e <__gxx_personality_v0+0x3ae>
1000644c:	e63b      	b.n	100060c6 <__gxx_personality_v0+0x26>
1000644e:	9b04      	ldr	r3, [sp, #16]
10006450:	07db      	lsls	r3, r3, #31
10006452:	d500      	bpl.n	10006456 <__gxx_personality_v0+0x3b6>
10006454:	e637      	b.n	100060c6 <__gxx_personality_v0+0x26>
10006456:	2600      	movs	r6, #0
10006458:	2402      	movs	r4, #2
1000645a:	e718      	b.n	1000628e <__gxx_personality_v0+0x1ee>
1000645c:	2e00      	cmp	r6, #0
1000645e:	d02c      	beq.n	100064ba <__gxx_personality_v0+0x41a>
10006460:	9b04      	ldr	r3, [sp, #16]
10006462:	2b02      	cmp	r3, #2
10006464:	d0c1      	beq.n	100063ea <__gxx_personality_v0+0x34a>
10006466:	2e00      	cmp	r6, #0
10006468:	ddb0      	ble.n	100063cc <__gxx_personality_v0+0x32c>
1000646a:	9b03      	ldr	r3, [sp, #12]
1000646c:	2bff      	cmp	r3, #255	@ 0xff
1000646e:	d054      	beq.n	1000651a <__gxx_personality_v0+0x47a>
10006470:	9b08      	ldr	r3, [sp, #32]
10006472:	2b02      	cmp	r3, #2
10006474:	d047      	beq.n	10006506 <__gxx_personality_v0+0x466>
10006476:	d94a      	bls.n	1000650e <__gxx_personality_v0+0x46e>
10006478:	9b08      	ldr	r3, [sp, #32]
1000647a:	2b03      	cmp	r3, #3
1000647c:	d049      	beq.n	10006512 <__gxx_personality_v0+0x472>
1000647e:	2b04      	cmp	r3, #4
10006480:	d17b      	bne.n	1000657a <__gxx_personality_v0+0x4da>
10006482:	9b06      	ldr	r3, [sp, #24]
10006484:	00f2      	lsls	r2, r6, #3
10006486:	1a9a      	subs	r2, r3, r2
10006488:	9907      	ldr	r1, [sp, #28]
1000648a:	465b      	mov	r3, fp
1000648c:	9803      	ldr	r0, [sp, #12]
1000648e:	f7ff fd1b 	bl	10005ec8 <_ZL28read_encoded_value_with_basehjPKhPj>
10006492:	990f      	ldr	r1, [sp, #60]	@ 0x3c
10006494:	2900      	cmp	r1, #0
10006496:	d009      	beq.n	100064ac <__gxx_personality_v0+0x40c>
10006498:	4643      	mov	r3, r8
1000649a:	2b00      	cmp	r3, #0
1000649c:	d0a5      	beq.n	100063ea <__gxx_personality_v0+0x34a>
1000649e:	2200      	movs	r2, #0
100064a0:	4640      	mov	r0, r8
100064a2:	ab0c      	add	r3, sp, #48	@ 0x30
100064a4:	f7ff fbae 	bl	10005c04 <__cxa_type_match>
100064a8:	2800      	cmp	r0, #0
100064aa:	d09e      	beq.n	100063ea <__gxx_personality_v0+0x34a>
100064ac:	9b04      	ldr	r3, [sp, #16]
100064ae:	4657      	mov	r7, sl
100064b0:	9d09      	ldr	r5, [sp, #36]	@ 0x24
100064b2:	07db      	lsls	r3, r3, #31
100064b4:	d400      	bmi.n	100064b8 <__gxx_personality_v0+0x418>
100064b6:	e6e9      	b.n	1000628c <__gxx_personality_v0+0x1ec>
100064b8:	e6a6      	b.n	10006208 <__gxx_personality_v0+0x168>
100064ba:	2301      	movs	r3, #1
100064bc:	4699      	mov	r9, r3
100064be:	e794      	b.n	100063ea <__gxx_personality_v0+0x34a>
100064c0:	2301      	movs	r3, #1
100064c2:	1964      	adds	r4, r4, r5
100064c4:	4699      	mov	r9, r3
100064c6:	e74f      	b.n	10006368 <__gxx_personality_v0+0x2c8>
100064c8:	9b0c      	ldr	r3, [sp, #48]	@ 0x30
100064ca:	9302      	str	r3, [sp, #8]
100064cc:	930f      	str	r3, [sp, #60]	@ 0x3c
100064ce:	2900      	cmp	r1, #0
100064d0:	d03e      	beq.n	10006550 <__gxx_personality_v0+0x4b0>
100064d2:	4643      	mov	r3, r8
100064d4:	465a      	mov	r2, fp
100064d6:	46a0      	mov	r8, r4
100064d8:	46ab      	mov	fp, r5
100064da:	001c      	movs	r4, r3
100064dc:	0015      	movs	r5, r2
100064de:	e003      	b.n	100064e8 <__gxx_personality_v0+0x448>
100064e0:	6879      	ldr	r1, [r7, #4]
100064e2:	3704      	adds	r7, #4
100064e4:	2900      	cmp	r1, #0
100064e6:	d01d      	beq.n	10006524 <__gxx_personality_v0+0x484>
100064e8:	002b      	movs	r3, r5
100064ea:	2200      	movs	r2, #0
100064ec:	0020      	movs	r0, r4
100064ee:	1879      	adds	r1, r7, r1
100064f0:	f7ff fb88 	bl	10005c04 <__cxa_type_match>
100064f4:	2800      	cmp	r0, #0
100064f6:	d0f3      	beq.n	100064e0 <__gxx_personality_v0+0x440>
100064f8:	0022      	movs	r2, r4
100064fa:	002b      	movs	r3, r5
100064fc:	4644      	mov	r4, r8
100064fe:	465d      	mov	r5, fp
10006500:	4690      	mov	r8, r2
10006502:	469b      	mov	fp, r3
10006504:	e771      	b.n	100063ea <__gxx_personality_v0+0x34a>
10006506:	9b06      	ldr	r3, [sp, #24]
10006508:	0072      	lsls	r2, r6, #1
1000650a:	1a9a      	subs	r2, r3, r2
1000650c:	e7bc      	b.n	10006488 <__gxx_personality_v0+0x3e8>
1000650e:	2b00      	cmp	r3, #0
10006510:	d133      	bne.n	1000657a <__gxx_personality_v0+0x4da>
10006512:	9b06      	ldr	r3, [sp, #24]
10006514:	00b2      	lsls	r2, r6, #2
10006516:	1a9a      	subs	r2, r3, r2
10006518:	e7b6      	b.n	10006488 <__gxx_personality_v0+0x3e8>
1000651a:	9a06      	ldr	r2, [sp, #24]
1000651c:	e7b4      	b.n	10006488 <__gxx_personality_v0+0x3e8>
1000651e:	2d00      	cmp	r5, #0
10006520:	d195      	bne.n	1000644e <__gxx_personality_v0+0x3ae>
10006522:	e5d0      	b.n	100060c6 <__gxx_personality_v0+0x26>
10006524:	9b0b      	ldr	r3, [sp, #44]	@ 0x2c
10006526:	4657      	mov	r7, sl
10006528:	469a      	mov	sl, r3
1000652a:	9b04      	ldr	r3, [sp, #16]
1000652c:	46ab      	mov	fp, r5
1000652e:	46a0      	mov	r8, r4
10006530:	9d09      	ldr	r5, [sp, #36]	@ 0x24
10006532:	07db      	lsls	r3, r3, #31
10006534:	d400      	bmi.n	10006538 <__gxx_personality_v0+0x498>
10006536:	e6a6      	b.n	10006286 <__gxx_personality_v0+0x1e6>
10006538:	e666      	b.n	10006208 <__gxx_personality_v0+0x168>
1000653a:	4643      	mov	r3, r8
1000653c:	79da      	ldrb	r2, [r3, #7]
1000653e:	3358      	adds	r3, #88	@ 0x58
10006540:	2a01      	cmp	r2, #1
10006542:	d001      	beq.n	10006548 <__gxx_personality_v0+0x4a8>
10006544:	930c      	str	r3, [sp, #48]	@ 0x30
10006546:	e705      	b.n	10006354 <__gxx_personality_v0+0x2b4>
10006548:	3b78      	subs	r3, #120	@ 0x78
1000654a:	681b      	ldr	r3, [r3, #0]
1000654c:	930c      	str	r3, [sp, #48]	@ 0x30
1000654e:	e701      	b.n	10006354 <__gxx_personality_v0+0x2b4>
10006550:	9b0b      	ldr	r3, [sp, #44]	@ 0x2c
10006552:	4657      	mov	r7, sl
10006554:	469a      	mov	sl, r3
10006556:	9b04      	ldr	r3, [sp, #16]
10006558:	9d09      	ldr	r5, [sp, #36]	@ 0x24
1000655a:	07db      	lsls	r3, r3, #31
1000655c:	d500      	bpl.n	10006560 <__gxx_personality_v0+0x4c0>
1000655e:	e655      	b.n	1000620c <__gxx_personality_v0+0x16c>
10006560:	e691      	b.n	10006286 <__gxx_personality_v0+0x1e6>
10006562:	9b04      	ldr	r3, [sp, #16]
10006564:	4657      	mov	r7, sl
10006566:	9d09      	ldr	r5, [sp, #36]	@ 0x24
10006568:	07db      	lsls	r3, r3, #31
1000656a:	d500      	bpl.n	1000656e <__gxx_personality_v0+0x4ce>
1000656c:	e64c      	b.n	10006208 <__gxx_personality_v0+0x168>
1000656e:	2403      	movs	r4, #3
10006570:	2e00      	cmp	r6, #0
10006572:	d100      	bne.n	10006576 <__gxx_personality_v0+0x4d6>
10006574:	e68b      	b.n	1000628e <__gxx_personality_v0+0x1ee>
10006576:	f000 f819 	bl	100065ac <_ZSt10unexpectedv>
1000657a:	f001 f86b 	bl	10007654 <abort>
1000657e:	f7ff fc09 	bl	10005d94 <__cxa_begin_catch>
10006582:	e6b5      	b.n	100062f0 <__gxx_personality_v0+0x250>

10006584 <_ZN10__cxxabiv111__terminateEPFvvE>:
10006584:	b510      	push	{r4, lr}
10006586:	4780      	blx	r0
10006588:	f001 f864 	bl	10007654 <abort>
1000658c:	f7ff fc02 	bl	10005d94 <__cxa_begin_catch>
10006590:	f001 f860 	bl	10007654 <abort>

10006594 <_ZSt9terminatev>:
10006594:	4b02      	ldr	r3, [pc, #8]	@ (100065a0 <_ZSt9terminatev+0xc>)
10006596:	b510      	push	{r4, lr}
10006598:	6818      	ldr	r0, [r3, #0]
1000659a:	f7ff fff3 	bl	10006584 <_ZN10__cxxabiv111__terminateEPFvvE>
1000659e:	46c0      	nop			@ (mov r8, r8)
100065a0:	2000140c 	.word	0x2000140c

100065a4 <_ZN10__cxxabiv112__unexpectedEPFvvE>:
100065a4:	b510      	push	{r4, lr}
100065a6:	4780      	blx	r0
100065a8:	f7ff fff4 	bl	10006594 <_ZSt9terminatev>

100065ac <_ZSt10unexpectedv>:
100065ac:	4b02      	ldr	r3, [pc, #8]	@ (100065b8 <_ZSt10unexpectedv+0xc>)
100065ae:	b510      	push	{r4, lr}
100065b0:	6818      	ldr	r0, [r3, #0]
100065b2:	f7ff fff7 	bl	100065a4 <_ZN10__cxxabiv112__unexpectedEPFvvE>
100065b6:	46c0      	nop			@ (mov r8, r8)
100065b8:	20001408 	.word	0x20001408

100065bc <_ZSt13get_terminatev>:
100065bc:	4b01      	ldr	r3, [pc, #4]	@ (100065c4 <_ZSt13get_terminatev+0x8>)
100065be:	6818      	ldr	r0, [r3, #0]
100065c0:	4770      	bx	lr
100065c2:	46c0      	nop			@ (mov r8, r8)
100065c4:	2000140c 	.word	0x2000140c

100065c8 <_ZSt14get_unexpectedv>:
100065c8:	4b01      	ldr	r3, [pc, #4]	@ (100065d0 <_ZSt14get_unexpectedv+0x8>)
100065ca:	6818      	ldr	r0, [r3, #0]
100065cc:	4770      	bx	lr
100065ce:	46c0      	nop			@ (mov r8, r8)
100065d0:	20001408 	.word	0x20001408

100065d4 <_ZL23__gxx_exception_cleanup19_Unwind_Reason_CodeP21_Unwind_Control_Block>:
100065d4:	b510      	push	{r4, lr}
100065d6:	2801      	cmp	r0, #1
100065d8:	d812      	bhi.n	10006600 <_ZL23__gxx_exception_cleanup19_Unwind_Reason_CodeP21_Unwind_Control_Block+0x2c>
100065da:	000b      	movs	r3, r1
100065dc:	3b28      	subs	r3, #40	@ 0x28
100065de:	681a      	ldr	r2, [r3, #0]
100065e0:	1e50      	subs	r0, r2, #1
100065e2:	6018      	str	r0, [r3, #0]
100065e4:	2a01      	cmp	r2, #1
100065e6:	d000      	beq.n	100065ea <_ZL23__gxx_exception_cleanup19_Unwind_Reason_CodeP21_Unwind_Control_Block+0x16>
100065e8:	bd10      	pop	{r4, pc}
100065ea:	68db      	ldr	r3, [r3, #12]
100065ec:	3158      	adds	r1, #88	@ 0x58
100065ee:	000c      	movs	r4, r1
100065f0:	2b00      	cmp	r3, #0
100065f2:	d001      	beq.n	100065f8 <_ZL23__gxx_exception_cleanup19_Unwind_Reason_CodeP21_Unwind_Control_Block+0x24>
100065f4:	0008      	movs	r0, r1
100065f6:	4798      	blx	r3
100065f8:	0020      	movs	r0, r4
100065fa:	f000 fa49 	bl	10006a90 <__cxa_free_exception>
100065fe:	e7f3      	b.n	100065e8 <_ZL23__gxx_exception_cleanup19_Unwind_Reason_CodeP21_Unwind_Control_Block+0x14>
10006600:	3928      	subs	r1, #40	@ 0x28
10006602:	6948      	ldr	r0, [r1, #20]
10006604:	f7ff ffbe 	bl	10006584 <_ZN10__cxxabiv111__terminateEPFvvE>

10006608 <__cxa_init_primary_exception>:
10006608:	b570      	push	{r4, r5, r6, lr}
1000660a:	0005      	movs	r5, r0
1000660c:	2600      	movs	r6, #0
1000660e:	3d80      	subs	r5, #128	@ 0x80
10006610:	60ea      	str	r2, [r5, #12]
10006612:	602e      	str	r6, [r5, #0]
10006614:	60a9      	str	r1, [r5, #8]
10006616:	0004      	movs	r4, r0
10006618:	f7ff ffd6 	bl	100065c8 <_ZSt14get_unexpectedv>
1000661c:	6128      	str	r0, [r5, #16]
1000661e:	f7ff ffcd 	bl	100065bc <_ZSt13get_terminatev>
10006622:	0023      	movs	r3, r4
10006624:	2247      	movs	r2, #71	@ 0x47
10006626:	3b58      	subs	r3, #88	@ 0x58
10006628:	6168      	str	r0, [r5, #20]
1000662a:	701a      	strb	r2, [r3, #0]
1000662c:	3207      	adds	r2, #7
1000662e:	705a      	strb	r2, [r3, #1]
10006630:	3207      	adds	r2, #7
10006632:	709a      	strb	r2, [r3, #2]
10006634:	0022      	movs	r2, r4
10006636:	2343      	movs	r3, #67	@ 0x43
10006638:	3a55      	subs	r2, #85	@ 0x55
1000663a:	7013      	strb	r3, [r2, #0]
1000663c:	7053      	strb	r3, [r2, #1]
1000663e:	3b18      	subs	r3, #24
10006640:	7093      	strb	r3, [r2, #2]
10006642:	70d3      	strb	r3, [r2, #3]
10006644:	4b02      	ldr	r3, [pc, #8]	@ (10006650 <__cxa_init_primary_exception+0x48>)
10006646:	3c51      	subs	r4, #81	@ 0x51
10006648:	0028      	movs	r0, r5
1000664a:	7026      	strb	r6, [r4, #0]
1000664c:	632b      	str	r3, [r5, #48]	@ 0x30
1000664e:	bd70      	pop	{r4, r5, r6, pc}
10006650:	100065d5 	.word	0x100065d5

10006654 <__cxa_throw>:
10006654:	b570      	push	{r4, r5, r6, lr}
10006656:	0004      	movs	r4, r0
10006658:	000d      	movs	r5, r1
1000665a:	0016      	movs	r6, r2
1000665c:	f7ff fc30 	bl	10005ec0 <__cxa_get_globals>
10006660:	6843      	ldr	r3, [r0, #4]
10006662:	0032      	movs	r2, r6
10006664:	3301      	adds	r3, #1
10006666:	0029      	movs	r1, r5
10006668:	6043      	str	r3, [r0, #4]
1000666a:	0020      	movs	r0, r4
1000666c:	f7ff ffcc 	bl	10006608 <__cxa_init_primary_exception>
10006670:	0004      	movs	r4, r0
10006672:	2301      	movs	r3, #1
10006674:	3428      	adds	r4, #40	@ 0x28
10006676:	6003      	str	r3, [r0, #0]
10006678:	0020      	movs	r0, r4
1000667a:	f002 f951 	bl	10008920 <___Unwind_RaiseException_veneer>
1000667e:	0020      	movs	r0, r4
10006680:	f7ff fb88 	bl	10005d94 <__cxa_begin_catch>
10006684:	f7ff ff86 	bl	10006594 <_ZSt9terminatev>

10006688 <__cxa_rethrow>:
10006688:	b510      	push	{r4, lr}
1000668a:	f7ff fc19 	bl	10005ec0 <__cxa_get_globals>
1000668e:	6842      	ldr	r2, [r0, #4]
10006690:	6804      	ldr	r4, [r0, #0]
10006692:	3201      	adds	r2, #1
10006694:	6042      	str	r2, [r0, #4]
10006696:	2c00      	cmp	r4, #0
10006698:	d00c      	beq.n	100066b4 <__cxa_rethrow+0x2c>
1000669a:	2220      	movs	r2, #32
1000669c:	5ca2      	ldrb	r2, [r4, r2]
1000669e:	2a47      	cmp	r2, #71	@ 0x47
100066a0:	d00a      	beq.n	100066b8 <__cxa_rethrow+0x30>
100066a2:	2200      	movs	r2, #0
100066a4:	6002      	str	r2, [r0, #0]
100066a6:	3420      	adds	r4, #32
100066a8:	0020      	movs	r0, r4
100066aa:	f002 f931 	bl	10008910 <___Unwind_Resume_or_Rethrow_veneer>
100066ae:	0020      	movs	r0, r4
100066b0:	f7ff fb70 	bl	10005d94 <__cxa_begin_catch>
100066b4:	f7ff ff6e 	bl	10006594 <_ZSt9terminatev>
100066b8:	3a26      	subs	r2, #38	@ 0x26
100066ba:	5ca2      	ldrb	r2, [r4, r2]
100066bc:	2a4e      	cmp	r2, #78	@ 0x4e
100066be:	d1f0      	bne.n	100066a2 <__cxa_rethrow+0x1a>
100066c0:	3a2c      	subs	r2, #44	@ 0x2c
100066c2:	5ca2      	ldrb	r2, [r4, r2]
100066c4:	2a55      	cmp	r2, #85	@ 0x55
100066c6:	d1ec      	bne.n	100066a2 <__cxa_rethrow+0x1a>
100066c8:	3a32      	subs	r2, #50	@ 0x32
100066ca:	5ca2      	ldrb	r2, [r4, r2]
100066cc:	2a43      	cmp	r2, #67	@ 0x43
100066ce:	d1e8      	bne.n	100066a2 <__cxa_rethrow+0x1a>
100066d0:	3a1f      	subs	r2, #31
100066d2:	5ca2      	ldrb	r2, [r4, r2]
100066d4:	2a43      	cmp	r2, #67	@ 0x43
100066d6:	d1e4      	bne.n	100066a2 <__cxa_rethrow+0x1a>
100066d8:	3a1e      	subs	r2, #30
100066da:	5ca2      	ldrb	r2, [r4, r2]
100066dc:	2a2b      	cmp	r2, #43	@ 0x2b
100066de:	d1e0      	bne.n	100066a2 <__cxa_rethrow+0x1a>
100066e0:	3a05      	subs	r2, #5
100066e2:	5ca2      	ldrb	r2, [r4, r2]
100066e4:	2a2b      	cmp	r2, #43	@ 0x2b
100066e6:	d1dc      	bne.n	100066a2 <__cxa_rethrow+0x1a>
100066e8:	3a04      	subs	r2, #4
100066ea:	5ca2      	ldrb	r2, [r4, r2]
100066ec:	2a01      	cmp	r2, #1
100066ee:	d8d8      	bhi.n	100066a2 <__cxa_rethrow+0x1a>
100066f0:	6962      	ldr	r2, [r4, #20]
100066f2:	4252      	negs	r2, r2
100066f4:	6162      	str	r2, [r4, #20]
100066f6:	e7d6      	b.n	100066a6 <__cxa_rethrow+0x1e>

100066f8 <_ZN10__cxxabiv120__si_class_type_infoD1Ev>:
100066f8:	b510      	push	{r4, lr}
100066fa:	0004      	movs	r4, r0
100066fc:	4b02      	ldr	r3, [pc, #8]	@ (10006708 <_ZN10__cxxabiv120__si_class_type_infoD1Ev+0x10>)
100066fe:	6003      	str	r3, [r0, #0]
10006700:	f000 f8f4 	bl	100068ec <_ZN10__cxxabiv117__class_type_infoD1Ev>
10006704:	0020      	movs	r0, r4
10006706:	bd10      	pop	{r4, pc}
10006708:	100095bc 	.word	0x100095bc

1000670c <_ZN10__cxxabiv120__si_class_type_infoD0Ev>:
1000670c:	b510      	push	{r4, lr}
1000670e:	0004      	movs	r4, r0
10006710:	4b04      	ldr	r3, [pc, #16]	@ (10006724 <_ZN10__cxxabiv120__si_class_type_infoD0Ev+0x18>)
10006712:	6003      	str	r3, [r0, #0]
10006714:	f000 f8ea 	bl	100068ec <_ZN10__cxxabiv117__class_type_infoD1Ev>
10006718:	0020      	movs	r0, r4
1000671a:	210c      	movs	r1, #12
1000671c:	f7fd f934 	bl	10003988 <_ZdlPvj>
10006720:	0020      	movs	r0, r4
10006722:	bd10      	pop	{r4, pc}
10006724:	100095bc 	.word	0x100095bc

10006728 <_ZNK10__cxxabiv120__si_class_type_info20__do_find_public_srcEiPKvPKNS_17__class_type_infoES2_>:
10006728:	b5f0      	push	{r4, r5, r6, r7, lr}
1000672a:	b083      	sub	sp, #12
1000672c:	001e      	movs	r6, r3
1000672e:	9b08      	ldr	r3, [sp, #32]
10006730:	0005      	movs	r5, r0
10006732:	000f      	movs	r7, r1
10006734:	0014      	movs	r4, r2
10006736:	4293      	cmp	r3, r2
10006738:	d00a      	beq.n	10006750 <_ZNK10__cxxabiv120__si_class_type_info20__do_find_public_srcEiPKvPKNS_17__class_type_infoES2_+0x28>
1000673a:	68a8      	ldr	r0, [r5, #8]
1000673c:	9a08      	ldr	r2, [sp, #32]
1000673e:	6803      	ldr	r3, [r0, #0]
10006740:	9200      	str	r2, [sp, #0]
10006742:	6a1d      	ldr	r5, [r3, #32]
10006744:	0022      	movs	r2, r4
10006746:	0033      	movs	r3, r6
10006748:	0039      	movs	r1, r7
1000674a:	47a8      	blx	r5
1000674c:	b003      	add	sp, #12
1000674e:	bdf0      	pop	{r4, r5, r6, r7, pc}
10006750:	0031      	movs	r1, r6
10006752:	f000 f85f 	bl	10006814 <_ZNKSt9type_info7__equalERKS_>
10006756:	2800      	cmp	r0, #0
10006758:	d0ef      	beq.n	1000673a <_ZNK10__cxxabiv120__si_class_type_info20__do_find_public_srcEiPKvPKNS_17__class_type_infoES2_+0x12>
1000675a:	2006      	movs	r0, #6
1000675c:	e7f6      	b.n	1000674c <_ZNK10__cxxabiv120__si_class_type_info20__do_find_public_srcEiPKvPKNS_17__class_type_infoES2_+0x24>
1000675e:	46c0      	nop			@ (mov r8, r8)

10006760 <_ZNK10__cxxabiv120__si_class_type_info12__do_dyncastEiNS_17__class_type_info10__sub_kindEPKS1_PKvS4_S6_RNS1_16__dyncast_resultE>:
10006760:	b5f0      	push	{r4, r5, r6, r7, lr}
10006762:	000e      	movs	r6, r1
10006764:	b085      	sub	sp, #20
10006766:	0019      	movs	r1, r3
10006768:	0004      	movs	r4, r0
1000676a:	0017      	movs	r7, r2
1000676c:	001d      	movs	r5, r3
1000676e:	f000 f851 	bl	10006814 <_ZNKSt9type_info7__equalERKS_>
10006772:	2800      	cmp	r0, #0
10006774:	d114      	bne.n	100067a0 <_ZNK10__cxxabiv120__si_class_type_info12__do_dyncastEiNS_17__class_type_info10__sub_kindEPKS1_PKvS4_S6_RNS1_16__dyncast_resultE+0x40>
10006776:	9b0a      	ldr	r3, [sp, #40]	@ 0x28
10006778:	9a0c      	ldr	r2, [sp, #48]	@ 0x30
1000677a:	4293      	cmp	r3, r2
1000677c:	d02a      	beq.n	100067d4 <_ZNK10__cxxabiv120__si_class_type_info12__do_dyncastEiNS_17__class_type_info10__sub_kindEPKS1_PKvS4_S6_RNS1_16__dyncast_resultE+0x74>
1000677e:	68a0      	ldr	r0, [r4, #8]
10006780:	9a0d      	ldr	r2, [sp, #52]	@ 0x34
10006782:	6803      	ldr	r3, [r0, #0]
10006784:	9203      	str	r2, [sp, #12]
10006786:	9a0c      	ldr	r2, [sp, #48]	@ 0x30
10006788:	0031      	movs	r1, r6
1000678a:	9202      	str	r2, [sp, #8]
1000678c:	9a0b      	ldr	r2, [sp, #44]	@ 0x2c
1000678e:	9201      	str	r2, [sp, #4]
10006790:	9a0a      	ldr	r2, [sp, #40]	@ 0x28
10006792:	9200      	str	r2, [sp, #0]
10006794:	69dc      	ldr	r4, [r3, #28]
10006796:	003a      	movs	r2, r7
10006798:	002b      	movs	r3, r5
1000679a:	47a0      	blx	r4
1000679c:	b005      	add	sp, #20
1000679e:	bdf0      	pop	{r4, r5, r6, r7, pc}
100067a0:	9b0d      	ldr	r3, [sp, #52]	@ 0x34
100067a2:	9a0a      	ldr	r2, [sp, #40]	@ 0x28
100067a4:	711f      	strb	r7, [r3, #4]
100067a6:	601a      	str	r2, [r3, #0]
100067a8:	2e00      	cmp	r6, #0
100067aa:	db0c      	blt.n	100067c6 <_ZNK10__cxxabiv120__si_class_type_info12__do_dyncastEiNS_17__class_type_info10__sub_kindEPKS1_PKvS4_S6_RNS1_16__dyncast_resultE+0x66>
100067ac:	1993      	adds	r3, r2, r6
100067ae:	9a0c      	ldr	r2, [sp, #48]	@ 0x30
100067b0:	1ad3      	subs	r3, r2, r3
100067b2:	1e5a      	subs	r2, r3, #1
100067b4:	4193      	sbcs	r3, r2
100067b6:	2204      	movs	r2, #4
100067b8:	425b      	negs	r3, r3
100067ba:	4393      	bics	r3, r2
100067bc:	9a0d      	ldr	r2, [sp, #52]	@ 0x34
100067be:	3306      	adds	r3, #6
100067c0:	7193      	strb	r3, [r2, #6]
100067c2:	2000      	movs	r0, #0
100067c4:	e7ea      	b.n	1000679c <_ZNK10__cxxabiv120__si_class_type_info12__do_dyncastEiNS_17__class_type_info10__sub_kindEPKS1_PKvS4_S6_RNS1_16__dyncast_resultE+0x3c>
100067c6:	3602      	adds	r6, #2
100067c8:	d1fb      	bne.n	100067c2 <_ZNK10__cxxabiv120__si_class_type_info12__do_dyncastEiNS_17__class_type_info10__sub_kindEPKS1_PKvS4_S6_RNS1_16__dyncast_resultE+0x62>
100067ca:	2301      	movs	r3, #1
100067cc:	9a0d      	ldr	r2, [sp, #52]	@ 0x34
100067ce:	2000      	movs	r0, #0
100067d0:	7193      	strb	r3, [r2, #6]
100067d2:	e7e3      	b.n	1000679c <_ZNK10__cxxabiv120__si_class_type_info12__do_dyncastEiNS_17__class_type_info10__sub_kindEPKS1_PKvS4_S6_RNS1_16__dyncast_resultE+0x3c>
100067d4:	0020      	movs	r0, r4
100067d6:	990b      	ldr	r1, [sp, #44]	@ 0x2c
100067d8:	f000 f81c 	bl	10006814 <_ZNKSt9type_info7__equalERKS_>
100067dc:	2800      	cmp	r0, #0
100067de:	d0ce      	beq.n	1000677e <_ZNK10__cxxabiv120__si_class_type_info12__do_dyncastEiNS_17__class_type_info10__sub_kindEPKS1_PKvS4_S6_RNS1_16__dyncast_resultE+0x1e>
100067e0:	9b0d      	ldr	r3, [sp, #52]	@ 0x34
100067e2:	2000      	movs	r0, #0
100067e4:	715f      	strb	r7, [r3, #5]
100067e6:	e7d9      	b.n	1000679c <_ZNK10__cxxabiv120__si_class_type_info12__do_dyncastEiNS_17__class_type_info10__sub_kindEPKS1_PKvS4_S6_RNS1_16__dyncast_resultE+0x3c>

100067e8 <_ZNK10__cxxabiv120__si_class_type_info11__do_upcastEPKNS_17__class_type_infoEPKvRNS1_15__upcast_resultE>:
100067e8:	b5f8      	push	{r3, r4, r5, r6, r7, lr}
100067ea:	0007      	movs	r7, r0
100067ec:	000c      	movs	r4, r1
100067ee:	0015      	movs	r5, r2
100067f0:	001e      	movs	r6, r3
100067f2:	f000 f8b3 	bl	1000695c <_ZNK10__cxxabiv117__class_type_info11__do_upcastEPKS0_PKvRNS0_15__upcast_resultE>
100067f6:	2800      	cmp	r0, #0
100067f8:	d106      	bne.n	10006808 <_ZNK10__cxxabiv120__si_class_type_info11__do_upcastEPKNS_17__class_type_infoEPKvRNS1_15__upcast_resultE+0x20>
100067fa:	68b8      	ldr	r0, [r7, #8]
100067fc:	002a      	movs	r2, r5
100067fe:	6803      	ldr	r3, [r0, #0]
10006800:	0021      	movs	r1, r4
10006802:	699f      	ldr	r7, [r3, #24]
10006804:	0033      	movs	r3, r6
10006806:	47b8      	blx	r7
10006808:	bdf8      	pop	{r3, r4, r5, r6, r7, pc}
1000680a:	46c0      	nop			@ (mov r8, r8)

1000680c <_ZNSt9type_infoD1Ev>:
1000680c:	4770      	bx	lr
1000680e:	46c0      	nop			@ (mov r8, r8)

10006810 <_ZNKSt9type_info14__is_pointer_pEv>:
10006810:	2000      	movs	r0, #0
10006812:	4770      	bx	lr

10006814 <_ZNKSt9type_info7__equalERKS_>:
10006814:	b510      	push	{r4, lr}
10006816:	4281      	cmp	r1, r0
10006818:	d011      	beq.n	1000683e <_ZNKSt9type_info7__equalERKS_+0x2a>
1000681a:	6840      	ldr	r0, [r0, #4]
1000681c:	7803      	ldrb	r3, [r0, #0]
1000681e:	2b2a      	cmp	r3, #42	@ 0x2a
10006820:	d00b      	beq.n	1000683a <_ZNKSt9type_info7__equalERKS_+0x26>
10006822:	6849      	ldr	r1, [r1, #4]
10006824:	780b      	ldrb	r3, [r1, #0]
10006826:	3b2a      	subs	r3, #42	@ 0x2a
10006828:	425a      	negs	r2, r3
1000682a:	4153      	adcs	r3, r2
1000682c:	18c9      	adds	r1, r1, r3
1000682e:	f001 fc7f 	bl	10008130 <strcmp>
10006832:	4243      	negs	r3, r0
10006834:	4158      	adcs	r0, r3
10006836:	b2c0      	uxtb	r0, r0
10006838:	bd10      	pop	{r4, pc}
1000683a:	2000      	movs	r0, #0
1000683c:	e7fc      	b.n	10006838 <_ZNKSt9type_info7__equalERKS_+0x24>
1000683e:	2001      	movs	r0, #1
10006840:	e7fa      	b.n	10006838 <_ZNKSt9type_info7__equalERKS_+0x24>
10006842:	46c0      	nop			@ (mov r8, r8)

10006844 <_ZSt19__throw_logic_errorPKc>:
10006844:	b570      	push	{r4, r5, r6, lr}
10006846:	0005      	movs	r5, r0
10006848:	2008      	movs	r0, #8
1000684a:	f000 f90b 	bl	10006a64 <__cxa_allocate_exception>
1000684e:	0029      	movs	r1, r5
10006850:	0004      	movs	r4, r0
10006852:	f000 fae9 	bl	10006e28 <_ZNSt11logic_errorC1EPKc>
10006856:	0020      	movs	r0, r4
10006858:	4a04      	ldr	r2, [pc, #16]	@ (1000686c <_ZSt19__throw_logic_errorPKc+0x28>)
1000685a:	4905      	ldr	r1, [pc, #20]	@ (10006870 <_ZSt19__throw_logic_errorPKc+0x2c>)
1000685c:	f7ff fefa 	bl	10006654 <__cxa_throw>
10006860:	0020      	movs	r0, r4
10006862:	f000 f915 	bl	10006a90 <__cxa_free_exception>
10006866:	f7ff f9c7 	bl	10005bf8 <__cxa_end_cleanup>
1000686a:	46c0      	nop			@ (mov r8, r8)
1000686c:	10006d21 	.word	0x10006d21
10006870:	10009664 	.word	0x10009664

10006874 <_ZSt20__throw_length_errorPKc>:
10006874:	b570      	push	{r4, r5, r6, lr}
10006876:	0005      	movs	r5, r0
10006878:	2008      	movs	r0, #8
1000687a:	f000 f8f3 	bl	10006a64 <__cxa_allocate_exception>
1000687e:	0029      	movs	r1, r5
10006880:	0004      	movs	r4, r0
10006882:	f000 fb15 	bl	10006eb0 <_ZNSt12length_errorC1EPKc>
10006886:	0020      	movs	r0, r4
10006888:	4a04      	ldr	r2, [pc, #16]	@ (1000689c <_ZSt20__throw_length_errorPKc+0x28>)
1000688a:	4905      	ldr	r1, [pc, #20]	@ (100068a0 <_ZSt20__throw_length_errorPKc+0x2c>)
1000688c:	f7ff fee2 	bl	10006654 <__cxa_throw>
10006890:	0020      	movs	r0, r4
10006892:	f000 f8fd 	bl	10006a90 <__cxa_free_exception>
10006896:	f7ff f9af 	bl	10005bf8 <__cxa_end_cleanup>
1000689a:	46c0      	nop			@ (mov r8, r8)
1000689c:	10006d61 	.word	0x10006d61
100068a0:	10009684 	.word	0x10009684

100068a4 <_ZNK10__cxxabiv117__class_type_info11__do_upcastEPKS0_PPv>:
100068a4:	2300      	movs	r3, #0
100068a6:	b570      	push	{r4, r5, r6, lr}
100068a8:	0015      	movs	r5, r2
100068aa:	2210      	movs	r2, #16
100068ac:	b084      	sub	sp, #16
100068ae:	9300      	str	r3, [sp, #0]
100068b0:	9301      	str	r3, [sp, #4]
100068b2:	9303      	str	r3, [sp, #12]
100068b4:	6803      	ldr	r3, [r0, #0]
100068b6:	466c      	mov	r4, sp
100068b8:	699e      	ldr	r6, [r3, #24]
100068ba:	9202      	str	r2, [sp, #8]
100068bc:	466b      	mov	r3, sp
100068be:	682a      	ldr	r2, [r5, #0]
100068c0:	47b0      	blx	r6
100068c2:	2306      	movs	r3, #6
100068c4:	7922      	ldrb	r2, [r4, #4]
100068c6:	2000      	movs	r0, #0
100068c8:	4013      	ands	r3, r2
100068ca:	2b06      	cmp	r3, #6
100068cc:	d102      	bne.n	100068d4 <_ZNK10__cxxabiv117__class_type_info11__do_upcastEPKS0_PPv+0x30>
100068ce:	9b00      	ldr	r3, [sp, #0]
100068d0:	3001      	adds	r0, #1
100068d2:	602b      	str	r3, [r5, #0]
100068d4:	b004      	add	sp, #16
100068d6:	bd70      	pop	{r4, r5, r6, pc}

100068d8 <_ZNK10__cxxabiv117__class_type_info20__do_find_public_srcEiPKvPKS0_S2_>:
100068d8:	9b00      	ldr	r3, [sp, #0]
100068da:	2005      	movs	r0, #5
100068dc:	1a9a      	subs	r2, r3, r2
100068de:	4253      	negs	r3, r2
100068e0:	415a      	adcs	r2, r3
100068e2:	4252      	negs	r2, r2
100068e4:	4010      	ands	r0, r2
100068e6:	3001      	adds	r0, #1
100068e8:	4770      	bx	lr
100068ea:	46c0      	nop			@ (mov r8, r8)

100068ec <_ZN10__cxxabiv117__class_type_infoD1Ev>:
100068ec:	b510      	push	{r4, lr}
100068ee:	0004      	movs	r4, r0
100068f0:	4b02      	ldr	r3, [pc, #8]	@ (100068fc <_ZN10__cxxabiv117__class_type_infoD1Ev+0x10>)
100068f2:	6003      	str	r3, [r0, #0]
100068f4:	f7ff ff8a 	bl	1000680c <_ZNSt9type_infoD1Ev>
100068f8:	0020      	movs	r0, r4
100068fa:	bd10      	pop	{r4, pc}
100068fc:	10009630 	.word	0x10009630

10006900 <_ZN10__cxxabiv117__class_type_infoD0Ev>:
10006900:	b510      	push	{r4, lr}
10006902:	0004      	movs	r4, r0
10006904:	4b04      	ldr	r3, [pc, #16]	@ (10006918 <_ZN10__cxxabiv117__class_type_infoD0Ev+0x18>)
10006906:	6003      	str	r3, [r0, #0]
10006908:	f7ff ff80 	bl	1000680c <_ZNSt9type_infoD1Ev>
1000690c:	0020      	movs	r0, r4
1000690e:	2108      	movs	r1, #8
10006910:	f7fd f83a 	bl	10003988 <_ZdlPvj>
10006914:	0020      	movs	r0, r4
10006916:	bd10      	pop	{r4, pc}
10006918:	10009630 	.word	0x10009630

1000691c <_ZNK10__cxxabiv117__class_type_info12__do_dyncastEiNS0_10__sub_kindEPKS0_PKvS3_S5_RNS0_16__dyncast_resultE>:
1000691c:	b570      	push	{r4, r5, r6, lr}
1000691e:	0016      	movs	r6, r2
10006920:	001d      	movs	r5, r3
10006922:	9a06      	ldr	r2, [sp, #24]
10006924:	9b04      	ldr	r3, [sp, #16]
10006926:	0004      	movs	r4, r0
10006928:	4293      	cmp	r3, r2
1000692a:	d00e      	beq.n	1000694a <_ZNK10__cxxabiv117__class_type_info12__do_dyncastEiNS0_10__sub_kindEPKS0_PKvS3_S5_RNS0_16__dyncast_resultE+0x2e>
1000692c:	0029      	movs	r1, r5
1000692e:	0020      	movs	r0, r4
10006930:	f7ff ff70 	bl	10006814 <_ZNKSt9type_info7__equalERKS_>
10006934:	2800      	cmp	r0, #0
10006936:	d006      	beq.n	10006946 <_ZNK10__cxxabiv117__class_type_info12__do_dyncastEiNS0_10__sub_kindEPKS0_PKvS3_S5_RNS0_16__dyncast_resultE+0x2a>
10006938:	9b07      	ldr	r3, [sp, #28]
1000693a:	9a04      	ldr	r2, [sp, #16]
1000693c:	711e      	strb	r6, [r3, #4]
1000693e:	601a      	str	r2, [r3, #0]
10006940:	2301      	movs	r3, #1
10006942:	9a07      	ldr	r2, [sp, #28]
10006944:	7193      	strb	r3, [r2, #6]
10006946:	2000      	movs	r0, #0
10006948:	bd70      	pop	{r4, r5, r6, pc}
1000694a:	9905      	ldr	r1, [sp, #20]
1000694c:	f7ff ff62 	bl	10006814 <_ZNKSt9type_info7__equalERKS_>
10006950:	2800      	cmp	r0, #0
10006952:	d0eb      	beq.n	1000692c <_ZNK10__cxxabiv117__class_type_info12__do_dyncastEiNS0_10__sub_kindEPKS0_PKvS3_S5_RNS0_16__dyncast_resultE+0x10>
10006954:	9b07      	ldr	r3, [sp, #28]
10006956:	715e      	strb	r6, [r3, #5]
10006958:	e7f5      	b.n	10006946 <_ZNK10__cxxabiv117__class_type_info12__do_dyncastEiNS0_10__sub_kindEPKS0_PKvS3_S5_RNS0_16__dyncast_resultE+0x2a>
1000695a:	46c0      	nop			@ (mov r8, r8)

1000695c <_ZNK10__cxxabiv117__class_type_info11__do_upcastEPKS0_PKvRNS0_15__upcast_resultE>:
1000695c:	b570      	push	{r4, r5, r6, lr}
1000695e:	0015      	movs	r5, r2
10006960:	001c      	movs	r4, r3
10006962:	f7ff ff57 	bl	10006814 <_ZNKSt9type_info7__equalERKS_>
10006966:	2800      	cmp	r0, #0
10006968:	d004      	beq.n	10006974 <_ZNK10__cxxabiv117__class_type_info11__do_upcastEPKS0_PKvRNS0_15__upcast_resultE+0x18>
1000696a:	2308      	movs	r3, #8
1000696c:	60e3      	str	r3, [r4, #12]
1000696e:	3b02      	subs	r3, #2
10006970:	6025      	str	r5, [r4, #0]
10006972:	7123      	strb	r3, [r4, #4]
10006974:	bd70      	pop	{r4, r5, r6, pc}
10006976:	46c0      	nop			@ (mov r8, r8)

10006978 <_ZNK10__cxxabiv117__class_type_info10__do_catchEPKSt9type_infoPPvj>:
10006978:	b5f8      	push	{r3, r4, r5, r6, r7, lr}
1000697a:	0005      	movs	r5, r0
1000697c:	000c      	movs	r4, r1
1000697e:	0017      	movs	r7, r2
10006980:	001e      	movs	r6, r3
10006982:	f7ff ff47 	bl	10006814 <_ZNKSt9type_info7__equalERKS_>
10006986:	2800      	cmp	r0, #0
10006988:	d107      	bne.n	1000699a <_ZNK10__cxxabiv117__class_type_info10__do_catchEPKSt9type_infoPPvj+0x22>
1000698a:	2e03      	cmp	r6, #3
1000698c:	d805      	bhi.n	1000699a <_ZNK10__cxxabiv117__class_type_info10__do_catchEPKSt9type_infoPPvj+0x22>
1000698e:	6823      	ldr	r3, [r4, #0]
10006990:	003a      	movs	r2, r7
10006992:	0029      	movs	r1, r5
10006994:	0020      	movs	r0, r4
10006996:	695b      	ldr	r3, [r3, #20]
10006998:	4798      	blx	r3
1000699a:	bdf8      	pop	{r3, r4, r5, r6, r7, pc}

1000699c <_ZN12_GLOBAL__N_14pool4freeEPv.constprop.0>:
1000699c:	b570      	push	{r4, r5, r6, lr}
1000699e:	4c1b      	ldr	r4, [pc, #108]	@ (10006a0c <_ZN12_GLOBAL__N_14pool4freeEPv.constprop.0+0x70>)
100069a0:	3808      	subs	r0, #8
100069a2:	6862      	ldr	r2, [r4, #4]
100069a4:	2a00      	cmp	r2, #0
100069a6:	d022      	beq.n	100069ee <_ZN12_GLOBAL__N_14pool4freeEPv.constprop.0+0x52>
100069a8:	6806      	ldr	r6, [r0, #0]
100069aa:	1985      	adds	r5, r0, r6
100069ac:	42aa      	cmp	r2, r5
100069ae:	d81e      	bhi.n	100069ee <_ZN12_GLOBAL__N_14pool4freeEPv.constprop.0+0x52>
100069b0:	6853      	ldr	r3, [r2, #4]
100069b2:	d022      	beq.n	100069fa <_ZN12_GLOBAL__N_14pool4freeEPv.constprop.0+0x5e>
100069b4:	3404      	adds	r4, #4
100069b6:	2b00      	cmp	r3, #0
100069b8:	d106      	bne.n	100069c8 <_ZN12_GLOBAL__N_14pool4freeEPv.constprop.0+0x2c>
100069ba:	e024      	b.n	10006a06 <_ZN12_GLOBAL__N_14pool4freeEPv.constprop.0+0x6a>
100069bc:	6859      	ldr	r1, [r3, #4]
100069be:	1d14      	adds	r4, r2, #4
100069c0:	001a      	movs	r2, r3
100069c2:	2900      	cmp	r1, #0
100069c4:	d009      	beq.n	100069da <_ZN12_GLOBAL__N_14pool4freeEPv.constprop.0+0x3e>
100069c6:	000b      	movs	r3, r1
100069c8:	429d      	cmp	r5, r3
100069ca:	d8f7      	bhi.n	100069bc <_ZN12_GLOBAL__N_14pool4freeEPv.constprop.0+0x20>
100069cc:	d11b      	bne.n	10006a06 <_ZN12_GLOBAL__N_14pool4freeEPv.constprop.0+0x6a>
100069ce:	6853      	ldr	r3, [r2, #4]
100069d0:	6819      	ldr	r1, [r3, #0]
100069d2:	685b      	ldr	r3, [r3, #4]
100069d4:	1876      	adds	r6, r6, r1
100069d6:	6053      	str	r3, [r2, #4]
100069d8:	6823      	ldr	r3, [r4, #0]
100069da:	681a      	ldr	r2, [r3, #0]
100069dc:	1899      	adds	r1, r3, r2
100069de:	4288      	cmp	r0, r1
100069e0:	d008      	beq.n	100069f4 <_ZN12_GLOBAL__N_14pool4freeEPv.constprop.0+0x58>
100069e2:	685b      	ldr	r3, [r3, #4]
100069e4:	6006      	str	r6, [r0, #0]
100069e6:	6043      	str	r3, [r0, #4]
100069e8:	6823      	ldr	r3, [r4, #0]
100069ea:	6058      	str	r0, [r3, #4]
100069ec:	e001      	b.n	100069f2 <_ZN12_GLOBAL__N_14pool4freeEPv.constprop.0+0x56>
100069ee:	6042      	str	r2, [r0, #4]
100069f0:	6060      	str	r0, [r4, #4]
100069f2:	bd70      	pop	{r4, r5, r6, pc}
100069f4:	1992      	adds	r2, r2, r6
100069f6:	601a      	str	r2, [r3, #0]
100069f8:	e7fb      	b.n	100069f2 <_ZN12_GLOBAL__N_14pool4freeEPv.constprop.0+0x56>
100069fa:	6812      	ldr	r2, [r2, #0]
100069fc:	6043      	str	r3, [r0, #4]
100069fe:	1992      	adds	r2, r2, r6
10006a00:	6002      	str	r2, [r0, #0]
10006a02:	6060      	str	r0, [r4, #4]
10006a04:	e7f5      	b.n	100069f2 <_ZN12_GLOBAL__N_14pool4freeEPv.constprop.0+0x56>
10006a06:	0013      	movs	r3, r2
10006a08:	e7e7      	b.n	100069da <_ZN12_GLOBAL__N_14pool4freeEPv.constprop.0+0x3e>
10006a0a:	46c0      	nop			@ (mov r8, r8)
10006a0c:	20002420 	.word	0x20002420

10006a10 <_ZN12_GLOBAL__N_14pool8allocateEj.constprop.0>:
10006a10:	0002      	movs	r2, r0
10006a12:	b530      	push	{r4, r5, lr}
10006a14:	3208      	adds	r2, #8
10006a16:	3008      	adds	r0, #8
10006a18:	d300      	bcc.n	10006a1c <_ZN12_GLOBAL__N_14pool8allocateEj.constprop.0+0xc>
10006a1a:	2208      	movs	r2, #8
10006a1c:	2307      	movs	r3, #7
10006a1e:	4910      	ldr	r1, [pc, #64]	@ (10006a60 <_ZN12_GLOBAL__N_14pool8allocateEj.constprop.0+0x50>)
10006a20:	3207      	adds	r2, #7
10006a22:	6848      	ldr	r0, [r1, #4]
10006a24:	439a      	bics	r2, r3
10006a26:	3104      	adds	r1, #4
10006a28:	2800      	cmp	r0, #0
10006a2a:	d104      	bne.n	10006a36 <_ZN12_GLOBAL__N_14pool8allocateEj.constprop.0+0x26>
10006a2c:	e010      	b.n	10006a50 <_ZN12_GLOBAL__N_14pool8allocateEj.constprop.0+0x40>
10006a2e:	1d01      	adds	r1, r0, #4
10006a30:	6840      	ldr	r0, [r0, #4]
10006a32:	2800      	cmp	r0, #0
10006a34:	d00c      	beq.n	10006a50 <_ZN12_GLOBAL__N_14pool8allocateEj.constprop.0+0x40>
10006a36:	6803      	ldr	r3, [r0, #0]
10006a38:	429a      	cmp	r2, r3
10006a3a:	d8f8      	bhi.n	10006a2e <_ZN12_GLOBAL__N_14pool8allocateEj.constprop.0+0x1e>
10006a3c:	6808      	ldr	r0, [r1, #0]
10006a3e:	6803      	ldr	r3, [r0, #0]
10006a40:	6845      	ldr	r5, [r0, #4]
10006a42:	1a9c      	subs	r4, r3, r2
10006a44:	2c07      	cmp	r4, #7
10006a46:	d804      	bhi.n	10006a52 <_ZN12_GLOBAL__N_14pool8allocateEj.constprop.0+0x42>
10006a48:	6003      	str	r3, [r0, #0]
10006a4a:	002b      	movs	r3, r5
10006a4c:	600b      	str	r3, [r1, #0]
10006a4e:	3008      	adds	r0, #8
10006a50:	bd30      	pop	{r4, r5, pc}
10006a52:	1883      	adds	r3, r0, r2
10006a54:	605d      	str	r5, [r3, #4]
10006a56:	6808      	ldr	r0, [r1, #0]
10006a58:	601c      	str	r4, [r3, #0]
10006a5a:	6002      	str	r2, [r0, #0]
10006a5c:	e7f6      	b.n	10006a4c <_ZN12_GLOBAL__N_14pool8allocateEj.constprop.0+0x3c>
10006a5e:	46c0      	nop			@ (mov r8, r8)
10006a60:	20002420 	.word	0x20002420

10006a64 <__cxa_allocate_exception>:
10006a64:	b570      	push	{r4, r5, r6, lr}
10006a66:	3080      	adds	r0, #128	@ 0x80
10006a68:	0005      	movs	r5, r0
10006a6a:	f7fc ff5b 	bl	10003924 <__wrap_malloc>
10006a6e:	1e04      	subs	r4, r0, #0
10006a70:	d007      	beq.n	10006a82 <__cxa_allocate_exception+0x1e>
10006a72:	2280      	movs	r2, #128	@ 0x80
10006a74:	2100      	movs	r1, #0
10006a76:	0020      	movs	r0, r4
10006a78:	f7fc ff72 	bl	10003960 <__wrap_memset>
10006a7c:	0020      	movs	r0, r4
10006a7e:	3080      	adds	r0, #128	@ 0x80
10006a80:	bd70      	pop	{r4, r5, r6, pc}
10006a82:	0028      	movs	r0, r5
10006a84:	f7ff ffc4 	bl	10006a10 <_ZN12_GLOBAL__N_14pool8allocateEj.constprop.0>
10006a88:	1e04      	subs	r4, r0, #0
10006a8a:	d1f2      	bne.n	10006a72 <__cxa_allocate_exception+0xe>
10006a8c:	f7ff fd82 	bl	10006594 <_ZSt9terminatev>

10006a90 <__cxa_free_exception>:
10006a90:	4b07      	ldr	r3, [pc, #28]	@ (10006ab0 <__cxa_free_exception+0x20>)
10006a92:	3880      	subs	r0, #128	@ 0x80
10006a94:	689a      	ldr	r2, [r3, #8]
10006a96:	68db      	ldr	r3, [r3, #12]
10006a98:	b510      	push	{r4, lr}
10006a9a:	18d3      	adds	r3, r2, r3
10006a9c:	4298      	cmp	r0, r3
10006a9e:	d201      	bcs.n	10006aa4 <__cxa_free_exception+0x14>
10006aa0:	4282      	cmp	r2, r0
10006aa2:	d302      	bcc.n	10006aaa <__cxa_free_exception+0x1a>
10006aa4:	f7fc ff50 	bl	10003948 <__wrap_free>
10006aa8:	bd10      	pop	{r4, pc}
10006aaa:	f7ff ff77 	bl	1000699c <_ZN12_GLOBAL__N_14pool4freeEPv.constprop.0>
10006aae:	e7fb      	b.n	10006aa8 <__cxa_free_exception+0x18>
10006ab0:	20002420 	.word	0x20002420

10006ab4 <_GLOBAL__sub_I__ZN9__gnu_cxx9__freeresEv>:
10006ab4:	b5f0      	push	{r4, r5, r6, r7, lr}
10006ab6:	46ce      	mov	lr, r9
10006ab8:	4647      	mov	r7, r8
10006aba:	2500      	movs	r5, #0
10006abc:	b580      	push	{r7, lr}
10006abe:	4f3e      	ldr	r7, [pc, #248]	@ (10006bb8 <_GLOBAL__sub_I__ZN9__gnu_cxx9__freeresEv+0x104>)
10006ac0:	b089      	sub	sp, #36	@ 0x24
10006ac2:	483e      	ldr	r0, [pc, #248]	@ (10006bbc <_GLOBAL__sub_I__ZN9__gnu_cxx9__freeresEv+0x108>)
10006ac4:	607d      	str	r5, [r7, #4]
10006ac6:	60bd      	str	r5, [r7, #8]
10006ac8:	60fd      	str	r5, [r7, #12]
10006aca:	f000 fbfd 	bl	100072c8 <getenv>
10006ace:	2308      	movs	r3, #8
10006ad0:	9302      	str	r3, [sp, #8]
10006ad2:	4b3b      	ldr	r3, [pc, #236]	@ (10006bc0 <_GLOBAL__sub_I__ZN9__gnu_cxx9__freeresEv+0x10c>)
10006ad4:	ae02      	add	r6, sp, #8
10006ad6:	6073      	str	r3, [r6, #4]
10006ad8:	2309      	movs	r3, #9
10006ada:	60f3      	str	r3, [r6, #12]
10006adc:	4b39      	ldr	r3, [pc, #228]	@ (10006bc4 <_GLOBAL__sub_I__ZN9__gnu_cxx9__freeresEv+0x110>)
10006ade:	0004      	movs	r4, r0
10006ae0:	6133      	str	r3, [r6, #16]
10006ae2:	2304      	movs	r3, #4
10006ae4:	60b5      	str	r5, [r6, #8]
10006ae6:	6173      	str	r3, [r6, #20]
10006ae8:	2800      	cmp	r0, #0
10006aea:	d042      	beq.n	10006b72 <_GLOBAL__sub_I__ZN9__gnu_cxx9__freeresEv+0xbe>
10006aec:	4d36      	ldr	r5, [pc, #216]	@ (10006bc8 <_GLOBAL__sub_I__ZN9__gnu_cxx9__freeresEv+0x114>)
10006aee:	7823      	ldrb	r3, [r4, #0]
10006af0:	0028      	movs	r0, r5
10006af2:	3b3a      	subs	r3, #58	@ 0x3a
10006af4:	425a      	negs	r2, r3
10006af6:	4153      	adcs	r3, r2
10006af8:	18e4      	adds	r4, r4, r3
10006afa:	220f      	movs	r2, #15
10006afc:	0021      	movs	r1, r4
10006afe:	f001 f9fb 	bl	10007ef8 <memcmp>
10006b02:	2800      	cmp	r0, #0
10006b04:	d102      	bne.n	10006b0c <_GLOBAL__sub_I__ZN9__gnu_cxx9__freeresEv+0x58>
10006b06:	7be3      	ldrb	r3, [r4, #15]
10006b08:	2b2e      	cmp	r3, #46	@ 0x2e
10006b0a:	d016      	beq.n	10006b3a <_GLOBAL__sub_I__ZN9__gnu_cxx9__freeresEv+0x86>
10006b0c:	0020      	movs	r0, r4
10006b0e:	213a      	movs	r1, #58	@ 0x3a
10006b10:	f000 fc14 	bl	1000733c <strchr>
10006b14:	1e04      	subs	r4, r0, #0
10006b16:	d1ea      	bne.n	10006aee <_GLOBAL__sub_I__ZN9__gnu_cxx9__freeresEv+0x3a>
10006b18:	9c07      	ldr	r4, [sp, #28]
10006b1a:	2c40      	cmp	r4, #64	@ 0x40
10006b1c:	dc27      	bgt.n	10006b6e <_GLOBAL__sub_I__ZN9__gnu_cxx9__freeresEv+0xba>
10006b1e:	68b3      	ldr	r3, [r6, #8]
10006b20:	2b00      	cmp	r3, #0
10006b22:	d100      	bne.n	10006b26 <_GLOBAL__sub_I__ZN9__gnu_cxx9__freeresEv+0x72>
10006b24:	3306      	adds	r3, #6
10006b26:	333e      	adds	r3, #62	@ 0x3e
10006b28:	435c      	muls	r4, r3
10006b2a:	00a4      	lsls	r4, r4, #2
10006b2c:	60fc      	str	r4, [r7, #12]
10006b2e:	d123      	bne.n	10006b78 <_GLOBAL__sub_I__ZN9__gnu_cxx9__freeresEv+0xc4>
10006b30:	b009      	add	sp, #36	@ 0x24
10006b32:	bcc0      	pop	{r6, r7}
10006b34:	46b9      	mov	r9, r7
10006b36:	46b0      	mov	r8, r6
10006b38:	bdf0      	pop	{r4, r5, r6, r7, pc}
10006b3a:	46b0      	mov	r8, r6
10006b3c:	3410      	adds	r4, #16
10006b3e:	4643      	mov	r3, r8
10006b40:	681b      	ldr	r3, [r3, #0]
10006b42:	4699      	mov	r9, r3
10006b44:	2b00      	cmp	r3, #0
10006b46:	d007      	beq.n	10006b58 <_GLOBAL__sub_I__ZN9__gnu_cxx9__freeresEv+0xa4>
10006b48:	4643      	mov	r3, r8
10006b4a:	464a      	mov	r2, r9
10006b4c:	0021      	movs	r1, r4
10006b4e:	6858      	ldr	r0, [r3, #4]
10006b50:	f001 f9d2 	bl	10007ef8 <memcmp>
10006b54:	2800      	cmp	r0, #0
10006b56:	d103      	bne.n	10006b60 <_GLOBAL__sub_I__ZN9__gnu_cxx9__freeresEv+0xac>
10006b58:	464b      	mov	r3, r9
10006b5a:	5ce3      	ldrb	r3, [r4, r3]
10006b5c:	2b3d      	cmp	r3, #61	@ 0x3d
10006b5e:	d016      	beq.n	10006b8e <_GLOBAL__sub_I__ZN9__gnu_cxx9__freeresEv+0xda>
10006b60:	230c      	movs	r3, #12
10006b62:	469c      	mov	ip, r3
10006b64:	ab08      	add	r3, sp, #32
10006b66:	44e0      	add	r8, ip
10006b68:	4543      	cmp	r3, r8
10006b6a:	d1e8      	bne.n	10006b3e <_GLOBAL__sub_I__ZN9__gnu_cxx9__freeresEv+0x8a>
10006b6c:	e7ce      	b.n	10006b0c <_GLOBAL__sub_I__ZN9__gnu_cxx9__freeresEv+0x58>
10006b6e:	2440      	movs	r4, #64	@ 0x40
10006b70:	e7d5      	b.n	10006b1e <_GLOBAL__sub_I__ZN9__gnu_cxx9__freeresEv+0x6a>
10006b72:	2488      	movs	r4, #136	@ 0x88
10006b74:	00e4      	lsls	r4, r4, #3
10006b76:	60fc      	str	r4, [r7, #12]
10006b78:	0020      	movs	r0, r4
10006b7a:	f7fc fed3 	bl	10003924 <__wrap_malloc>
10006b7e:	60b8      	str	r0, [r7, #8]
10006b80:	2800      	cmp	r0, #0
10006b82:	d016      	beq.n	10006bb2 <_GLOBAL__sub_I__ZN9__gnu_cxx9__freeresEv+0xfe>
10006b84:	2300      	movs	r3, #0
10006b86:	6078      	str	r0, [r7, #4]
10006b88:	6004      	str	r4, [r0, #0]
10006b8a:	6043      	str	r3, [r0, #4]
10006b8c:	e7d0      	b.n	10006b30 <_GLOBAL__sub_I__ZN9__gnu_cxx9__freeresEv+0x7c>
10006b8e:	4648      	mov	r0, r9
10006b90:	3001      	adds	r0, #1
10006b92:	1820      	adds	r0, r4, r0
10006b94:	2200      	movs	r2, #0
10006b96:	a901      	add	r1, sp, #4
10006b98:	f000 fce4 	bl	10007564 <strtoul>
10006b9c:	9c01      	ldr	r4, [sp, #4]
10006b9e:	7823      	ldrb	r3, [r4, #0]
10006ba0:	2b3a      	cmp	r3, #58	@ 0x3a
10006ba2:	d001      	beq.n	10006ba8 <_GLOBAL__sub_I__ZN9__gnu_cxx9__freeresEv+0xf4>
10006ba4:	2b00      	cmp	r3, #0
10006ba6:	d1b1      	bne.n	10006b0c <_GLOBAL__sub_I__ZN9__gnu_cxx9__freeresEv+0x58>
10006ba8:	2800      	cmp	r0, #0
10006baa:	dbaf      	blt.n	10006b0c <_GLOBAL__sub_I__ZN9__gnu_cxx9__freeresEv+0x58>
10006bac:	4643      	mov	r3, r8
10006bae:	6098      	str	r0, [r3, #8]
10006bb0:	e7ac      	b.n	10006b0c <_GLOBAL__sub_I__ZN9__gnu_cxx9__freeresEv+0x58>
10006bb2:	60f8      	str	r0, [r7, #12]
10006bb4:	e7bc      	b.n	10006b30 <_GLOBAL__sub_I__ZN9__gnu_cxx9__freeresEv+0x7c>
10006bb6:	46c0      	nop			@ (mov r8, r8)
10006bb8:	20002420 	.word	0x20002420
10006bbc:	10008aac 	.word	0x10008aac
10006bc0:	10008ac0 	.word	0x10008ac0
10006bc4:	10008acc 	.word	0x10008acc
10006bc8:	10008ad8 	.word	0x10008ad8

10006bcc <_ZN10__cxxabiv1L24__is_gxx_exception_classEPc>:
10006bcc:	7802      	ldrb	r2, [r0, #0]
10006bce:	0003      	movs	r3, r0
10006bd0:	2000      	movs	r0, #0
10006bd2:	2a47      	cmp	r2, #71	@ 0x47
10006bd4:	d116      	bne.n	10006c04 <_ZN10__cxxabiv1L24__is_gxx_exception_classEPc+0x38>
10006bd6:	785a      	ldrb	r2, [r3, #1]
10006bd8:	2a4e      	cmp	r2, #78	@ 0x4e
10006bda:	d113      	bne.n	10006c04 <_ZN10__cxxabiv1L24__is_gxx_exception_classEPc+0x38>
10006bdc:	789a      	ldrb	r2, [r3, #2]
10006bde:	2a55      	cmp	r2, #85	@ 0x55
10006be0:	d110      	bne.n	10006c04 <_ZN10__cxxabiv1L24__is_gxx_exception_classEPc+0x38>
10006be2:	78da      	ldrb	r2, [r3, #3]
10006be4:	2a43      	cmp	r2, #67	@ 0x43
10006be6:	d10d      	bne.n	10006c04 <_ZN10__cxxabiv1L24__is_gxx_exception_classEPc+0x38>
10006be8:	791a      	ldrb	r2, [r3, #4]
10006bea:	2a43      	cmp	r2, #67	@ 0x43
10006bec:	d10a      	bne.n	10006c04 <_ZN10__cxxabiv1L24__is_gxx_exception_classEPc+0x38>
10006bee:	795a      	ldrb	r2, [r3, #5]
10006bf0:	2a2b      	cmp	r2, #43	@ 0x2b
10006bf2:	d107      	bne.n	10006c04 <_ZN10__cxxabiv1L24__is_gxx_exception_classEPc+0x38>
10006bf4:	799a      	ldrb	r2, [r3, #6]
10006bf6:	2a2b      	cmp	r2, #43	@ 0x2b
10006bf8:	d104      	bne.n	10006c04 <_ZN10__cxxabiv1L24__is_gxx_exception_classEPc+0x38>
10006bfa:	79db      	ldrb	r3, [r3, #7]
10006bfc:	3a2a      	subs	r2, #42	@ 0x2a
10006bfe:	429a      	cmp	r2, r3
10006c00:	4140      	adcs	r0, r0
10006c02:	b2c0      	uxtb	r0, r0
10006c04:	4770      	bx	lr

10006c06 <__cxa_call_terminate>:
10006c06:	b510      	push	{r4, lr}
10006c08:	1e04      	subs	r4, r0, #0
10006c0a:	d00a      	beq.n	10006c22 <__cxa_call_terminate+0x1c>
10006c0c:	f7ff f8c2 	bl	10005d94 <__cxa_begin_catch>
10006c10:	0020      	movs	r0, r4
10006c12:	f7ff ffdb 	bl	10006bcc <_ZN10__cxxabiv1L24__is_gxx_exception_classEPc>
10006c16:	2800      	cmp	r0, #0
10006c18:	d003      	beq.n	10006c22 <__cxa_call_terminate+0x1c>
10006c1a:	3c20      	subs	r4, #32
10006c1c:	68e0      	ldr	r0, [r4, #12]
10006c1e:	f7ff fcb1 	bl	10006584 <_ZN10__cxxabiv111__terminateEPFvvE>
10006c22:	f7ff fcb7 	bl	10006594 <_ZSt9terminatev>
	...

10006c28 <__cxa_call_unexpected>:
10006c28:	b5f0      	push	{r4, r5, r6, r7, lr}
10006c2a:	46de      	mov	lr, fp
10006c2c:	464e      	mov	r6, r9
10006c2e:	4657      	mov	r7, sl
10006c30:	4645      	mov	r5, r8
10006c32:	b5e0      	push	{r5, r6, r7, lr}
10006c34:	b085      	sub	sp, #20
10006c36:	0006      	movs	r6, r0
10006c38:	f7ff ffc8 	bl	10006bcc <_ZN10__cxxabiv1L24__is_gxx_exception_classEPc>
10006c3c:	1e04      	subs	r4, r0, #0
10006c3e:	d00b      	beq.n	10006c58 <__cxa_call_unexpected+0x30>
10006c40:	0033      	movs	r3, r6
10006c42:	3b20      	subs	r3, #32
10006c44:	689f      	ldr	r7, [r3, #8]
10006c46:	68dc      	ldr	r4, [r3, #12]
10006c48:	6ab3      	ldr	r3, [r6, #40]	@ 0x28
10006c4a:	2500      	movs	r5, #0
10006c4c:	4699      	mov	r9, r3
10006c4e:	6b33      	ldr	r3, [r6, #48]	@ 0x30
10006c50:	4698      	mov	r8, r3
10006c52:	6b73      	ldr	r3, [r6, #52]	@ 0x34
10006c54:	469a      	mov	sl, r3
10006c56:	e004      	b.n	10006c62 <__cxa_call_unexpected+0x3a>
10006c58:	0007      	movs	r7, r0
10006c5a:	2501      	movs	r5, #1
10006c5c:	4682      	mov	sl, r0
10006c5e:	4680      	mov	r8, r0
10006c60:	4681      	mov	r9, r0
10006c62:	0030      	movs	r0, r6
10006c64:	f7ff f896 	bl	10005d94 <__cxa_begin_catch>
10006c68:	2d00      	cmp	r5, #0
10006c6a:	d001      	beq.n	10006c70 <__cxa_call_unexpected+0x48>
10006c6c:	f7ff fc9e 	bl	100065ac <_ZSt10unexpectedv>
10006c70:	0038      	movs	r0, r7
10006c72:	f7ff fc97 	bl	100065a4 <_ZN10__cxxabiv112__unexpectedEPFvvE>
10006c76:	f7ff f88d 	bl	10005d94 <__cxa_begin_catch>
10006c7a:	2d00      	cmp	r5, #0
10006c7c:	d001      	beq.n	10006c82 <__cxa_call_unexpected+0x5a>
10006c7e:	f7ff fc89 	bl	10006594 <_ZSt9terminatev>
10006c82:	f7ff f919 	bl	10005eb8 <__cxa_get_globals_fast>
10006c86:	2227      	movs	r2, #39	@ 0x27
10006c88:	6803      	ldr	r3, [r0, #0]
10006c8a:	5c99      	ldrb	r1, [r3, r2]
10006c8c:	001a      	movs	r2, r3
10006c8e:	3278      	adds	r2, #120	@ 0x78
10006c90:	2901      	cmp	r1, #1
10006c92:	d100      	bne.n	10006c96 <__cxa_call_unexpected+0x6e>
10006c94:	681a      	ldr	r2, [r3, #0]
10006c96:	9202      	str	r2, [sp, #8]
10006c98:	4642      	mov	r2, r8
10006c9a:	0892      	lsrs	r2, r2, #2
10006c9c:	2700      	movs	r7, #0
10006c9e:	4690      	mov	r8, r2
10006ca0:	3320      	adds	r3, #32
10006ca2:	9301      	str	r3, [sp, #4]
10006ca4:	45b9      	cmp	r9, r7
10006ca6:	dd1e      	ble.n	10006ce6 <__cxa_call_unexpected+0xbe>
10006ca8:	4643      	mov	r3, r8
10006caa:	437b      	muls	r3, r7
10006cac:	009b      	lsls	r3, r3, #2
10006cae:	4453      	add	r3, sl
10006cb0:	681e      	ldr	r6, [r3, #0]
10006cb2:	2e00      	cmp	r6, #0
10006cb4:	d000      	beq.n	10006cb8 <__cxa_call_unexpected+0x90>
10006cb6:	18f6      	adds	r6, r6, r3
10006cb8:	2200      	movs	r2, #0
10006cba:	0031      	movs	r1, r6
10006cbc:	9801      	ldr	r0, [sp, #4]
10006cbe:	ab02      	add	r3, sp, #8
10006cc0:	f7fe ffa0 	bl	10005c04 <__cxa_type_match>
10006cc4:	2800      	cmp	r0, #0
10006cc6:	d001      	beq.n	10006ccc <__cxa_call_unexpected+0xa4>
10006cc8:	f7ff fcde 	bl	10006688 <__cxa_rethrow>
10006ccc:	6833      	ldr	r3, [r6, #0]
10006cce:	9003      	str	r0, [sp, #12]
10006cd0:	691b      	ldr	r3, [r3, #16]
10006cd2:	0030      	movs	r0, r6
10006cd4:	469b      	mov	fp, r3
10006cd6:	490e      	ldr	r1, [pc, #56]	@ (10006d10 <__cxa_call_unexpected+0xe8>)
10006cd8:	2301      	movs	r3, #1
10006cda:	aa03      	add	r2, sp, #12
10006cdc:	47d8      	blx	fp
10006cde:	4305      	orrs	r5, r0
10006ce0:	b2ed      	uxtb	r5, r5
10006ce2:	3701      	adds	r7, #1
10006ce4:	e7de      	b.n	10006ca4 <__cxa_call_unexpected+0x7c>
10006ce6:	2d00      	cmp	r5, #0
10006ce8:	d008      	beq.n	10006cfc <__cxa_call_unexpected+0xd4>
10006cea:	2004      	movs	r0, #4
10006cec:	f7ff feba 	bl	10006a64 <__cxa_allocate_exception>
10006cf0:	4b08      	ldr	r3, [pc, #32]	@ (10006d14 <__cxa_call_unexpected+0xec>)
10006cf2:	4a09      	ldr	r2, [pc, #36]	@ (10006d18 <__cxa_call_unexpected+0xf0>)
10006cf4:	4906      	ldr	r1, [pc, #24]	@ (10006d10 <__cxa_call_unexpected+0xe8>)
10006cf6:	6003      	str	r3, [r0, #0]
10006cf8:	f7ff fcac 	bl	10006654 <__cxa_throw>
10006cfc:	0020      	movs	r0, r4
10006cfe:	f7ff fc41 	bl	10006584 <_ZN10__cxxabiv111__terminateEPFvvE>
10006d02:	f7ff f881 	bl	10005e08 <__cxa_end_catch>
10006d06:	f7ff f87f 	bl	10005e08 <__cxa_end_catch>
10006d0a:	f7fe ff75 	bl	10005bf8 <__cxa_end_cleanup>
10006d0e:	46c0      	nop			@ (mov r8, r8)
10006d10:	100094d8 	.word	0x100094d8
10006d14:	10009540 	.word	0x10009540
10006d18:	10005e9d 	.word	0x10005e9d

10006d1c <_ZNKSt11logic_error4whatEv>:
10006d1c:	6840      	ldr	r0, [r0, #4]
10006d1e:	4770      	bx	lr

10006d20 <_ZNSt11logic_errorD1Ev>:
10006d20:	b510      	push	{r4, lr}
10006d22:	4b0d      	ldr	r3, [pc, #52]	@ (10006d58 <_ZNSt11logic_errorD1Ev+0x38>)
10006d24:	b082      	sub	sp, #8
10006d26:	6003      	str	r3, [r0, #0]
10006d28:	6843      	ldr	r3, [r0, #4]
10006d2a:	0004      	movs	r4, r0
10006d2c:	0018      	movs	r0, r3
10006d2e:	4a0b      	ldr	r2, [pc, #44]	@ (10006d5c <_ZNSt11logic_errorD1Ev+0x3c>)
10006d30:	380c      	subs	r0, #12
10006d32:	4290      	cmp	r0, r2
10006d34:	d105      	bne.n	10006d42 <_ZNSt11logic_errorD1Ev+0x22>
10006d36:	0020      	movs	r0, r4
10006d38:	f7ff f8ae 	bl	10005e98 <_ZNSt9exceptionD1Ev>
10006d3c:	0020      	movs	r0, r4
10006d3e:	b002      	add	sp, #8
10006d40:	bd10      	pop	{r4, pc}
10006d42:	3b04      	subs	r3, #4
10006d44:	681a      	ldr	r2, [r3, #0]
10006d46:	1e51      	subs	r1, r2, #1
10006d48:	6019      	str	r1, [r3, #0]
10006d4a:	2a00      	cmp	r2, #0
10006d4c:	dcf3      	bgt.n	10006d36 <_ZNSt11logic_errorD1Ev+0x16>
10006d4e:	a901      	add	r1, sp, #4
10006d50:	f000 f92c 	bl	10006fac <_ZNSs4_Rep10_M_destroyERKSaIcE>
10006d54:	e7ef      	b.n	10006d36 <_ZNSt11logic_errorD1Ev+0x16>
10006d56:	46c0      	nop			@ (mov r8, r8)
10006d58:	10009698 	.word	0x10009698
10006d5c:	20002430 	.word	0x20002430

10006d60 <_ZNSt12length_errorD1Ev>:
10006d60:	b510      	push	{r4, lr}
10006d62:	4b0d      	ldr	r3, [pc, #52]	@ (10006d98 <_ZNSt12length_errorD1Ev+0x38>)
10006d64:	b082      	sub	sp, #8
10006d66:	6003      	str	r3, [r0, #0]
10006d68:	6843      	ldr	r3, [r0, #4]
10006d6a:	0004      	movs	r4, r0
10006d6c:	0018      	movs	r0, r3
10006d6e:	4a0b      	ldr	r2, [pc, #44]	@ (10006d9c <_ZNSt12length_errorD1Ev+0x3c>)
10006d70:	380c      	subs	r0, #12
10006d72:	4290      	cmp	r0, r2
10006d74:	d105      	bne.n	10006d82 <_ZNSt12length_errorD1Ev+0x22>
10006d76:	0020      	movs	r0, r4
10006d78:	f7ff f88e 	bl	10005e98 <_ZNSt9exceptionD1Ev>
10006d7c:	0020      	movs	r0, r4
10006d7e:	b002      	add	sp, #8
10006d80:	bd10      	pop	{r4, pc}
10006d82:	3b04      	subs	r3, #4
10006d84:	681a      	ldr	r2, [r3, #0]
10006d86:	1e51      	subs	r1, r2, #1
10006d88:	6019      	str	r1, [r3, #0]
10006d8a:	2a00      	cmp	r2, #0
10006d8c:	dcf3      	bgt.n	10006d76 <_ZNSt12length_errorD1Ev+0x16>
10006d8e:	a901      	add	r1, sp, #4
10006d90:	f000 f90c 	bl	10006fac <_ZNSs4_Rep10_M_destroyERKSaIcE>
10006d94:	e7ef      	b.n	10006d76 <_ZNSt12length_errorD1Ev+0x16>
10006d96:	46c0      	nop			@ (mov r8, r8)
10006d98:	10009698 	.word	0x10009698
10006d9c:	20002430 	.word	0x20002430

10006da0 <_ZNSt11logic_errorD0Ev>:
10006da0:	b510      	push	{r4, lr}
10006da2:	4b0e      	ldr	r3, [pc, #56]	@ (10006ddc <_ZNSt11logic_errorD0Ev+0x3c>)
10006da4:	b082      	sub	sp, #8
10006da6:	6003      	str	r3, [r0, #0]
10006da8:	6843      	ldr	r3, [r0, #4]
10006daa:	0004      	movs	r4, r0
10006dac:	0018      	movs	r0, r3
10006dae:	4a0c      	ldr	r2, [pc, #48]	@ (10006de0 <_ZNSt11logic_errorD0Ev+0x40>)
10006db0:	380c      	subs	r0, #12
10006db2:	4290      	cmp	r0, r2
10006db4:	d108      	bne.n	10006dc8 <_ZNSt11logic_errorD0Ev+0x28>
10006db6:	0020      	movs	r0, r4
10006db8:	f7ff f86e 	bl	10005e98 <_ZNSt9exceptionD1Ev>
10006dbc:	0020      	movs	r0, r4
10006dbe:	f7fc fddf 	bl	10003980 <_ZdlPv>
10006dc2:	0020      	movs	r0, r4
10006dc4:	b002      	add	sp, #8
10006dc6:	bd10      	pop	{r4, pc}
10006dc8:	3b04      	subs	r3, #4
10006dca:	681a      	ldr	r2, [r3, #0]
10006dcc:	1e51      	subs	r1, r2, #1
10006dce:	6019      	str	r1, [r3, #0]
10006dd0:	2a00      	cmp	r2, #0
10006dd2:	dcf0      	bgt.n	10006db6 <_ZNSt11logic_errorD0Ev+0x16>
10006dd4:	a901      	add	r1, sp, #4
10006dd6:	f000 f8e9 	bl	10006fac <_ZNSs4_Rep10_M_destroyERKSaIcE>
10006dda:	e7ec      	b.n	10006db6 <_ZNSt11logic_errorD0Ev+0x16>
10006ddc:	10009698 	.word	0x10009698
10006de0:	20002430 	.word	0x20002430

10006de4 <_ZNSt12length_errorD0Ev>:
10006de4:	b510      	push	{r4, lr}
10006de6:	4b0e      	ldr	r3, [pc, #56]	@ (10006e20 <_ZNSt12length_errorD0Ev+0x3c>)
10006de8:	b082      	sub	sp, #8
10006dea:	6003      	str	r3, [r0, #0]
10006dec:	6843      	ldr	r3, [r0, #4]
10006dee:	0004      	movs	r4, r0
10006df0:	0018      	movs	r0, r3
10006df2:	4a0c      	ldr	r2, [pc, #48]	@ (10006e24 <_ZNSt12length_errorD0Ev+0x40>)
10006df4:	380c      	subs	r0, #12
10006df6:	4290      	cmp	r0, r2
10006df8:	d108      	bne.n	10006e0c <_ZNSt12length_errorD0Ev+0x28>
10006dfa:	0020      	movs	r0, r4
10006dfc:	f7ff f84c 	bl	10005e98 <_ZNSt9exceptionD1Ev>
10006e00:	0020      	movs	r0, r4
10006e02:	f7fc fdbd 	bl	10003980 <_ZdlPv>
10006e06:	0020      	movs	r0, r4
10006e08:	b002      	add	sp, #8
10006e0a:	bd10      	pop	{r4, pc}
10006e0c:	3b04      	subs	r3, #4
10006e0e:	681a      	ldr	r2, [r3, #0]
10006e10:	1e51      	subs	r1, r2, #1
10006e12:	6019      	str	r1, [r3, #0]
10006e14:	2a00      	cmp	r2, #0
10006e16:	dcf0      	bgt.n	10006dfa <_ZNSt12length_errorD0Ev+0x16>
10006e18:	a901      	add	r1, sp, #4
10006e1a:	f000 f8c7 	bl	10006fac <_ZNSs4_Rep10_M_destroyERKSaIcE>
10006e1e:	e7ec      	b.n	10006dfa <_ZNSt12length_errorD0Ev+0x16>
10006e20:	10009698 	.word	0x10009698
10006e24:	20002430 	.word	0x20002430

10006e28 <_ZNSt11logic_errorC1EPKc>:
10006e28:	b5f0      	push	{r4, r5, r6, r7, lr}
10006e2a:	46c6      	mov	lr, r8
10006e2c:	b500      	push	{lr}
10006e2e:	4b1c      	ldr	r3, [pc, #112]	@ (10006ea0 <_ZNSt11logic_errorC1EPKc+0x78>)
10006e30:	b082      	sub	sp, #8
10006e32:	0004      	movs	r4, r0
10006e34:	1e0d      	subs	r5, r1, #0
10006e36:	6003      	str	r3, [r0, #0]
10006e38:	d02e      	beq.n	10006e98 <_ZNSt11logic_errorC1EPKc+0x70>
10006e3a:	0008      	movs	r0, r1
10006e3c:	f000 fa50 	bl	100072e0 <strlen>
10006e40:	1e06      	subs	r6, r0, #0
10006e42:	d018      	beq.n	10006e76 <_ZNSt11logic_errorC1EPKc+0x4e>
10006e44:	2100      	movs	r1, #0
10006e46:	aa01      	add	r2, sp, #4
10006e48:	f000 f876 	bl	10006f38 <_ZNSs4_Rep9_S_createEjjRKSaIcE>
10006e4c:	230c      	movs	r3, #12
10006e4e:	4698      	mov	r8, r3
10006e50:	0007      	movs	r7, r0
10006e52:	4480      	add	r8, r0
10006e54:	2e01      	cmp	r6, #1
10006e56:	d011      	beq.n	10006e7c <_ZNSt11logic_errorC1EPKc+0x54>
10006e58:	0032      	movs	r2, r6
10006e5a:	0029      	movs	r1, r5
10006e5c:	4640      	mov	r0, r8
10006e5e:	f7fc fd85 	bl	1000396c <__wrap___aeabi_memcpy>
10006e62:	4b10      	ldr	r3, [pc, #64]	@ (10006ea4 <_ZNSt11logic_errorC1EPKc+0x7c>)
10006e64:	429f      	cmp	r7, r3
10006e66:	d10c      	bne.n	10006e82 <_ZNSt11logic_errorC1EPKc+0x5a>
10006e68:	4643      	mov	r3, r8
10006e6a:	0020      	movs	r0, r4
10006e6c:	6063      	str	r3, [r4, #4]
10006e6e:	b002      	add	sp, #8
10006e70:	bc80      	pop	{r7}
10006e72:	46b8      	mov	r8, r7
10006e74:	bdf0      	pop	{r4, r5, r6, r7, pc}
10006e76:	4b0c      	ldr	r3, [pc, #48]	@ (10006ea8 <_ZNSt11logic_errorC1EPKc+0x80>)
10006e78:	4698      	mov	r8, r3
10006e7a:	e7f5      	b.n	10006e68 <_ZNSt11logic_errorC1EPKc+0x40>
10006e7c:	782b      	ldrb	r3, [r5, #0]
10006e7e:	7303      	strb	r3, [r0, #12]
10006e80:	e7ef      	b.n	10006e62 <_ZNSt11logic_errorC1EPKc+0x3a>
10006e82:	2300      	movs	r3, #0
10006e84:	603e      	str	r6, [r7, #0]
10006e86:	60bb      	str	r3, [r7, #8]
10006e88:	19bf      	adds	r7, r7, r6
10006e8a:	733b      	strb	r3, [r7, #12]
10006e8c:	e7ec      	b.n	10006e68 <_ZNSt11logic_errorC1EPKc+0x40>
10006e8e:	0020      	movs	r0, r4
10006e90:	f7ff f802 	bl	10005e98 <_ZNSt9exceptionD1Ev>
10006e94:	f7fe feb0 	bl	10005bf8 <__cxa_end_cleanup>
10006e98:	4804      	ldr	r0, [pc, #16]	@ (10006eac <_ZNSt11logic_errorC1EPKc+0x84>)
10006e9a:	f7ff fcd3 	bl	10006844 <_ZSt19__throw_logic_errorPKc>
10006e9e:	46c0      	nop			@ (mov r8, r8)
10006ea0:	10009698 	.word	0x10009698
10006ea4:	20002430 	.word	0x20002430
10006ea8:	2000243c 	.word	0x2000243c
10006eac:	10008ae8 	.word	0x10008ae8

10006eb0 <_ZNSt12length_errorC1EPKc>:
10006eb0:	b510      	push	{r4, lr}
10006eb2:	0004      	movs	r4, r0
10006eb4:	f7ff ffb8 	bl	10006e28 <_ZNSt11logic_errorC1EPKc>
10006eb8:	4b01      	ldr	r3, [pc, #4]	@ (10006ec0 <_ZNSt12length_errorC1EPKc+0x10>)
10006eba:	0020      	movs	r0, r4
10006ebc:	6023      	str	r3, [r4, #0]
10006ebe:	bd10      	pop	{r4, pc}
10006ec0:	100096ac 	.word	0x100096ac

10006ec4 <_ZNSt12__cow_stringC1EPKcj>:
10006ec4:	b5f0      	push	{r4, r5, r6, r7, lr}
10006ec6:	46c6      	mov	lr, r8
10006ec8:	b500      	push	{lr}
10006eca:	0005      	movs	r5, r0
10006ecc:	000e      	movs	r6, r1
10006ece:	0014      	movs	r4, r2
10006ed0:	b082      	sub	sp, #8
10006ed2:	2a00      	cmp	r2, #0
10006ed4:	d01e      	beq.n	10006f14 <_ZNSt12__cow_stringC1EPKcj+0x50>
10006ed6:	2900      	cmp	r1, #0
10006ed8:	d025      	beq.n	10006f26 <_ZNSt12__cow_stringC1EPKcj+0x62>
10006eda:	2100      	movs	r1, #0
10006edc:	0020      	movs	r0, r4
10006ede:	aa01      	add	r2, sp, #4
10006ee0:	f000 f82a 	bl	10006f38 <_ZNSs4_Rep9_S_createEjjRKSaIcE>
10006ee4:	230c      	movs	r3, #12
10006ee6:	4698      	mov	r8, r3
10006ee8:	0007      	movs	r7, r0
10006eea:	4480      	add	r8, r0
10006eec:	2c01      	cmp	r4, #1
10006eee:	d00e      	beq.n	10006f0e <_ZNSt12__cow_stringC1EPKcj+0x4a>
10006ef0:	0022      	movs	r2, r4
10006ef2:	0031      	movs	r1, r6
10006ef4:	4640      	mov	r0, r8
10006ef6:	f7fc fd39 	bl	1000396c <__wrap___aeabi_memcpy>
10006efa:	4b0c      	ldr	r3, [pc, #48]	@ (10006f2c <_ZNSt12__cow_stringC1EPKcj+0x68>)
10006efc:	429f      	cmp	r7, r3
10006efe:	d10c      	bne.n	10006f1a <_ZNSt12__cow_stringC1EPKcj+0x56>
10006f00:	4643      	mov	r3, r8
10006f02:	0028      	movs	r0, r5
10006f04:	602b      	str	r3, [r5, #0]
10006f06:	b002      	add	sp, #8
10006f08:	bc80      	pop	{r7}
10006f0a:	46b8      	mov	r8, r7
10006f0c:	bdf0      	pop	{r4, r5, r6, r7, pc}
10006f0e:	7833      	ldrb	r3, [r6, #0]
10006f10:	7303      	strb	r3, [r0, #12]
10006f12:	e7f2      	b.n	10006efa <_ZNSt12__cow_stringC1EPKcj+0x36>
10006f14:	4b06      	ldr	r3, [pc, #24]	@ (10006f30 <_ZNSt12__cow_stringC1EPKcj+0x6c>)
10006f16:	4698      	mov	r8, r3
10006f18:	e7f2      	b.n	10006f00 <_ZNSt12__cow_stringC1EPKcj+0x3c>
10006f1a:	2300      	movs	r3, #0
10006f1c:	603c      	str	r4, [r7, #0]
10006f1e:	60bb      	str	r3, [r7, #8]
10006f20:	193f      	adds	r7, r7, r4
10006f22:	733b      	strb	r3, [r7, #12]
10006f24:	e7ec      	b.n	10006f00 <_ZNSt12__cow_stringC1EPKcj+0x3c>
10006f26:	4803      	ldr	r0, [pc, #12]	@ (10006f34 <_ZNSt12__cow_stringC1EPKcj+0x70>)
10006f28:	f7ff fc8c 	bl	10006844 <_ZSt19__throw_logic_errorPKc>
10006f2c:	20002430 	.word	0x20002430
10006f30:	2000243c 	.word	0x2000243c
10006f34:	10008ae8 	.word	0x10008ae8

10006f38 <_ZNSs4_Rep9_S_createEjjRKSaIcE>:
10006f38:	4b1a      	ldr	r3, [pc, #104]	@ (10006fa4 <_ZNSs4_Rep9_S_createEjjRKSaIcE+0x6c>)
10006f3a:	b510      	push	{r4, lr}
10006f3c:	0004      	movs	r4, r0
10006f3e:	4298      	cmp	r0, r3
10006f40:	d82c      	bhi.n	10006f9c <_ZNSs4_Rep9_S_createEjjRKSaIcE+0x64>
10006f42:	4288      	cmp	r0, r1
10006f44:	d914      	bls.n	10006f70 <_ZNSs4_Rep9_S_createEjjRKSaIcE+0x38>
10006f46:	004b      	lsls	r3, r1, #1
10006f48:	4298      	cmp	r0, r3
10006f4a:	d319      	bcc.n	10006f80 <_ZNSs4_Rep9_S_createEjjRKSaIcE+0x48>
10006f4c:	0023      	movs	r3, r4
10006f4e:	0020      	movs	r0, r4
10006f50:	2280      	movs	r2, #128	@ 0x80
10006f52:	331d      	adds	r3, #29
10006f54:	300d      	adds	r0, #13
10006f56:	0152      	lsls	r2, r2, #5
10006f58:	4293      	cmp	r3, r2
10006f5a:	d90b      	bls.n	10006f74 <_ZNSs4_Rep9_S_createEjjRKSaIcE+0x3c>
10006f5c:	42a1      	cmp	r1, r4
10006f5e:	d209      	bcs.n	10006f74 <_ZNSs4_Rep9_S_createEjjRKSaIcE+0x3c>
10006f60:	4694      	mov	ip, r2
10006f62:	051b      	lsls	r3, r3, #20
10006f64:	0d1b      	lsrs	r3, r3, #20
10006f66:	4464      	add	r4, ip
10006f68:	1ae4      	subs	r4, r4, r3
10006f6a:	4b0e      	ldr	r3, [pc, #56]	@ (10006fa4 <_ZNSs4_Rep9_S_createEjjRKSaIcE+0x6c>)
10006f6c:	429c      	cmp	r4, r3
10006f6e:	d811      	bhi.n	10006f94 <_ZNSs4_Rep9_S_createEjjRKSaIcE+0x5c>
10006f70:	0020      	movs	r0, r4
10006f72:	300d      	adds	r0, #13
10006f74:	f7fc fd00 	bl	10003978 <_Znwj>
10006f78:	2300      	movs	r3, #0
10006f7a:	6044      	str	r4, [r0, #4]
10006f7c:	6083      	str	r3, [r0, #8]
10006f7e:	bd10      	pop	{r4, pc}
10006f80:	001c      	movs	r4, r3
10006f82:	0023      	movs	r3, r4
10006f84:	0020      	movs	r0, r4
10006f86:	2280      	movs	r2, #128	@ 0x80
10006f88:	331d      	adds	r3, #29
10006f8a:	300d      	adds	r0, #13
10006f8c:	0152      	lsls	r2, r2, #5
10006f8e:	4293      	cmp	r3, r2
10006f90:	d9f0      	bls.n	10006f74 <_ZNSs4_Rep9_S_createEjjRKSaIcE+0x3c>
10006f92:	e7e3      	b.n	10006f5c <_ZNSs4_Rep9_S_createEjjRKSaIcE+0x24>
10006f94:	001c      	movs	r4, r3
10006f96:	0020      	movs	r0, r4
10006f98:	300d      	adds	r0, #13
10006f9a:	e7eb      	b.n	10006f74 <_ZNSs4_Rep9_S_createEjjRKSaIcE+0x3c>
10006f9c:	4802      	ldr	r0, [pc, #8]	@ (10006fa8 <_ZNSs4_Rep9_S_createEjjRKSaIcE+0x70>)
10006f9e:	f7ff fc69 	bl	10006874 <_ZSt20__throw_length_errorPKc>
10006fa2:	46c0      	nop			@ (mov r8, r8)
10006fa4:	3ffffffc 	.word	0x3ffffffc
10006fa8:	10008b14 	.word	0x10008b14

10006fac <_ZNSs4_Rep10_M_destroyERKSaIcE>:
10006fac:	b510      	push	{r4, lr}
10006fae:	f7fc fce7 	bl	10003980 <_ZdlPv>
10006fb2:	bd10      	pop	{r4, pc}

10006fb4 <_ZNK12_GLOBAL__N_122generic_error_category4nameEv>:
10006fb4:	4800      	ldr	r0, [pc, #0]	@ (10006fb8 <_ZNK12_GLOBAL__N_122generic_error_category4nameEv+0x4>)
10006fb6:	4770      	bx	lr
10006fb8:	10008b2c 	.word	0x10008b2c

10006fbc <_ZNK12_GLOBAL__N_122generic_error_category10equivalentEiRKSt15error_condition>:
10006fbc:	6813      	ldr	r3, [r2, #0]
10006fbe:	b510      	push	{r4, lr}
10006fc0:	0004      	movs	r4, r0
10006fc2:	2000      	movs	r0, #0
10006fc4:	4299      	cmp	r1, r3
10006fc6:	d104      	bne.n	10006fd2 <_ZNK12_GLOBAL__N_122generic_error_category10equivalentEiRKSt15error_condition+0x16>
10006fc8:	6850      	ldr	r0, [r2, #4]
10006fca:	1b00      	subs	r0, r0, r4
10006fcc:	4243      	negs	r3, r0
10006fce:	4158      	adcs	r0, r3
10006fd0:	b2c0      	uxtb	r0, r0
10006fd2:	bd10      	pop	{r4, pc}

10006fd4 <_ZN12_GLOBAL__N_122generic_error_categoryD1Ev>:
10006fd4:	4770      	bx	lr
10006fd6:	46c0      	nop			@ (mov r8, r8)

10006fd8 <_ZNK12_GLOBAL__N_121system_error_category4nameEv>:
10006fd8:	4800      	ldr	r0, [pc, #0]	@ (10006fdc <_ZNK12_GLOBAL__N_121system_error_category4nameEv+0x4>)
10006fda:	4770      	bx	lr
10006fdc:	10008b34 	.word	0x10008b34

10006fe0 <_ZNK12_GLOBAL__N_121system_error_category23default_error_conditionEi>:
10006fe0:	b510      	push	{r4, lr}
10006fe2:	2a74      	cmp	r2, #116	@ 0x74
10006fe4:	dc18      	bgt.n	10007018 <_ZNK12_GLOBAL__N_121system_error_category23default_error_conditionEi+0x38>
10006fe6:	2a57      	cmp	r2, #87	@ 0x57
10006fe8:	dc0d      	bgt.n	10007006 <_ZNK12_GLOBAL__N_121system_error_category23default_error_conditionEi+0x26>
10006fea:	2a4d      	cmp	r2, #77	@ 0x4d
10006fec:	dc11      	bgt.n	10007012 <_ZNK12_GLOBAL__N_121system_error_category23default_error_conditionEi+0x32>
10006fee:	2a3b      	cmp	r2, #59	@ 0x3b
10006ff0:	dc23      	bgt.n	1000703a <_ZNK12_GLOBAL__N_121system_error_category23default_error_conditionEi+0x5a>
10006ff2:	2a24      	cmp	r2, #36	@ 0x24
10006ff4:	dc1c      	bgt.n	10007030 <_ZNK12_GLOBAL__N_121system_error_category23default_error_conditionEi+0x50>
10006ff6:	2a0f      	cmp	r2, #15
10006ff8:	dc01      	bgt.n	10006ffe <_ZNK12_GLOBAL__N_121system_error_category23default_error_conditionEi+0x1e>
10006ffa:	2a0e      	cmp	r2, #14
10006ffc:	d809      	bhi.n	10007012 <_ZNK12_GLOBAL__N_121system_error_category23default_error_conditionEi+0x32>
10006ffe:	4b12      	ldr	r3, [pc, #72]	@ (10007048 <_ZNK12_GLOBAL__N_121system_error_category23default_error_conditionEi+0x68>)
10007000:	6002      	str	r2, [r0, #0]
10007002:	6043      	str	r3, [r0, #4]
10007004:	e007      	b.n	10007016 <_ZNK12_GLOBAL__N_121system_error_category23default_error_conditionEi+0x36>
10007006:	0014      	movs	r4, r2
10007008:	4b10      	ldr	r3, [pc, #64]	@ (1000704c <_ZNK12_GLOBAL__N_121system_error_category23default_error_conditionEi+0x6c>)
1000700a:	3c58      	subs	r4, #88	@ 0x58
1000700c:	40e3      	lsrs	r3, r4
1000700e:	07db      	lsls	r3, r3, #31
10007010:	d4f5      	bmi.n	10006ffe <_ZNK12_GLOBAL__N_121system_error_category23default_error_conditionEi+0x1e>
10007012:	6002      	str	r2, [r0, #0]
10007014:	6041      	str	r1, [r0, #4]
10007016:	bd10      	pop	{r4, pc}
10007018:	0014      	movs	r4, r2
1000701a:	3c76      	subs	r4, #118	@ 0x76
1000701c:	2c18      	cmp	r4, #24
1000701e:	d8f8      	bhi.n	10007012 <_ZNK12_GLOBAL__N_121system_error_category23default_error_conditionEi+0x32>
10007020:	4b0b      	ldr	r3, [pc, #44]	@ (10007050 <_ZNK12_GLOBAL__N_121system_error_category23default_error_conditionEi+0x70>)
10007022:	40e3      	lsrs	r3, r4
10007024:	07db      	lsls	r3, r3, #31
10007026:	d5f4      	bpl.n	10007012 <_ZNK12_GLOBAL__N_121system_error_category23default_error_conditionEi+0x32>
10007028:	4b07      	ldr	r3, [pc, #28]	@ (10007048 <_ZNK12_GLOBAL__N_121system_error_category23default_error_conditionEi+0x68>)
1000702a:	6002      	str	r2, [r0, #0]
1000702c:	6043      	str	r3, [r0, #4]
1000702e:	e7f2      	b.n	10007016 <_ZNK12_GLOBAL__N_121system_error_category23default_error_conditionEi+0x36>
10007030:	0013      	movs	r3, r2
10007032:	3b2d      	subs	r3, #45	@ 0x2d
10007034:	2b01      	cmp	r3, #1
10007036:	d9e2      	bls.n	10006ffe <_ZNK12_GLOBAL__N_121system_error_category23default_error_conditionEi+0x1e>
10007038:	e7eb      	b.n	10007012 <_ZNK12_GLOBAL__N_121system_error_category23default_error_conditionEi+0x32>
1000703a:	0014      	movs	r4, r2
1000703c:	4b05      	ldr	r3, [pc, #20]	@ (10007054 <_ZNK12_GLOBAL__N_121system_error_category23default_error_conditionEi+0x74>)
1000703e:	3c3c      	subs	r4, #60	@ 0x3c
10007040:	40e3      	lsrs	r3, r4
10007042:	07db      	lsls	r3, r3, #31
10007044:	d5e5      	bpl.n	10007012 <_ZNK12_GLOBAL__N_121system_error_category23default_error_conditionEi+0x32>
10007046:	e7da      	b.n	10006ffe <_ZNK12_GLOBAL__N_121system_error_category23default_error_conditionEi+0x1e>
10007048:	20001414 	.word	0x20001414
1000704c:	1fbf009d 	.word	0x1fbf009d
10007050:	01f107bf 	.word	0x01f107bf
10007054:	0002088f 	.word	0x0002088f

10007058 <_ZN12_GLOBAL__N_121system_error_categoryD1Ev>:
10007058:	4770      	bx	lr
1000705a:	46c0      	nop			@ (mov r8, r8)

1000705c <_ZNKSt3_V214error_category23default_error_conditionEi>:
1000705c:	6002      	str	r2, [r0, #0]
1000705e:	6041      	str	r1, [r0, #4]
10007060:	4770      	bx	lr
10007062:	46c0      	nop			@ (mov r8, r8)

10007064 <_ZNKSt3_V214error_category10equivalentERKSt10error_codei>:
10007064:	b510      	push	{r4, lr}
10007066:	684c      	ldr	r4, [r1, #4]
10007068:	2300      	movs	r3, #0
1000706a:	4284      	cmp	r4, r0
1000706c:	d001      	beq.n	10007072 <_ZNKSt3_V214error_category10equivalentERKSt10error_codei+0xe>
1000706e:	0018      	movs	r0, r3
10007070:	bd10      	pop	{r4, pc}
10007072:	680b      	ldr	r3, [r1, #0]
10007074:	1a9b      	subs	r3, r3, r2
10007076:	425a      	negs	r2, r3
10007078:	4153      	adcs	r3, r2
1000707a:	b2db      	uxtb	r3, r3
1000707c:	e7f7      	b.n	1000706e <_ZNKSt3_V214error_category10equivalentERKSt10error_codei+0xa>
1000707e:	46c0      	nop			@ (mov r8, r8)

10007080 <_ZN12_GLOBAL__N_113constant_initINS_22generic_error_categoryEED1Ev>:
10007080:	4770      	bx	lr
10007082:	46c0      	nop			@ (mov r8, r8)

10007084 <_ZN12_GLOBAL__N_113constant_initINS_21system_error_categoryEED1Ev>:
10007084:	4770      	bx	lr
10007086:	46c0      	nop			@ (mov r8, r8)

10007088 <_ZNK12_GLOBAL__N_121system_error_category7messageB5cxx11Ei>:
10007088:	b5f0      	push	{r4, r5, r6, r7, lr}
1000708a:	46ce      	mov	lr, r9
1000708c:	4647      	mov	r7, r8
1000708e:	0003      	movs	r3, r0
10007090:	b580      	push	{r7, lr}
10007092:	3308      	adds	r3, #8
10007094:	b085      	sub	sp, #20
10007096:	6003      	str	r3, [r0, #0]
10007098:	2300      	movs	r3, #0
1000709a:	0004      	movs	r4, r0
1000709c:	4690      	mov	r8, r2
1000709e:	253c      	movs	r5, #60	@ 0x3c
100070a0:	4699      	mov	r9, r3
100070a2:	6043      	str	r3, [r0, #4]
100070a4:	7203      	strb	r3, [r0, #8]
100070a6:	e00c      	b.n	100070c2 <_ZNK12_GLOBAL__N_121system_error_category7messageB5cxx11Ei+0x3a>
100070a8:	783b      	ldrb	r3, [r7, #0]
100070aa:	2b00      	cmp	r3, #0
100070ac:	d028      	beq.n	10007100 <_ZNK12_GLOBAL__N_121system_error_category7messageB5cxx11Ei+0x78>
100070ae:	0038      	movs	r0, r7
100070b0:	f000 f916 	bl	100072e0 <strlen>
100070b4:	464a      	mov	r2, r9
100070b6:	6823      	ldr	r3, [r4, #0]
100070b8:	6060      	str	r0, [r4, #4]
100070ba:	541a      	strb	r2, [r3, r0]
100070bc:	6863      	ldr	r3, [r4, #4]
100070be:	2b00      	cmp	r3, #0
100070c0:	d118      	bne.n	100070f4 <_ZNK12_GLOBAL__N_121system_error_category7messageB5cxx11Ei+0x6c>
100070c2:	0029      	movs	r1, r5
100070c4:	0020      	movs	r0, r4
100070c6:	f7fe fc9b 	bl	10005a00 <_ZNSt7__cxx1112basic_stringIcSt11char_traitsIcESaIcEE7reserveEj>
100070ca:	464b      	mov	r3, r9
100070cc:	6827      	ldr	r7, [r4, #0]
100070ce:	002a      	movs	r2, r5
100070d0:	0039      	movs	r1, r7
100070d2:	4640      	mov	r0, r8
100070d4:	703b      	strb	r3, [r7, #0]
100070d6:	f000 fffd 	bl	100080d4 <__xpg_strerror_r>
100070da:	2800      	cmp	r0, #0
100070dc:	d0e7      	beq.n	100070ae <_ZNK12_GLOBAL__N_121system_error_category7messageB5cxx11Ei+0x26>
100070de:	2822      	cmp	r0, #34	@ 0x22
100070e0:	d1e2      	bne.n	100070a8 <_ZNK12_GLOBAL__N_121system_error_category7messageB5cxx11Ei+0x20>
100070e2:	2000      	movs	r0, #0
100070e4:	464a      	mov	r2, r9
100070e6:	6823      	ldr	r3, [r4, #0]
100070e8:	6060      	str	r0, [r4, #4]
100070ea:	541a      	strb	r2, [r3, r0]
100070ec:	6863      	ldr	r3, [r4, #4]
100070ee:	006d      	lsls	r5, r5, #1
100070f0:	2b00      	cmp	r3, #0
100070f2:	d0e6      	beq.n	100070c2 <_ZNK12_GLOBAL__N_121system_error_category7messageB5cxx11Ei+0x3a>
100070f4:	0020      	movs	r0, r4
100070f6:	b005      	add	sp, #20
100070f8:	bcc0      	pop	{r6, r7}
100070fa:	46b9      	mov	r9, r7
100070fc:	46b0      	mov	r8, r6
100070fe:	bdf0      	pop	{r4, r5, r6, r7, pc}
10007100:	466a      	mov	r2, sp
10007102:	4b0b      	ldr	r3, [pc, #44]	@ (10007130 <_ZNK12_GLOBAL__N_121system_error_category7messageB5cxx11Ei+0xa8>)
10007104:	cb43      	ldmia	r3!, {r0, r1, r6}
10007106:	c243      	stmia	r2!, {r0, r1, r6}
10007108:	881b      	ldrh	r3, [r3, #0]
1000710a:	4669      	mov	r1, sp
1000710c:	8013      	strh	r3, [r2, #0]
1000710e:	0038      	movs	r0, r7
10007110:	220d      	movs	r2, #13
10007112:	f7fc fc2b 	bl	1000396c <__wrap___aeabi_memcpy>
10007116:	200d      	movs	r0, #13
10007118:	e7cc      	b.n	100070b4 <_ZNK12_GLOBAL__N_121system_error_category7messageB5cxx11Ei+0x2c>
1000711a:	0020      	movs	r0, r4
1000711c:	f7fe fc0c 	bl	10005938 <_ZNSt7__cxx1112basic_stringIcSt11char_traitsIcESaIcEE10_M_disposeEv>
10007120:	f7fe fd6a 	bl	10005bf8 <__cxa_end_cleanup>
10007124:	2300      	movs	r3, #0
10007126:	6822      	ldr	r2, [r4, #0]
10007128:	6063      	str	r3, [r4, #4]
1000712a:	7013      	strb	r3, [r2, #0]
1000712c:	e7f5      	b.n	1000711a <_ZNK12_GLOBAL__N_121system_error_category7messageB5cxx11Ei+0x92>
1000712e:	46c0      	nop			@ (mov r8, r8)
10007130:	10008b3c 	.word	0x10008b3c

10007134 <_ZN12_GLOBAL__N_122generic_error_categoryD0Ev>:
10007134:	b510      	push	{r4, lr}
10007136:	0004      	movs	r4, r0
10007138:	f7fc fc22 	bl	10003980 <_ZdlPv>
1000713c:	0020      	movs	r0, r4
1000713e:	bd10      	pop	{r4, pc}

10007140 <_ZN12_GLOBAL__N_121system_error_categoryD0Ev>:
10007140:	b510      	push	{r4, lr}
10007142:	0004      	movs	r4, r0
10007144:	f7fc fc1c 	bl	10003980 <_ZdlPv>
10007148:	0020      	movs	r0, r4
1000714a:	bd10      	pop	{r4, pc}

1000714c <_ZNKSt3_V214error_category10_M_messageB5cxx11Ei>:
1000714c:	b530      	push	{r4, r5, lr}
1000714e:	0004      	movs	r4, r0
10007150:	680b      	ldr	r3, [r1, #0]
10007152:	b087      	sub	sp, #28
10007154:	4668      	mov	r0, sp
10007156:	691b      	ldr	r3, [r3, #16]
10007158:	4798      	blx	r3
1000715a:	0020      	movs	r0, r4
1000715c:	9a01      	ldr	r2, [sp, #4]
1000715e:	9900      	ldr	r1, [sp, #0]
10007160:	466d      	mov	r5, sp
10007162:	f7ff feaf 	bl	10006ec4 <_ZNSt12__cow_stringC1EPKcj>
10007166:	9800      	ldr	r0, [sp, #0]
10007168:	ab02      	add	r3, sp, #8
1000716a:	4298      	cmp	r0, r3
1000716c:	d001      	beq.n	10007172 <_ZNKSt3_V214error_category10_M_messageB5cxx11Ei+0x26>
1000716e:	f7fc fc07 	bl	10003980 <_ZdlPv>
10007172:	0020      	movs	r0, r4
10007174:	b007      	add	sp, #28
10007176:	bd30      	pop	{r4, r5, pc}
10007178:	0028      	movs	r0, r5
1000717a:	f7fe fbdd 	bl	10005938 <_ZNSt7__cxx1112basic_stringIcSt11char_traitsIcESaIcEE10_M_disposeEv>
1000717e:	f7fe fd3b 	bl	10005bf8 <__cxa_end_cleanup>
10007182:	46c0      	nop			@ (mov r8, r8)

10007184 <_ZNK12_GLOBAL__N_121system_error_category10equivalentEiRKSt15error_condition>:
10007184:	b510      	push	{r4, lr}
10007186:	2974      	cmp	r1, #116	@ 0x74
10007188:	dc22      	bgt.n	100071d0 <_ZNK12_GLOBAL__N_121system_error_category10equivalentEiRKSt15error_condition+0x4c>
1000718a:	2957      	cmp	r1, #87	@ 0x57
1000718c:	dc14      	bgt.n	100071b8 <_ZNK12_GLOBAL__N_121system_error_category10equivalentEiRKSt15error_condition+0x34>
1000718e:	294d      	cmp	r1, #77	@ 0x4d
10007190:	dc18      	bgt.n	100071c4 <_ZNK12_GLOBAL__N_121system_error_category10equivalentEiRKSt15error_condition+0x40>
10007192:	293b      	cmp	r1, #59	@ 0x3b
10007194:	dc2c      	bgt.n	100071f0 <_ZNK12_GLOBAL__N_121system_error_category10equivalentEiRKSt15error_condition+0x6c>
10007196:	2924      	cmp	r1, #36	@ 0x24
10007198:	dc24      	bgt.n	100071e4 <_ZNK12_GLOBAL__N_121system_error_category10equivalentEiRKSt15error_condition+0x60>
1000719a:	290f      	cmp	r1, #15
1000719c:	dc01      	bgt.n	100071a2 <_ZNK12_GLOBAL__N_121system_error_category10equivalentEiRKSt15error_condition+0x1e>
1000719e:	290e      	cmp	r1, #14
100071a0:	d810      	bhi.n	100071c4 <_ZNK12_GLOBAL__N_121system_error_category10equivalentEiRKSt15error_condition+0x40>
100071a2:	4b17      	ldr	r3, [pc, #92]	@ (10007200 <_ZNK12_GLOBAL__N_121system_error_category10equivalentEiRKSt15error_condition+0x7c>)
100071a4:	6854      	ldr	r4, [r2, #4]
100071a6:	2000      	movs	r0, #0
100071a8:	429c      	cmp	r4, r3
100071aa:	d110      	bne.n	100071ce <_ZNK12_GLOBAL__N_121system_error_category10equivalentEiRKSt15error_condition+0x4a>
100071ac:	6810      	ldr	r0, [r2, #0]
100071ae:	1a40      	subs	r0, r0, r1
100071b0:	4243      	negs	r3, r0
100071b2:	4158      	adcs	r0, r3
100071b4:	b2c0      	uxtb	r0, r0
100071b6:	e00a      	b.n	100071ce <_ZNK12_GLOBAL__N_121system_error_category10equivalentEiRKSt15error_condition+0x4a>
100071b8:	000c      	movs	r4, r1
100071ba:	4b12      	ldr	r3, [pc, #72]	@ (10007204 <_ZNK12_GLOBAL__N_121system_error_category10equivalentEiRKSt15error_condition+0x80>)
100071bc:	3c58      	subs	r4, #88	@ 0x58
100071be:	40e3      	lsrs	r3, r4
100071c0:	07db      	lsls	r3, r3, #31
100071c2:	d4ee      	bmi.n	100071a2 <_ZNK12_GLOBAL__N_121system_error_category10equivalentEiRKSt15error_condition+0x1e>
100071c4:	6854      	ldr	r4, [r2, #4]
100071c6:	0003      	movs	r3, r0
100071c8:	2000      	movs	r0, #0
100071ca:	429c      	cmp	r4, r3
100071cc:	d0ee      	beq.n	100071ac <_ZNK12_GLOBAL__N_121system_error_category10equivalentEiRKSt15error_condition+0x28>
100071ce:	bd10      	pop	{r4, pc}
100071d0:	000c      	movs	r4, r1
100071d2:	3c76      	subs	r4, #118	@ 0x76
100071d4:	2c18      	cmp	r4, #24
100071d6:	d8f5      	bhi.n	100071c4 <_ZNK12_GLOBAL__N_121system_error_category10equivalentEiRKSt15error_condition+0x40>
100071d8:	4b0b      	ldr	r3, [pc, #44]	@ (10007208 <_ZNK12_GLOBAL__N_121system_error_category10equivalentEiRKSt15error_condition+0x84>)
100071da:	40e3      	lsrs	r3, r4
100071dc:	07db      	lsls	r3, r3, #31
100071de:	d5f1      	bpl.n	100071c4 <_ZNK12_GLOBAL__N_121system_error_category10equivalentEiRKSt15error_condition+0x40>
100071e0:	4b07      	ldr	r3, [pc, #28]	@ (10007200 <_ZNK12_GLOBAL__N_121system_error_category10equivalentEiRKSt15error_condition+0x7c>)
100071e2:	e7df      	b.n	100071a4 <_ZNK12_GLOBAL__N_121system_error_category10equivalentEiRKSt15error_condition+0x20>
100071e4:	000b      	movs	r3, r1
100071e6:	3b2d      	subs	r3, #45	@ 0x2d
100071e8:	2b01      	cmp	r3, #1
100071ea:	d8eb      	bhi.n	100071c4 <_ZNK12_GLOBAL__N_121system_error_category10equivalentEiRKSt15error_condition+0x40>
100071ec:	4b04      	ldr	r3, [pc, #16]	@ (10007200 <_ZNK12_GLOBAL__N_121system_error_category10equivalentEiRKSt15error_condition+0x7c>)
100071ee:	e7d9      	b.n	100071a4 <_ZNK12_GLOBAL__N_121system_error_category10equivalentEiRKSt15error_condition+0x20>
100071f0:	000c      	movs	r4, r1
100071f2:	4b06      	ldr	r3, [pc, #24]	@ (1000720c <_ZNK12_GLOBAL__N_121system_error_category10equivalentEiRKSt15error_condition+0x88>)
100071f4:	3c3c      	subs	r4, #60	@ 0x3c
100071f6:	40e3      	lsrs	r3, r4
100071f8:	07db      	lsls	r3, r3, #31
100071fa:	d5e3      	bpl.n	100071c4 <_ZNK12_GLOBAL__N_121system_error_category10equivalentEiRKSt15error_condition+0x40>
100071fc:	4b00      	ldr	r3, [pc, #0]	@ (10007200 <_ZNK12_GLOBAL__N_121system_error_category10equivalentEiRKSt15error_condition+0x7c>)
100071fe:	e7d1      	b.n	100071a4 <_ZNK12_GLOBAL__N_121system_error_category10equivalentEiRKSt15error_condition+0x20>
10007200:	20001414 	.word	0x20001414
10007204:	1fbf009d 	.word	0x1fbf009d
10007208:	01f107bf 	.word	0x01f107bf
1000720c:	0002088f 	.word	0x0002088f

10007210 <_GLOBAL__sub_I__ZSt20__throw_system_errori>:
10007210:	b510      	push	{r4, lr}
10007212:	4c06      	ldr	r4, [pc, #24]	@ (1000722c <_GLOBAL__sub_I__ZSt20__throw_system_errori+0x1c>)
10007214:	4906      	ldr	r1, [pc, #24]	@ (10007230 <_GLOBAL__sub_I__ZSt20__throw_system_errori+0x20>)
10007216:	0022      	movs	r2, r4
10007218:	4806      	ldr	r0, [pc, #24]	@ (10007234 <_GLOBAL__sub_I__ZSt20__throw_system_errori+0x24>)
1000721a:	f000 f811 	bl	10007240 <__aeabi_atexit>
1000721e:	0022      	movs	r2, r4
10007220:	4905      	ldr	r1, [pc, #20]	@ (10007238 <_GLOBAL__sub_I__ZSt20__throw_system_errori+0x28>)
10007222:	4806      	ldr	r0, [pc, #24]	@ (1000723c <_GLOBAL__sub_I__ZSt20__throw_system_errori+0x2c>)
10007224:	f000 f80c 	bl	10007240 <__aeabi_atexit>
10007228:	bd10      	pop	{r4, pc}
1000722a:	46c0      	nop			@ (mov r8, r8)
1000722c:	200013b4 	.word	0x200013b4
10007230:	10007081 	.word	0x10007081
10007234:	20001414 	.word	0x20001414
10007238:	10007085 	.word	0x10007085
1000723c:	20001410 	.word	0x20001410

10007240 <__aeabi_atexit>:
10007240:	0003      	movs	r3, r0
10007242:	b510      	push	{r4, lr}
10007244:	0008      	movs	r0, r1
10007246:	0019      	movs	r1, r3
10007248:	f000 fe4e 	bl	10007ee8 <__cxa_atexit>
1000724c:	bd10      	pop	{r4, pc}
1000724e:	46c0      	nop			@ (mov r8, r8)

10007250 <strncpy>:
10007250:	000b      	movs	r3, r1
10007252:	4303      	orrs	r3, r0
10007254:	b570      	push	{r4, r5, r6, lr}
10007256:	0006      	movs	r6, r0
10007258:	079b      	lsls	r3, r3, #30
1000725a:	d10e      	bne.n	1000727a <strncpy+0x2a>
1000725c:	2a03      	cmp	r2, #3
1000725e:	d90c      	bls.n	1000727a <strncpy+0x2a>
10007260:	4d11      	ldr	r5, [pc, #68]	@ (100072a8 <strncpy+0x58>)
10007262:	e004      	b.n	1000726e <strncpy+0x1e>
10007264:	3a04      	subs	r2, #4
10007266:	3104      	adds	r1, #4
10007268:	c610      	stmia	r6!, {r4}
1000726a:	2a03      	cmp	r2, #3
1000726c:	d905      	bls.n	1000727a <strncpy+0x2a>
1000726e:	680c      	ldr	r4, [r1, #0]
10007270:	4b0e      	ldr	r3, [pc, #56]	@ (100072ac <strncpy+0x5c>)
10007272:	18e3      	adds	r3, r4, r3
10007274:	43a3      	bics	r3, r4
10007276:	422b      	tst	r3, r5
10007278:	d0f4      	beq.n	10007264 <strncpy+0x14>
1000727a:	0033      	movs	r3, r6
1000727c:	2400      	movs	r4, #0
1000727e:	e006      	b.n	1000728e <strncpy+0x3e>
10007280:	5d0d      	ldrb	r5, [r1, r4]
10007282:	3a01      	subs	r2, #1
10007284:	5535      	strb	r5, [r6, r4]
10007286:	3301      	adds	r3, #1
10007288:	3401      	adds	r4, #1
1000728a:	2d00      	cmp	r5, #0
1000728c:	d002      	beq.n	10007294 <strncpy+0x44>
1000728e:	2a00      	cmp	r2, #0
10007290:	d1f6      	bne.n	10007280 <strncpy+0x30>
10007292:	bd70      	pop	{r4, r5, r6, pc}
10007294:	2100      	movs	r1, #0
10007296:	189c      	adds	r4, r3, r2
10007298:	2a00      	cmp	r2, #0
1000729a:	d0fa      	beq.n	10007292 <strncpy+0x42>
1000729c:	7019      	strb	r1, [r3, #0]
1000729e:	3301      	adds	r3, #1
100072a0:	42a3      	cmp	r3, r4
100072a2:	d1fb      	bne.n	1000729c <strncpy+0x4c>
100072a4:	e7f5      	b.n	10007292 <strncpy+0x42>
100072a6:	46c0      	nop			@ (mov r8, r8)
100072a8:	80808080 	.word	0x80808080
100072ac:	fefefeff 	.word	0xfefefeff

100072b0 <_findenv>:
100072b0:	0003      	movs	r3, r0
100072b2:	b510      	push	{r4, lr}
100072b4:	000a      	movs	r2, r1
100072b6:	4903      	ldr	r1, [pc, #12]	@ (100072c4 <_findenv+0x14>)
100072b8:	6808      	ldr	r0, [r1, #0]
100072ba:	0019      	movs	r1, r3
100072bc:	f000 fe96 	bl	10007fec <_findenv_r>
100072c0:	bd10      	pop	{r4, pc}
100072c2:	46c0      	nop			@ (mov r8, r8)
100072c4:	20001418 	.word	0x20001418

100072c8 <getenv>:
100072c8:	b500      	push	{lr}
100072ca:	4b04      	ldr	r3, [pc, #16]	@ (100072dc <getenv+0x14>)
100072cc:	b083      	sub	sp, #12
100072ce:	0001      	movs	r1, r0
100072d0:	aa01      	add	r2, sp, #4
100072d2:	6818      	ldr	r0, [r3, #0]
100072d4:	f000 fe8a 	bl	10007fec <_findenv_r>
100072d8:	b003      	add	sp, #12
100072da:	bd00      	pop	{pc}
100072dc:	20001418 	.word	0x20001418

100072e0 <strlen>:
100072e0:	b510      	push	{r4, lr}
100072e2:	0783      	lsls	r3, r0, #30
100072e4:	d00a      	beq.n	100072fc <strlen+0x1c>
100072e6:	0003      	movs	r3, r0
100072e8:	2103      	movs	r1, #3
100072ea:	e002      	b.n	100072f2 <strlen+0x12>
100072ec:	3301      	adds	r3, #1
100072ee:	420b      	tst	r3, r1
100072f0:	d005      	beq.n	100072fe <strlen+0x1e>
100072f2:	781a      	ldrb	r2, [r3, #0]
100072f4:	2a00      	cmp	r2, #0
100072f6:	d1f9      	bne.n	100072ec <strlen+0xc>
100072f8:	1a18      	subs	r0, r3, r0
100072fa:	bd10      	pop	{r4, pc}
100072fc:	0003      	movs	r3, r0
100072fe:	6819      	ldr	r1, [r3, #0]
10007300:	4a0c      	ldr	r2, [pc, #48]	@ (10007334 <strlen+0x54>)
10007302:	4c0d      	ldr	r4, [pc, #52]	@ (10007338 <strlen+0x58>)
10007304:	188a      	adds	r2, r1, r2
10007306:	438a      	bics	r2, r1
10007308:	4222      	tst	r2, r4
1000730a:	d10f      	bne.n	1000732c <strlen+0x4c>
1000730c:	6859      	ldr	r1, [r3, #4]
1000730e:	4a09      	ldr	r2, [pc, #36]	@ (10007334 <strlen+0x54>)
10007310:	3304      	adds	r3, #4
10007312:	188a      	adds	r2, r1, r2
10007314:	438a      	bics	r2, r1
10007316:	4222      	tst	r2, r4
10007318:	d108      	bne.n	1000732c <strlen+0x4c>
1000731a:	6859      	ldr	r1, [r3, #4]
1000731c:	4a05      	ldr	r2, [pc, #20]	@ (10007334 <strlen+0x54>)
1000731e:	3304      	adds	r3, #4
10007320:	188a      	adds	r2, r1, r2
10007322:	438a      	bics	r2, r1
10007324:	4222      	tst	r2, r4
10007326:	d0f1      	beq.n	1000730c <strlen+0x2c>
10007328:	e000      	b.n	1000732c <strlen+0x4c>
1000732a:	3301      	adds	r3, #1
1000732c:	781a      	ldrb	r2, [r3, #0]
1000732e:	2a00      	cmp	r2, #0
10007330:	d1fb      	bne.n	1000732a <strlen+0x4a>
10007332:	e7e1      	b.n	100072f8 <strlen+0x18>
10007334:	fefefeff 	.word	0xfefefeff
10007338:	80808080 	.word	0x80808080

1000733c <strchr>:
1000733c:	2303      	movs	r3, #3
1000733e:	b2ca      	uxtb	r2, r1
10007340:	b5f0      	push	{r4, r5, r6, r7, lr}
10007342:	4003      	ands	r3, r0
10007344:	2a00      	cmp	r2, #0
10007346:	d035      	beq.n	100073b4 <strchr+0x78>
10007348:	2403      	movs	r4, #3
1000734a:	2b00      	cmp	r3, #0
1000734c:	d12d      	bne.n	100073aa <strchr+0x6e>
1000734e:	23ff      	movs	r3, #255	@ 0xff
10007350:	400b      	ands	r3, r1
10007352:	021d      	lsls	r5, r3, #8
10007354:	18ed      	adds	r5, r5, r3
10007356:	042b      	lsls	r3, r5, #16
10007358:	18ed      	adds	r5, r5, r3
1000735a:	002c      	movs	r4, r5
1000735c:	6801      	ldr	r1, [r0, #0]
1000735e:	4e26      	ldr	r6, [pc, #152]	@ (100073f8 <strchr+0xbc>)
10007360:	404c      	eors	r4, r1
10007362:	198b      	adds	r3, r1, r6
10007364:	438b      	bics	r3, r1
10007366:	19a1      	adds	r1, r4, r6
10007368:	43a1      	bics	r1, r4
1000736a:	4e24      	ldr	r6, [pc, #144]	@ (100073fc <strchr+0xc0>)
1000736c:	430b      	orrs	r3, r1
1000736e:	4233      	tst	r3, r6
10007370:	d111      	bne.n	10007396 <strchr+0x5a>
10007372:	6841      	ldr	r1, [r0, #4]
10007374:	4f20      	ldr	r7, [pc, #128]	@ (100073f8 <strchr+0xbc>)
10007376:	000c      	movs	r4, r1
10007378:	19cb      	adds	r3, r1, r7
1000737a:	406c      	eors	r4, r5
1000737c:	438b      	bics	r3, r1
1000737e:	19e1      	adds	r1, r4, r7
10007380:	43a1      	bics	r1, r4
10007382:	430b      	orrs	r3, r1
10007384:	3004      	adds	r0, #4
10007386:	4233      	tst	r3, r6
10007388:	d0f3      	beq.n	10007372 <strchr+0x36>
1000738a:	7803      	ldrb	r3, [r0, #0]
1000738c:	2b00      	cmp	r3, #0
1000738e:	d005      	beq.n	1000739c <strchr+0x60>
10007390:	429a      	cmp	r2, r3
10007392:	d004      	beq.n	1000739e <strchr+0x62>
10007394:	3001      	adds	r0, #1
10007396:	7803      	ldrb	r3, [r0, #0]
10007398:	2b00      	cmp	r3, #0
1000739a:	d1f9      	bne.n	10007390 <strchr+0x54>
1000739c:	2000      	movs	r0, #0
1000739e:	bdf0      	pop	{r4, r5, r6, r7, pc}
100073a0:	4293      	cmp	r3, r2
100073a2:	d0fc      	beq.n	1000739e <strchr+0x62>
100073a4:	3001      	adds	r0, #1
100073a6:	4220      	tst	r0, r4
100073a8:	d0d1      	beq.n	1000734e <strchr+0x12>
100073aa:	7803      	ldrb	r3, [r0, #0]
100073ac:	2b00      	cmp	r3, #0
100073ae:	d1f7      	bne.n	100073a0 <strchr+0x64>
100073b0:	2000      	movs	r0, #0
100073b2:	e7f4      	b.n	1000739e <strchr+0x62>
100073b4:	2b00      	cmp	r3, #0
100073b6:	d008      	beq.n	100073ca <strchr+0x8e>
100073b8:	2203      	movs	r2, #3
100073ba:	e002      	b.n	100073c2 <strchr+0x86>
100073bc:	3001      	adds	r0, #1
100073be:	4210      	tst	r0, r2
100073c0:	d003      	beq.n	100073ca <strchr+0x8e>
100073c2:	7803      	ldrb	r3, [r0, #0]
100073c4:	2b00      	cmp	r3, #0
100073c6:	d1f9      	bne.n	100073bc <strchr+0x80>
100073c8:	e7e9      	b.n	1000739e <strchr+0x62>
100073ca:	6802      	ldr	r2, [r0, #0]
100073cc:	4b0a      	ldr	r3, [pc, #40]	@ (100073f8 <strchr+0xbc>)
100073ce:	490b      	ldr	r1, [pc, #44]	@ (100073fc <strchr+0xc0>)
100073d0:	18d3      	adds	r3, r2, r3
100073d2:	4393      	bics	r3, r2
100073d4:	420b      	tst	r3, r1
100073d6:	d106      	bne.n	100073e6 <strchr+0xaa>
100073d8:	6842      	ldr	r2, [r0, #4]
100073da:	4b07      	ldr	r3, [pc, #28]	@ (100073f8 <strchr+0xbc>)
100073dc:	3004      	adds	r0, #4
100073de:	18d3      	adds	r3, r2, r3
100073e0:	4393      	bics	r3, r2
100073e2:	420b      	tst	r3, r1
100073e4:	d0f8      	beq.n	100073d8 <strchr+0x9c>
100073e6:	7803      	ldrb	r3, [r0, #0]
100073e8:	2b00      	cmp	r3, #0
100073ea:	d0d8      	beq.n	1000739e <strchr+0x62>
100073ec:	7843      	ldrb	r3, [r0, #1]
100073ee:	3001      	adds	r0, #1
100073f0:	2b00      	cmp	r3, #0
100073f2:	d1fb      	bne.n	100073ec <strchr+0xb0>
100073f4:	e7d3      	b.n	1000739e <strchr+0x62>
100073f6:	46c0      	nop			@ (mov r8, r8)
100073f8:	fefefeff 	.word	0xfefefeff
100073fc:	80808080 	.word	0x80808080

10007400 <_strtoul_l.isra.0>:
10007400:	b5f0      	push	{r4, r5, r6, r7, lr}
10007402:	4657      	mov	r7, sl
10007404:	464e      	mov	r6, r9
10007406:	4645      	mov	r5, r8
10007408:	46de      	mov	lr, fp
1000740a:	4688      	mov	r8, r1
1000740c:	b5e0      	push	{r5, r6, r7, lr}
1000740e:	000c      	movs	r4, r1
10007410:	4692      	mov	sl, r2
10007412:	001e      	movs	r6, r3
10007414:	2108      	movs	r1, #8
10007416:	b083      	sub	sp, #12
10007418:	9001      	str	r0, [sp, #4]
1000741a:	4846      	ldr	r0, [pc, #280]	@ (10007534 <_strtoul_l.isra.0+0x134>)
1000741c:	0023      	movs	r3, r4
1000741e:	781d      	ldrb	r5, [r3, #0]
10007420:	3401      	adds	r4, #1
10007422:	5d42      	ldrb	r2, [r0, r5]
10007424:	4211      	tst	r1, r2
10007426:	d1f9      	bne.n	1000741c <_strtoul_l.isra.0+0x1c>
10007428:	2d2d      	cmp	r5, #45	@ 0x2d
1000742a:	d05e      	beq.n	100074ea <_strtoul_l.isra.0+0xea>
1000742c:	2200      	movs	r2, #0
1000742e:	4693      	mov	fp, r2
10007430:	2d2b      	cmp	r5, #43	@ 0x2b
10007432:	d033      	beq.n	1000749c <_strtoul_l.isra.0+0x9c>
10007434:	2e00      	cmp	r6, #0
10007436:	d107      	bne.n	10007448 <_strtoul_l.isra.0+0x48>
10007438:	2d30      	cmp	r5, #48	@ 0x30
1000743a:	d062      	beq.n	10007502 <_strtoul_l.isra.0+0x102>
1000743c:	230a      	movs	r3, #10
1000743e:	2105      	movs	r1, #5
10007440:	4699      	mov	r9, r3
10007442:	4f3d      	ldr	r7, [pc, #244]	@ (10007538 <_strtoul_l.isra.0+0x138>)
10007444:	360a      	adds	r6, #10
10007446:	e00d      	b.n	10007464 <_strtoul_l.isra.0+0x64>
10007448:	2e10      	cmp	r6, #16
1000744a:	d053      	beq.n	100074f4 <_strtoul_l.isra.0+0xf4>
1000744c:	2001      	movs	r0, #1
1000744e:	0031      	movs	r1, r6
10007450:	4240      	negs	r0, r0
10007452:	f7fb fbbf 	bl	10002bd4 <__wrap___aeabi_uidiv>
10007456:	0007      	movs	r7, r0
10007458:	2001      	movs	r0, #1
1000745a:	0031      	movs	r1, r6
1000745c:	4240      	negs	r0, r0
1000745e:	46b1      	mov	r9, r6
10007460:	f7fb fbb8 	bl	10002bd4 <__wrap___aeabi_uidiv>
10007464:	2200      	movs	r2, #0
10007466:	2000      	movs	r0, #0
10007468:	002b      	movs	r3, r5
1000746a:	3b30      	subs	r3, #48	@ 0x30
1000746c:	2b09      	cmp	r3, #9
1000746e:	d907      	bls.n	10007480 <_strtoul_l.isra.0+0x80>
10007470:	3b11      	subs	r3, #17
10007472:	2b19      	cmp	r3, #25
10007474:	d903      	bls.n	1000747e <_strtoul_l.isra.0+0x7e>
10007476:	002b      	movs	r3, r5
10007478:	3b61      	subs	r3, #97	@ 0x61
1000747a:	2b19      	cmp	r3, #25
1000747c:	d811      	bhi.n	100074a2 <_strtoul_l.isra.0+0xa2>
1000747e:	330a      	adds	r3, #10
10007480:	429e      	cmp	r6, r3
10007482:	dd0e      	ble.n	100074a2 <_strtoul_l.isra.0+0xa2>
10007484:	1c55      	adds	r5, r2, #1
10007486:	d006      	beq.n	10007496 <_strtoul_l.isra.0+0x96>
10007488:	42b8      	cmp	r0, r7
1000748a:	d821      	bhi.n	100074d0 <_strtoul_l.isra.0+0xd0>
1000748c:	d01e      	beq.n	100074cc <_strtoul_l.isra.0+0xcc>
1000748e:	464a      	mov	r2, r9
10007490:	4350      	muls	r0, r2
10007492:	2201      	movs	r2, #1
10007494:	1818      	adds	r0, r3, r0
10007496:	7825      	ldrb	r5, [r4, #0]
10007498:	3401      	adds	r4, #1
1000749a:	e7e5      	b.n	10007468 <_strtoul_l.isra.0+0x68>
1000749c:	7825      	ldrb	r5, [r4, #0]
1000749e:	1c9c      	adds	r4, r3, #2
100074a0:	e7c8      	b.n	10007434 <_strtoul_l.isra.0+0x34>
100074a2:	1c53      	adds	r3, r2, #1
100074a4:	d017      	beq.n	100074d6 <_strtoul_l.isra.0+0xd6>
100074a6:	465b      	mov	r3, fp
100074a8:	2b00      	cmp	r3, #0
100074aa:	d000      	beq.n	100074ae <_strtoul_l.isra.0+0xae>
100074ac:	4240      	negs	r0, r0
100074ae:	4653      	mov	r3, sl
100074b0:	2b00      	cmp	r3, #0
100074b2:	d004      	beq.n	100074be <_strtoul_l.isra.0+0xbe>
100074b4:	2a00      	cmp	r2, #0
100074b6:	d115      	bne.n	100074e4 <_strtoul_l.isra.0+0xe4>
100074b8:	4653      	mov	r3, sl
100074ba:	4642      	mov	r2, r8
100074bc:	601a      	str	r2, [r3, #0]
100074be:	b003      	add	sp, #12
100074c0:	bcf0      	pop	{r4, r5, r6, r7}
100074c2:	46bb      	mov	fp, r7
100074c4:	46b2      	mov	sl, r6
100074c6:	46a9      	mov	r9, r5
100074c8:	46a0      	mov	r8, r4
100074ca:	bdf0      	pop	{r4, r5, r6, r7, pc}
100074cc:	428b      	cmp	r3, r1
100074ce:	ddde      	ble.n	1000748e <_strtoul_l.isra.0+0x8e>
100074d0:	2201      	movs	r2, #1
100074d2:	4252      	negs	r2, r2
100074d4:	e7df      	b.n	10007496 <_strtoul_l.isra.0+0x96>
100074d6:	2322      	movs	r3, #34	@ 0x22
100074d8:	9901      	ldr	r1, [sp, #4]
100074da:	0010      	movs	r0, r2
100074dc:	600b      	str	r3, [r1, #0]
100074de:	4653      	mov	r3, sl
100074e0:	2b00      	cmp	r3, #0
100074e2:	d0ec      	beq.n	100074be <_strtoul_l.isra.0+0xbe>
100074e4:	1e63      	subs	r3, r4, #1
100074e6:	4698      	mov	r8, r3
100074e8:	e7e6      	b.n	100074b8 <_strtoul_l.isra.0+0xb8>
100074ea:	7825      	ldrb	r5, [r4, #0]
100074ec:	1c9c      	adds	r4, r3, #2
100074ee:	2301      	movs	r3, #1
100074f0:	469b      	mov	fp, r3
100074f2:	e79f      	b.n	10007434 <_strtoul_l.isra.0+0x34>
100074f4:	2d30      	cmp	r5, #48	@ 0x30
100074f6:	d00f      	beq.n	10007518 <_strtoul_l.isra.0+0x118>
100074f8:	2310      	movs	r3, #16
100074fa:	210f      	movs	r1, #15
100074fc:	4699      	mov	r9, r3
100074fe:	4f0f      	ldr	r7, [pc, #60]	@ (1000753c <_strtoul_l.isra.0+0x13c>)
10007500:	e7b0      	b.n	10007464 <_strtoul_l.isra.0+0x64>
10007502:	2220      	movs	r2, #32
10007504:	7823      	ldrb	r3, [r4, #0]
10007506:	4393      	bics	r3, r2
10007508:	2b58      	cmp	r3, #88	@ 0x58
1000750a:	d00a      	beq.n	10007522 <_strtoul_l.isra.0+0x122>
1000750c:	2308      	movs	r3, #8
1000750e:	2107      	movs	r1, #7
10007510:	4699      	mov	r9, r3
10007512:	2608      	movs	r6, #8
10007514:	4f0a      	ldr	r7, [pc, #40]	@ (10007540 <_strtoul_l.isra.0+0x140>)
10007516:	e7a5      	b.n	10007464 <_strtoul_l.isra.0+0x64>
10007518:	2220      	movs	r2, #32
1000751a:	7823      	ldrb	r3, [r4, #0]
1000751c:	4393      	bics	r3, r2
1000751e:	2b58      	cmp	r3, #88	@ 0x58
10007520:	d1ea      	bne.n	100074f8 <_strtoul_l.isra.0+0xf8>
10007522:	2310      	movs	r3, #16
10007524:	7865      	ldrb	r5, [r4, #1]
10007526:	210f      	movs	r1, #15
10007528:	4699      	mov	r9, r3
1000752a:	2610      	movs	r6, #16
1000752c:	4f03      	ldr	r7, [pc, #12]	@ (1000753c <_strtoul_l.isra.0+0x13c>)
1000752e:	3402      	adds	r4, #2
10007530:	e798      	b.n	10007464 <_strtoul_l.isra.0+0x64>
10007532:	46c0      	nop			@ (mov r8, r8)
10007534:	1000979d 	.word	0x1000979d
10007538:	19999999 	.word	0x19999999
1000753c:	0fffffff 	.word	0x0fffffff
10007540:	1fffffff 	.word	0x1fffffff

10007544 <_strtoul_r>:
10007544:	b510      	push	{r4, lr}
10007546:	f7ff ff5b 	bl	10007400 <_strtoul_l.isra.0>
1000754a:	bd10      	pop	{r4, pc}

1000754c <strtoul_l>:
1000754c:	b510      	push	{r4, lr}
1000754e:	0004      	movs	r4, r0
10007550:	0013      	movs	r3, r2
10007552:	4a03      	ldr	r2, [pc, #12]	@ (10007560 <strtoul_l+0x14>)
10007554:	6810      	ldr	r0, [r2, #0]
10007556:	000a      	movs	r2, r1
10007558:	0021      	movs	r1, r4
1000755a:	f7ff ff51 	bl	10007400 <_strtoul_l.isra.0>
1000755e:	bd10      	pop	{r4, pc}
10007560:	20001418 	.word	0x20001418

10007564 <strtoul>:
10007564:	b510      	push	{r4, lr}
10007566:	0004      	movs	r4, r0
10007568:	0013      	movs	r3, r2
1000756a:	4a03      	ldr	r2, [pc, #12]	@ (10007578 <strtoul+0x14>)
1000756c:	6810      	ldr	r0, [r2, #0]
1000756e:	000a      	movs	r2, r1
10007570:	0021      	movs	r1, r4
10007572:	f7ff ff45 	bl	10007400 <_strtoul_l.isra.0>
10007576:	bd10      	pop	{r4, pc}
10007578:	20001418 	.word	0x20001418

1000757c <__libc_fini_array>:
1000757c:	b570      	push	{r4, r5, r6, lr}
1000757e:	4c07      	ldr	r4, [pc, #28]	@ (1000759c <__libc_fini_array+0x20>)
10007580:	4d07      	ldr	r5, [pc, #28]	@ (100075a0 <__libc_fini_array+0x24>)
10007582:	1b64      	subs	r4, r4, r5
10007584:	10a4      	asrs	r4, r4, #2
10007586:	d005      	beq.n	10007594 <__libc_fini_array+0x18>
10007588:	3c01      	subs	r4, #1
1000758a:	00a3      	lsls	r3, r4, #2
1000758c:	58eb      	ldr	r3, [r5, r3]
1000758e:	4798      	blx	r3
10007590:	2c00      	cmp	r4, #0
10007592:	d1f9      	bne.n	10007588 <__libc_fini_array+0xc>
10007594:	f001 f938 	bl	10008808 <_fini>
10007598:	bd70      	pop	{r4, r5, r6, pc}
1000759a:	46c0      	nop			@ (mov r8, r8)
1000759c:	1000898c 	.word	0x1000898c
100075a0:	1000898c 	.word	0x1000898c

100075a4 <memmove>:
100075a4:	b5f0      	push	{r4, r5, r6, r7, lr}
100075a6:	4288      	cmp	r0, r1
100075a8:	d90a      	bls.n	100075c0 <memmove+0x1c>
100075aa:	188b      	adds	r3, r1, r2
100075ac:	4298      	cmp	r0, r3
100075ae:	d207      	bcs.n	100075c0 <memmove+0x1c>
100075b0:	1e53      	subs	r3, r2, #1
100075b2:	2a00      	cmp	r2, #0
100075b4:	d003      	beq.n	100075be <memmove+0x1a>
100075b6:	5cca      	ldrb	r2, [r1, r3]
100075b8:	54c2      	strb	r2, [r0, r3]
100075ba:	3b01      	subs	r3, #1
100075bc:	d2fb      	bcs.n	100075b6 <memmove+0x12>
100075be:	bdf0      	pop	{r4, r5, r6, r7, pc}
100075c0:	0005      	movs	r5, r0
100075c2:	2a0f      	cmp	r2, #15
100075c4:	d80a      	bhi.n	100075dc <memmove+0x38>
100075c6:	1e56      	subs	r6, r2, #1
100075c8:	2a00      	cmp	r2, #0
100075ca:	d0f8      	beq.n	100075be <memmove+0x1a>
100075cc:	2300      	movs	r3, #0
100075ce:	5ccc      	ldrb	r4, [r1, r3]
100075d0:	001a      	movs	r2, r3
100075d2:	54ec      	strb	r4, [r5, r3]
100075d4:	3301      	adds	r3, #1
100075d6:	4296      	cmp	r6, r2
100075d8:	d1f9      	bne.n	100075ce <memmove+0x2a>
100075da:	e7f0      	b.n	100075be <memmove+0x1a>
100075dc:	2703      	movs	r7, #3
100075de:	003e      	movs	r6, r7
100075e0:	430d      	orrs	r5, r1
100075e2:	000c      	movs	r4, r1
100075e4:	0003      	movs	r3, r0
100075e6:	402e      	ands	r6, r5
100075e8:	422f      	tst	r7, r5
100075ea:	d12d      	bne.n	10007648 <memmove+0xa4>
100075ec:	0015      	movs	r5, r2
100075ee:	3d10      	subs	r5, #16
100075f0:	092d      	lsrs	r5, r5, #4
100075f2:	46ac      	mov	ip, r5
100075f4:	012f      	lsls	r7, r5, #4
100075f6:	183f      	adds	r7, r7, r0
100075f8:	6825      	ldr	r5, [r4, #0]
100075fa:	601d      	str	r5, [r3, #0]
100075fc:	6865      	ldr	r5, [r4, #4]
100075fe:	605d      	str	r5, [r3, #4]
10007600:	68a5      	ldr	r5, [r4, #8]
10007602:	609d      	str	r5, [r3, #8]
10007604:	68e5      	ldr	r5, [r4, #12]
10007606:	3410      	adds	r4, #16
10007608:	60dd      	str	r5, [r3, #12]
1000760a:	001d      	movs	r5, r3
1000760c:	3310      	adds	r3, #16
1000760e:	42bd      	cmp	r5, r7
10007610:	d1f2      	bne.n	100075f8 <memmove+0x54>
10007612:	4665      	mov	r5, ip
10007614:	230f      	movs	r3, #15
10007616:	240c      	movs	r4, #12
10007618:	3501      	adds	r5, #1
1000761a:	012d      	lsls	r5, r5, #4
1000761c:	1949      	adds	r1, r1, r5
1000761e:	4013      	ands	r3, r2
10007620:	1945      	adds	r5, r0, r5
10007622:	4214      	tst	r4, r2
10007624:	d013      	beq.n	1000764e <memmove+0xaa>
10007626:	3b04      	subs	r3, #4
10007628:	089b      	lsrs	r3, r3, #2
1000762a:	3301      	adds	r3, #1
1000762c:	009b      	lsls	r3, r3, #2
1000762e:	598c      	ldr	r4, [r1, r6]
10007630:	51ac      	str	r4, [r5, r6]
10007632:	3604      	adds	r6, #4
10007634:	429e      	cmp	r6, r3
10007636:	d1fa      	bne.n	1000762e <memmove+0x8a>
10007638:	2303      	movs	r3, #3
1000763a:	401a      	ands	r2, r3
1000763c:	19ad      	adds	r5, r5, r6
1000763e:	1989      	adds	r1, r1, r6
10007640:	1e56      	subs	r6, r2, #1
10007642:	2a00      	cmp	r2, #0
10007644:	d1c2      	bne.n	100075cc <memmove+0x28>
10007646:	e7ba      	b.n	100075be <memmove+0x1a>
10007648:	0005      	movs	r5, r0
1000764a:	1e56      	subs	r6, r2, #1
1000764c:	e7be      	b.n	100075cc <memmove+0x28>
1000764e:	001a      	movs	r2, r3
10007650:	e7b9      	b.n	100075c6 <memmove+0x22>
10007652:	46c0      	nop			@ (mov r8, r8)

10007654 <abort>:
10007654:	2006      	movs	r0, #6
10007656:	b510      	push	{r4, lr}
10007658:	f000 fe48 	bl	100082ec <raise>
1000765c:	2001      	movs	r0, #1
1000765e:	f7fd fe1f 	bl	100052a0 <_exit>
10007662:	46c0      	nop			@ (mov r8, r8)

10007664 <_malloc_r>:
10007664:	b5f0      	push	{r4, r5, r6, r7, lr}
10007666:	464e      	mov	r6, r9
10007668:	4645      	mov	r5, r8
1000766a:	46de      	mov	lr, fp
1000766c:	4657      	mov	r7, sl
1000766e:	b5e0      	push	{r5, r6, r7, lr}
10007670:	000d      	movs	r5, r1
10007672:	350b      	adds	r5, #11
10007674:	0006      	movs	r6, r0
10007676:	b085      	sub	sp, #20
10007678:	2d16      	cmp	r5, #22
1000767a:	d827      	bhi.n	100076cc <_malloc_r+0x68>
1000767c:	2910      	cmp	r1, #16
1000767e:	d900      	bls.n	10007682 <_malloc_r+0x1e>
10007680:	e0da      	b.n	10007838 <_malloc_r+0x1d4>
10007682:	f000 fd01 	bl	10008088 <__malloc_lock>
10007686:	2510      	movs	r5, #16
10007688:	2318      	movs	r3, #24
1000768a:	2102      	movs	r1, #2
1000768c:	4fc7      	ldr	r7, [pc, #796]	@ (100079ac <_malloc_r+0x348>)
1000768e:	18fb      	adds	r3, r7, r3
10007690:	001a      	movs	r2, r3
10007692:	685c      	ldr	r4, [r3, #4]
10007694:	3a08      	subs	r2, #8
10007696:	4294      	cmp	r4, r2
10007698:	d100      	bne.n	1000769c <_malloc_r+0x38>
1000769a:	e146      	b.n	1000792a <_malloc_r+0x2c6>
1000769c:	2203      	movs	r2, #3
1000769e:	6863      	ldr	r3, [r4, #4]
100076a0:	68a1      	ldr	r1, [r4, #8]
100076a2:	4393      	bics	r3, r2
100076a4:	68e2      	ldr	r2, [r4, #12]
100076a6:	60ca      	str	r2, [r1, #12]
100076a8:	6091      	str	r1, [r2, #8]
100076aa:	2101      	movs	r1, #1
100076ac:	18e3      	adds	r3, r4, r3
100076ae:	685a      	ldr	r2, [r3, #4]
100076b0:	0030      	movs	r0, r6
100076b2:	430a      	orrs	r2, r1
100076b4:	605a      	str	r2, [r3, #4]
100076b6:	f000 fce9 	bl	1000808c <__malloc_unlock>
100076ba:	0020      	movs	r0, r4
100076bc:	3008      	adds	r0, #8
100076be:	b005      	add	sp, #20
100076c0:	bcf0      	pop	{r4, r5, r6, r7}
100076c2:	46bb      	mov	fp, r7
100076c4:	46b2      	mov	sl, r6
100076c6:	46a9      	mov	r9, r5
100076c8:	46a0      	mov	r8, r4
100076ca:	bdf0      	pop	{r4, r5, r6, r7, pc}
100076cc:	2307      	movs	r3, #7
100076ce:	439d      	bics	r5, r3
100076d0:	d500      	bpl.n	100076d4 <_malloc_r+0x70>
100076d2:	e0b1      	b.n	10007838 <_malloc_r+0x1d4>
100076d4:	42a9      	cmp	r1, r5
100076d6:	d900      	bls.n	100076da <_malloc_r+0x76>
100076d8:	e0ae      	b.n	10007838 <_malloc_r+0x1d4>
100076da:	f000 fcd5 	bl	10008088 <__malloc_lock>
100076de:	23fc      	movs	r3, #252	@ 0xfc
100076e0:	005b      	lsls	r3, r3, #1
100076e2:	429d      	cmp	r5, r3
100076e4:	d200      	bcs.n	100076e8 <_malloc_r+0x84>
100076e6:	e194      	b.n	10007a12 <_malloc_r+0x3ae>
100076e8:	0a69      	lsrs	r1, r5, #9
100076ea:	d100      	bne.n	100076ee <_malloc_r+0x8a>
100076ec:	e0a8      	b.n	10007840 <_malloc_r+0x1dc>
100076ee:	2904      	cmp	r1, #4
100076f0:	d900      	bls.n	100076f4 <_malloc_r+0x90>
100076f2:	e14f      	b.n	10007994 <_malloc_r+0x330>
100076f4:	2338      	movs	r3, #56	@ 0x38
100076f6:	4698      	mov	r8, r3
100076f8:	09a9      	lsrs	r1, r5, #6
100076fa:	4488      	add	r8, r1
100076fc:	3139      	adds	r1, #57	@ 0x39
100076fe:	00cb      	lsls	r3, r1, #3
10007700:	2208      	movs	r2, #8
10007702:	4252      	negs	r2, r2
10007704:	4694      	mov	ip, r2
10007706:	4fa9      	ldr	r7, [pc, #676]	@ (100079ac <_malloc_r+0x348>)
10007708:	18fb      	adds	r3, r7, r3
1000770a:	449c      	add	ip, r3
1000770c:	4663      	mov	r3, ip
1000770e:	68dc      	ldr	r4, [r3, #12]
10007710:	45a4      	cmp	ip, r4
10007712:	d014      	beq.n	1000773e <_malloc_r+0xda>
10007714:	2303      	movs	r3, #3
10007716:	4699      	mov	r9, r3
10007718:	000b      	movs	r3, r1
1000771a:	4661      	mov	r1, ip
1000771c:	469c      	mov	ip, r3
1000771e:	e007      	b.n	10007730 <_malloc_r+0xcc>
10007720:	68e0      	ldr	r0, [r4, #12]
10007722:	2a00      	cmp	r2, #0
10007724:	db00      	blt.n	10007728 <_malloc_r+0xc4>
10007726:	e0fa      	b.n	1000791e <_malloc_r+0x2ba>
10007728:	4281      	cmp	r1, r0
1000772a:	d100      	bne.n	1000772e <_malloc_r+0xca>
1000772c:	e0fb      	b.n	10007926 <_malloc_r+0x2c2>
1000772e:	0004      	movs	r4, r0
10007730:	464a      	mov	r2, r9
10007732:	6863      	ldr	r3, [r4, #4]
10007734:	4393      	bics	r3, r2
10007736:	1b5a      	subs	r2, r3, r5
10007738:	2a0f      	cmp	r2, #15
1000773a:	ddf1      	ble.n	10007720 <_malloc_r+0xbc>
1000773c:	4641      	mov	r1, r8
1000773e:	003a      	movs	r2, r7
10007740:	693c      	ldr	r4, [r7, #16]
10007742:	3208      	adds	r2, #8
10007744:	4294      	cmp	r4, r2
10007746:	d100      	bne.n	1000774a <_malloc_r+0xe6>
10007748:	e0d8      	b.n	100078fc <_malloc_r+0x298>
1000774a:	2003      	movs	r0, #3
1000774c:	6863      	ldr	r3, [r4, #4]
1000774e:	4383      	bics	r3, r0
10007750:	1b58      	subs	r0, r3, r5
10007752:	280f      	cmp	r0, #15
10007754:	dd00      	ble.n	10007758 <_malloc_r+0xf4>
10007756:	e160      	b.n	10007a1a <_malloc_r+0x3b6>
10007758:	613a      	str	r2, [r7, #16]
1000775a:	617a      	str	r2, [r7, #20]
1000775c:	2800      	cmp	r0, #0
1000775e:	daa4      	bge.n	100076aa <_malloc_r+0x46>
10007760:	687a      	ldr	r2, [r7, #4]
10007762:	4690      	mov	r8, r2
10007764:	2280      	movs	r2, #128	@ 0x80
10007766:	0092      	lsls	r2, r2, #2
10007768:	4293      	cmp	r3, r2
1000776a:	d300      	bcc.n	1000776e <_malloc_r+0x10a>
1000776c:	e0e3      	b.n	10007936 <_malloc_r+0x2d2>
1000776e:	08da      	lsrs	r2, r3, #3
10007770:	0958      	lsrs	r0, r3, #5
10007772:	2301      	movs	r3, #1
10007774:	4083      	lsls	r3, r0
10007776:	4640      	mov	r0, r8
10007778:	4318      	orrs	r0, r3
1000777a:	4680      	mov	r8, r0
1000777c:	00d3      	lsls	r3, r2, #3
1000777e:	19db      	adds	r3, r3, r7
10007780:	689a      	ldr	r2, [r3, #8]
10007782:	6078      	str	r0, [r7, #4]
10007784:	60e3      	str	r3, [r4, #12]
10007786:	60a2      	str	r2, [r4, #8]
10007788:	609c      	str	r4, [r3, #8]
1000778a:	60d4      	str	r4, [r2, #12]
1000778c:	2001      	movs	r0, #1
1000778e:	108b      	asrs	r3, r1, #2
10007790:	4098      	lsls	r0, r3
10007792:	4540      	cmp	r0, r8
10007794:	d85c      	bhi.n	10007850 <_malloc_r+0x1ec>
10007796:	4643      	mov	r3, r8
10007798:	4203      	tst	r3, r0
1000779a:	d10a      	bne.n	100077b2 <_malloc_r+0x14e>
1000779c:	2303      	movs	r3, #3
1000779e:	4399      	bics	r1, r3
100077a0:	4643      	mov	r3, r8
100077a2:	0040      	lsls	r0, r0, #1
100077a4:	3104      	adds	r1, #4
100077a6:	4203      	tst	r3, r0
100077a8:	d103      	bne.n	100077b2 <_malloc_r+0x14e>
100077aa:	0040      	lsls	r0, r0, #1
100077ac:	3104      	adds	r1, #4
100077ae:	4203      	tst	r3, r0
100077b0:	d0fb      	beq.n	100077aa <_malloc_r+0x146>
100077b2:	2303      	movs	r3, #3
100077b4:	46b3      	mov	fp, r6
100077b6:	469c      	mov	ip, r3
100077b8:	000e      	movs	r6, r1
100077ba:	46b8      	mov	r8, r7
100077bc:	9001      	str	r0, [sp, #4]
100077be:	00f0      	lsls	r0, r6, #3
100077c0:	4440      	add	r0, r8
100077c2:	0001      	movs	r1, r0
100077c4:	46b2      	mov	sl, r6
100077c6:	68cb      	ldr	r3, [r1, #12]
100077c8:	e00b      	b.n	100077e2 <_malloc_r+0x17e>
100077ca:	4664      	mov	r4, ip
100077cc:	685a      	ldr	r2, [r3, #4]
100077ce:	001f      	movs	r7, r3
100077d0:	43a2      	bics	r2, r4
100077d2:	68db      	ldr	r3, [r3, #12]
100077d4:	1b54      	subs	r4, r2, r5
100077d6:	2c0f      	cmp	r4, #15
100077d8:	dd00      	ble.n	100077dc <_malloc_r+0x178>
100077da:	e0ed      	b.n	100079b8 <_malloc_r+0x354>
100077dc:	2c00      	cmp	r4, #0
100077de:	db00      	blt.n	100077e2 <_malloc_r+0x17e>
100077e0:	e107      	b.n	100079f2 <_malloc_r+0x38e>
100077e2:	4299      	cmp	r1, r3
100077e4:	d1f1      	bne.n	100077ca <_malloc_r+0x166>
100077e6:	2301      	movs	r3, #1
100077e8:	4699      	mov	r9, r3
100077ea:	44ca      	add	sl, r9
100077ec:	4653      	mov	r3, sl
100077ee:	3108      	adds	r1, #8
100077f0:	079b      	lsls	r3, r3, #30
100077f2:	d1e8      	bne.n	100077c6 <_malloc_r+0x162>
100077f4:	2203      	movs	r2, #3
100077f6:	e005      	b.n	10007804 <_malloc_r+0x1a0>
100077f8:	6803      	ldr	r3, [r0, #0]
100077fa:	3808      	subs	r0, #8
100077fc:	3e01      	subs	r6, #1
100077fe:	4283      	cmp	r3, r0
10007800:	d000      	beq.n	10007804 <_malloc_r+0x1a0>
10007802:	e201      	b.n	10007c08 <_malloc_r+0x5a4>
10007804:	4232      	tst	r2, r6
10007806:	d1f7      	bne.n	100077f8 <_malloc_r+0x194>
10007808:	4643      	mov	r3, r8
1000780a:	9a01      	ldr	r2, [sp, #4]
1000780c:	685b      	ldr	r3, [r3, #4]
1000780e:	4393      	bics	r3, r2
10007810:	4642      	mov	r2, r8
10007812:	6053      	str	r3, [r2, #4]
10007814:	9a01      	ldr	r2, [sp, #4]
10007816:	0052      	lsls	r2, r2, #1
10007818:	9201      	str	r2, [sp, #4]
1000781a:	429a      	cmp	r2, r3
1000781c:	d816      	bhi.n	1000784c <_malloc_r+0x1e8>
1000781e:	2a00      	cmp	r2, #0
10007820:	d106      	bne.n	10007830 <_malloc_r+0x1cc>
10007822:	e013      	b.n	1000784c <_malloc_r+0x1e8>
10007824:	2204      	movs	r2, #4
10007826:	4691      	mov	r9, r2
10007828:	9a01      	ldr	r2, [sp, #4]
1000782a:	44ca      	add	sl, r9
1000782c:	0052      	lsls	r2, r2, #1
1000782e:	9201      	str	r2, [sp, #4]
10007830:	4213      	tst	r3, r2
10007832:	d0f7      	beq.n	10007824 <_malloc_r+0x1c0>
10007834:	4656      	mov	r6, sl
10007836:	e7c2      	b.n	100077be <_malloc_r+0x15a>
10007838:	230c      	movs	r3, #12
1000783a:	2000      	movs	r0, #0
1000783c:	6033      	str	r3, [r6, #0]
1000783e:	e73e      	b.n	100076be <_malloc_r+0x5a>
10007840:	2380      	movs	r3, #128	@ 0x80
10007842:	223f      	movs	r2, #63	@ 0x3f
10007844:	2140      	movs	r1, #64	@ 0x40
10007846:	4690      	mov	r8, r2
10007848:	009b      	lsls	r3, r3, #2
1000784a:	e759      	b.n	10007700 <_malloc_r+0x9c>
1000784c:	465e      	mov	r6, fp
1000784e:	4647      	mov	r7, r8
10007850:	2203      	movs	r2, #3
10007852:	68bc      	ldr	r4, [r7, #8]
10007854:	6863      	ldr	r3, [r4, #4]
10007856:	4393      	bics	r3, r2
10007858:	4698      	mov	r8, r3
1000785a:	42ab      	cmp	r3, r5
1000785c:	d302      	bcc.n	10007864 <_malloc_r+0x200>
1000785e:	1b5a      	subs	r2, r3, r5
10007860:	2a0f      	cmp	r2, #15
10007862:	dc4e      	bgt.n	10007902 <_malloc_r+0x29e>
10007864:	0023      	movs	r3, r4
10007866:	4443      	add	r3, r8
10007868:	9302      	str	r3, [sp, #8]
1000786a:	4b51      	ldr	r3, [pc, #324]	@ (100079b0 <_malloc_r+0x34c>)
1000786c:	2008      	movs	r0, #8
1000786e:	469a      	mov	sl, r3
10007870:	681b      	ldr	r3, [r3, #0]
10007872:	3310      	adds	r3, #16
10007874:	195b      	adds	r3, r3, r5
10007876:	9301      	str	r3, [sp, #4]
10007878:	f000 fe1e 	bl	100084b8 <sysconf>
1000787c:	494d      	ldr	r1, [pc, #308]	@ (100079b4 <_malloc_r+0x350>)
1000787e:	9003      	str	r0, [sp, #12]
10007880:	680b      	ldr	r3, [r1, #0]
10007882:	468b      	mov	fp, r1
10007884:	3301      	adds	r3, #1
10007886:	d006      	beq.n	10007896 <_malloc_r+0x232>
10007888:	4684      	mov	ip, r0
1000788a:	9b01      	ldr	r3, [sp, #4]
1000788c:	4242      	negs	r2, r0
1000788e:	3b01      	subs	r3, #1
10007890:	4463      	add	r3, ip
10007892:	4013      	ands	r3, r2
10007894:	9301      	str	r3, [sp, #4]
10007896:	0030      	movs	r0, r6
10007898:	9901      	ldr	r1, [sp, #4]
1000789a:	f000 fbf9 	bl	10008090 <_sbrk_r>
1000789e:	0003      	movs	r3, r0
100078a0:	4681      	mov	r9, r0
100078a2:	3301      	adds	r3, #1
100078a4:	d100      	bne.n	100078a8 <_malloc_r+0x244>
100078a6:	e0d6      	b.n	10007a56 <_malloc_r+0x3f2>
100078a8:	9b02      	ldr	r3, [sp, #8]
100078aa:	4283      	cmp	r3, r0
100078ac:	d900      	bls.n	100078b0 <_malloc_r+0x24c>
100078ae:	e0d0      	b.n	10007a52 <_malloc_r+0x3ee>
100078b0:	4653      	mov	r3, sl
100078b2:	685a      	ldr	r2, [r3, #4]
100078b4:	9b01      	ldr	r3, [sp, #4]
100078b6:	4651      	mov	r1, sl
100078b8:	469c      	mov	ip, r3
100078ba:	4462      	add	r2, ip
100078bc:	604a      	str	r2, [r1, #4]
100078be:	9802      	ldr	r0, [sp, #8]
100078c0:	9903      	ldr	r1, [sp, #12]
100078c2:	3901      	subs	r1, #1
100078c4:	4548      	cmp	r0, r9
100078c6:	d000      	beq.n	100078ca <_malloc_r+0x266>
100078c8:	e0e3      	b.n	10007a92 <_malloc_r+0x42e>
100078ca:	4648      	mov	r0, r9
100078cc:	4208      	tst	r0, r1
100078ce:	d000      	beq.n	100078d2 <_malloc_r+0x26e>
100078d0:	e0df      	b.n	10007a92 <_malloc_r+0x42e>
100078d2:	68b9      	ldr	r1, [r7, #8]
100078d4:	4443      	add	r3, r8
100078d6:	4689      	mov	r9, r1
100078d8:	2101      	movs	r1, #1
100078da:	430b      	orrs	r3, r1
100078dc:	4649      	mov	r1, r9
100078de:	604b      	str	r3, [r1, #4]
100078e0:	4651      	mov	r1, sl
100078e2:	6ac9      	ldr	r1, [r1, #44]	@ 0x2c
100078e4:	4291      	cmp	r1, r2
100078e6:	d201      	bcs.n	100078ec <_malloc_r+0x288>
100078e8:	4651      	mov	r1, sl
100078ea:	62ca      	str	r2, [r1, #44]	@ 0x2c
100078ec:	4651      	mov	r1, sl
100078ee:	6b09      	ldr	r1, [r1, #48]	@ 0x30
100078f0:	4291      	cmp	r1, r2
100078f2:	d201      	bcs.n	100078f8 <_malloc_r+0x294>
100078f4:	4651      	mov	r1, sl
100078f6:	630a      	str	r2, [r1, #48]	@ 0x30
100078f8:	464c      	mov	r4, r9
100078fa:	e0ae      	b.n	10007a5a <_malloc_r+0x3f6>
100078fc:	687b      	ldr	r3, [r7, #4]
100078fe:	4698      	mov	r8, r3
10007900:	e744      	b.n	1000778c <_malloc_r+0x128>
10007902:	2301      	movs	r3, #1
10007904:	0029      	movs	r1, r5
10007906:	431a      	orrs	r2, r3
10007908:	4319      	orrs	r1, r3
1000790a:	1965      	adds	r5, r4, r5
1000790c:	6061      	str	r1, [r4, #4]
1000790e:	0030      	movs	r0, r6
10007910:	60bd      	str	r5, [r7, #8]
10007912:	606a      	str	r2, [r5, #4]
10007914:	f000 fbba 	bl	1000808c <__malloc_unlock>
10007918:	0020      	movs	r0, r4
1000791a:	3008      	adds	r0, #8
1000791c:	e6cf      	b.n	100076be <_malloc_r+0x5a>
1000791e:	68a2      	ldr	r2, [r4, #8]
10007920:	60d0      	str	r0, [r2, #12]
10007922:	6082      	str	r2, [r0, #8]
10007924:	e6c1      	b.n	100076aa <_malloc_r+0x46>
10007926:	4661      	mov	r1, ip
10007928:	e709      	b.n	1000773e <_malloc_r+0xda>
1000792a:	68dc      	ldr	r4, [r3, #12]
1000792c:	3102      	adds	r1, #2
1000792e:	42a3      	cmp	r3, r4
10007930:	d100      	bne.n	10007934 <_malloc_r+0x2d0>
10007932:	e704      	b.n	1000773e <_malloc_r+0xda>
10007934:	e6b2      	b.n	1000769c <_malloc_r+0x38>
10007936:	0a5a      	lsrs	r2, r3, #9
10007938:	2a04      	cmp	r2, #4
1000793a:	d800      	bhi.n	1000793e <_malloc_r+0x2da>
1000793c:	e082      	b.n	10007a44 <_malloc_r+0x3e0>
1000793e:	2a14      	cmp	r2, #20
10007940:	d900      	bls.n	10007944 <_malloc_r+0x2e0>
10007942:	e107      	b.n	10007b54 <_malloc_r+0x4f0>
10007944:	0010      	movs	r0, r2
10007946:	305b      	adds	r0, #91	@ 0x5b
10007948:	4682      	mov	sl, r0
1000794a:	325c      	adds	r2, #92	@ 0x5c
1000794c:	00d2      	lsls	r2, r2, #3
1000794e:	2008      	movs	r0, #8
10007950:	4240      	negs	r0, r0
10007952:	4684      	mov	ip, r0
10007954:	18ba      	adds	r2, r7, r2
10007956:	4494      	add	ip, r2
10007958:	4662      	mov	r2, ip
1000795a:	6892      	ldr	r2, [r2, #8]
1000795c:	300b      	adds	r0, #11
1000795e:	4681      	mov	r9, r0
10007960:	4594      	cmp	ip, r2
10007962:	d100      	bne.n	10007966 <_malloc_r+0x302>
10007964:	e0de      	b.n	10007b24 <_malloc_r+0x4c0>
10007966:	0008      	movs	r0, r1
10007968:	46a2      	mov	sl, r4
1000796a:	4661      	mov	r1, ip
1000796c:	4684      	mov	ip, r0
1000796e:	e002      	b.n	10007976 <_malloc_r+0x312>
10007970:	6892      	ldr	r2, [r2, #8]
10007972:	4291      	cmp	r1, r2
10007974:	d004      	beq.n	10007980 <_malloc_r+0x31c>
10007976:	464c      	mov	r4, r9
10007978:	6850      	ldr	r0, [r2, #4]
1000797a:	43a0      	bics	r0, r4
1000797c:	4298      	cmp	r0, r3
1000797e:	d8f7      	bhi.n	10007970 <_malloc_r+0x30c>
10007980:	68d3      	ldr	r3, [r2, #12]
10007982:	4661      	mov	r1, ip
10007984:	4654      	mov	r4, sl
10007986:	469c      	mov	ip, r3
10007988:	4663      	mov	r3, ip
1000798a:	60a2      	str	r2, [r4, #8]
1000798c:	60e3      	str	r3, [r4, #12]
1000798e:	609c      	str	r4, [r3, #8]
10007990:	60d4      	str	r4, [r2, #12]
10007992:	e6fb      	b.n	1000778c <_malloc_r+0x128>
10007994:	2914      	cmp	r1, #20
10007996:	d96d      	bls.n	10007a74 <_malloc_r+0x410>
10007998:	2954      	cmp	r1, #84	@ 0x54
1000799a:	d900      	bls.n	1000799e <_malloc_r+0x33a>
1000799c:	e0e3      	b.n	10007b66 <_malloc_r+0x502>
1000799e:	236e      	movs	r3, #110	@ 0x6e
100079a0:	4698      	mov	r8, r3
100079a2:	0b29      	lsrs	r1, r5, #12
100079a4:	4488      	add	r8, r1
100079a6:	316f      	adds	r1, #111	@ 0x6f
100079a8:	00cb      	lsls	r3, r1, #3
100079aa:	e6a9      	b.n	10007700 <_malloc_r+0x9c>
100079ac:	20001568 	.word	0x20001568
100079b0:	20002240 	.word	0x20002240
100079b4:	20001560 	.word	0x20001560
100079b8:	46ba      	mov	sl, r7
100079ba:	2001      	movs	r0, #1
100079bc:	4651      	mov	r1, sl
100079be:	4684      	mov	ip, r0
100079c0:	1949      	adds	r1, r1, r5
100079c2:	4305      	orrs	r5, r0
100079c4:	4650      	mov	r0, sl
100079c6:	6045      	str	r5, [r0, #4]
100079c8:	6885      	ldr	r5, [r0, #8]
100079ca:	4647      	mov	r7, r8
100079cc:	4660      	mov	r0, ip
100079ce:	60eb      	str	r3, [r5, #12]
100079d0:	465e      	mov	r6, fp
100079d2:	609d      	str	r5, [r3, #8]
100079d4:	4653      	mov	r3, sl
100079d6:	6139      	str	r1, [r7, #16]
100079d8:	6179      	str	r1, [r7, #20]
100079da:	4320      	orrs	r0, r4
100079dc:	3708      	adds	r7, #8
100079de:	6048      	str	r0, [r1, #4]
100079e0:	60cf      	str	r7, [r1, #12]
100079e2:	0030      	movs	r0, r6
100079e4:	608f      	str	r7, [r1, #8]
100079e6:	509c      	str	r4, [r3, r2]
100079e8:	f000 fb50 	bl	1000808c <__malloc_unlock>
100079ec:	4650      	mov	r0, sl
100079ee:	3008      	adds	r0, #8
100079f0:	e665      	b.n	100076be <_malloc_r+0x5a>
100079f2:	46ba      	mov	sl, r7
100079f4:	2001      	movs	r0, #1
100079f6:	465e      	mov	r6, fp
100079f8:	4452      	add	r2, sl
100079fa:	6851      	ldr	r1, [r2, #4]
100079fc:	4301      	orrs	r1, r0
100079fe:	6051      	str	r1, [r2, #4]
10007a00:	68ba      	ldr	r2, [r7, #8]
10007a02:	0030      	movs	r0, r6
10007a04:	60d3      	str	r3, [r2, #12]
10007a06:	609a      	str	r2, [r3, #8]
10007a08:	f000 fb40 	bl	1000808c <__malloc_unlock>
10007a0c:	0038      	movs	r0, r7
10007a0e:	3008      	adds	r0, #8
10007a10:	e655      	b.n	100076be <_malloc_r+0x5a>
10007a12:	002b      	movs	r3, r5
10007a14:	08e9      	lsrs	r1, r5, #3
10007a16:	3308      	adds	r3, #8
10007a18:	e638      	b.n	1000768c <_malloc_r+0x28>
10007a1a:	1961      	adds	r1, r4, r5
10007a1c:	4688      	mov	r8, r1
10007a1e:	2101      	movs	r1, #1
10007a20:	468c      	mov	ip, r1
10007a22:	430d      	orrs	r5, r1
10007a24:	4641      	mov	r1, r8
10007a26:	6065      	str	r5, [r4, #4]
10007a28:	6139      	str	r1, [r7, #16]
10007a2a:	6179      	str	r1, [r7, #20]
10007a2c:	60ca      	str	r2, [r1, #12]
10007a2e:	608a      	str	r2, [r1, #8]
10007a30:	4662      	mov	r2, ip
10007a32:	4302      	orrs	r2, r0
10007a34:	604a      	str	r2, [r1, #4]
10007a36:	50e0      	str	r0, [r4, r3]
10007a38:	0030      	movs	r0, r6
10007a3a:	f000 fb27 	bl	1000808c <__malloc_unlock>
10007a3e:	0020      	movs	r0, r4
10007a40:	3008      	adds	r0, #8
10007a42:	e63c      	b.n	100076be <_malloc_r+0x5a>
10007a44:	099a      	lsrs	r2, r3, #6
10007a46:	0010      	movs	r0, r2
10007a48:	3239      	adds	r2, #57	@ 0x39
10007a4a:	3038      	adds	r0, #56	@ 0x38
10007a4c:	4682      	mov	sl, r0
10007a4e:	00d2      	lsls	r2, r2, #3
10007a50:	e77d      	b.n	1000794e <_malloc_r+0x2ea>
10007a52:	42bc      	cmp	r4, r7
10007a54:	d014      	beq.n	10007a80 <_malloc_r+0x41c>
10007a56:	68bc      	ldr	r4, [r7, #8]
10007a58:	6863      	ldr	r3, [r4, #4]
10007a5a:	2203      	movs	r2, #3
10007a5c:	4393      	bics	r3, r2
10007a5e:	1b5a      	subs	r2, r3, r5
10007a60:	42ab      	cmp	r3, r5
10007a62:	d302      	bcc.n	10007a6a <_malloc_r+0x406>
10007a64:	2a0f      	cmp	r2, #15
10007a66:	dd00      	ble.n	10007a6a <_malloc_r+0x406>
10007a68:	e74b      	b.n	10007902 <_malloc_r+0x29e>
10007a6a:	0030      	movs	r0, r6
10007a6c:	f000 fb0e 	bl	1000808c <__malloc_unlock>
10007a70:	2000      	movs	r0, #0
10007a72:	e624      	b.n	100076be <_malloc_r+0x5a>
10007a74:	235b      	movs	r3, #91	@ 0x5b
10007a76:	4698      	mov	r8, r3
10007a78:	4488      	add	r8, r1
10007a7a:	315c      	adds	r1, #92	@ 0x5c
10007a7c:	00cb      	lsls	r3, r1, #3
10007a7e:	e63f      	b.n	10007700 <_malloc_r+0x9c>
10007a80:	4653      	mov	r3, sl
10007a82:	685a      	ldr	r2, [r3, #4]
10007a84:	9b01      	ldr	r3, [sp, #4]
10007a86:	469c      	mov	ip, r3
10007a88:	4653      	mov	r3, sl
10007a8a:	4462      	add	r2, ip
10007a8c:	605a      	str	r2, [r3, #4]
10007a8e:	9b03      	ldr	r3, [sp, #12]
10007a90:	1e59      	subs	r1, r3, #1
10007a92:	465b      	mov	r3, fp
10007a94:	681b      	ldr	r3, [r3, #0]
10007a96:	3301      	adds	r3, #1
10007a98:	d070      	beq.n	10007b7c <_malloc_r+0x518>
10007a9a:	464b      	mov	r3, r9
10007a9c:	9802      	ldr	r0, [sp, #8]
10007a9e:	1a1b      	subs	r3, r3, r0
10007aa0:	189b      	adds	r3, r3, r2
10007aa2:	4652      	mov	r2, sl
10007aa4:	6053      	str	r3, [r2, #4]
10007aa6:	2307      	movs	r3, #7
10007aa8:	464a      	mov	r2, r9
10007aaa:	4648      	mov	r0, r9
10007aac:	401a      	ands	r2, r3
10007aae:	9202      	str	r2, [sp, #8]
10007ab0:	4218      	tst	r0, r3
10007ab2:	d040      	beq.n	10007b36 <_malloc_r+0x4d2>
10007ab4:	9803      	ldr	r0, [sp, #12]
10007ab6:	3301      	adds	r3, #1
10007ab8:	4684      	mov	ip, r0
10007aba:	1a9b      	subs	r3, r3, r2
10007abc:	9a01      	ldr	r2, [sp, #4]
10007abe:	4499      	add	r9, r3
10007ac0:	444a      	add	r2, r9
10007ac2:	9201      	str	r2, [sp, #4]
10007ac4:	4463      	add	r3, ip
10007ac6:	400a      	ands	r2, r1
10007ac8:	1a9b      	subs	r3, r3, r2
10007aca:	4019      	ands	r1, r3
10007acc:	0030      	movs	r0, r6
10007ace:	468b      	mov	fp, r1
10007ad0:	f000 fade 	bl	10008090 <_sbrk_r>
10007ad4:	1c43      	adds	r3, r0, #1
10007ad6:	d077      	beq.n	10007bc8 <_malloc_r+0x564>
10007ad8:	464b      	mov	r3, r9
10007ada:	1ac0      	subs	r0, r0, r3
10007adc:	0003      	movs	r3, r0
10007ade:	445b      	add	r3, fp
10007ae0:	9301      	str	r3, [sp, #4]
10007ae2:	4653      	mov	r3, sl
10007ae4:	685a      	ldr	r2, [r3, #4]
10007ae6:	2001      	movs	r0, #1
10007ae8:	445a      	add	r2, fp
10007aea:	605a      	str	r2, [r3, #4]
10007aec:	464b      	mov	r3, r9
10007aee:	4649      	mov	r1, r9
10007af0:	60bb      	str	r3, [r7, #8]
10007af2:	9b01      	ldr	r3, [sp, #4]
10007af4:	4303      	orrs	r3, r0
10007af6:	604b      	str	r3, [r1, #4]
10007af8:	42bc      	cmp	r4, r7
10007afa:	d100      	bne.n	10007afe <_malloc_r+0x49a>
10007afc:	e6f0      	b.n	100078e0 <_malloc_r+0x27c>
10007afe:	4643      	mov	r3, r8
10007b00:	2b0f      	cmp	r3, #15
10007b02:	d93f      	bls.n	10007b84 <_malloc_r+0x520>
10007b04:	2107      	movs	r1, #7
10007b06:	3b0c      	subs	r3, #12
10007b08:	438b      	bics	r3, r1
10007b0a:	6861      	ldr	r1, [r4, #4]
10007b0c:	4001      	ands	r1, r0
10007b0e:	2005      	movs	r0, #5
10007b10:	4319      	orrs	r1, r3
10007b12:	6061      	str	r1, [r4, #4]
10007b14:	18e1      	adds	r1, r4, r3
10007b16:	6048      	str	r0, [r1, #4]
10007b18:	6088      	str	r0, [r1, #8]
10007b1a:	2b0f      	cmp	r3, #15
10007b1c:	d849      	bhi.n	10007bb2 <_malloc_r+0x54e>
10007b1e:	464b      	mov	r3, r9
10007b20:	685b      	ldr	r3, [r3, #4]
10007b22:	e6dd      	b.n	100078e0 <_malloc_r+0x27c>
10007b24:	4653      	mov	r3, sl
10007b26:	1098      	asrs	r0, r3, #2
10007b28:	2301      	movs	r3, #1
10007b2a:	4083      	lsls	r3, r0
10007b2c:	4640      	mov	r0, r8
10007b2e:	4318      	orrs	r0, r3
10007b30:	4680      	mov	r8, r0
10007b32:	6078      	str	r0, [r7, #4]
10007b34:	e728      	b.n	10007988 <_malloc_r+0x324>
10007b36:	9b01      	ldr	r3, [sp, #4]
10007b38:	9a03      	ldr	r2, [sp, #12]
10007b3a:	444b      	add	r3, r9
10007b3c:	400b      	ands	r3, r1
10007b3e:	1ad3      	subs	r3, r2, r3
10007b40:	4019      	ands	r1, r3
10007b42:	0030      	movs	r0, r6
10007b44:	468b      	mov	fp, r1
10007b46:	f000 faa3 	bl	10008090 <_sbrk_r>
10007b4a:	1c43      	adds	r3, r0, #1
10007b4c:	d1c4      	bne.n	10007ad8 <_malloc_r+0x474>
10007b4e:	2300      	movs	r3, #0
10007b50:	469b      	mov	fp, r3
10007b52:	e7c6      	b.n	10007ae2 <_malloc_r+0x47e>
10007b54:	2a54      	cmp	r2, #84	@ 0x54
10007b56:	d817      	bhi.n	10007b88 <_malloc_r+0x524>
10007b58:	0b1a      	lsrs	r2, r3, #12
10007b5a:	0010      	movs	r0, r2
10007b5c:	326f      	adds	r2, #111	@ 0x6f
10007b5e:	306e      	adds	r0, #110	@ 0x6e
10007b60:	4682      	mov	sl, r0
10007b62:	00d2      	lsls	r2, r2, #3
10007b64:	e6f3      	b.n	1000794e <_malloc_r+0x2ea>
10007b66:	23aa      	movs	r3, #170	@ 0xaa
10007b68:	005b      	lsls	r3, r3, #1
10007b6a:	4299      	cmp	r1, r3
10007b6c:	d817      	bhi.n	10007b9e <_malloc_r+0x53a>
10007b6e:	3bdd      	subs	r3, #221	@ 0xdd
10007b70:	4698      	mov	r8, r3
10007b72:	0be9      	lsrs	r1, r5, #15
10007b74:	4488      	add	r8, r1
10007b76:	3178      	adds	r1, #120	@ 0x78
10007b78:	00cb      	lsls	r3, r1, #3
10007b7a:	e5c1      	b.n	10007700 <_malloc_r+0x9c>
10007b7c:	465b      	mov	r3, fp
10007b7e:	464a      	mov	r2, r9
10007b80:	601a      	str	r2, [r3, #0]
10007b82:	e790      	b.n	10007aa6 <_malloc_r+0x442>
10007b84:	6048      	str	r0, [r1, #4]
10007b86:	e770      	b.n	10007a6a <_malloc_r+0x406>
10007b88:	20aa      	movs	r0, #170	@ 0xaa
10007b8a:	0040      	lsls	r0, r0, #1
10007b8c:	4282      	cmp	r2, r0
10007b8e:	d826      	bhi.n	10007bde <_malloc_r+0x57a>
10007b90:	0bda      	lsrs	r2, r3, #15
10007b92:	0010      	movs	r0, r2
10007b94:	3278      	adds	r2, #120	@ 0x78
10007b96:	3077      	adds	r0, #119	@ 0x77
10007b98:	4682      	mov	sl, r0
10007b9a:	00d2      	lsls	r2, r2, #3
10007b9c:	e6d7      	b.n	1000794e <_malloc_r+0x2ea>
10007b9e:	4b1c      	ldr	r3, [pc, #112]	@ (10007c10 <_malloc_r+0x5ac>)
10007ba0:	4299      	cmp	r1, r3
10007ba2:	d826      	bhi.n	10007bf2 <_malloc_r+0x58e>
10007ba4:	237c      	movs	r3, #124	@ 0x7c
10007ba6:	4698      	mov	r8, r3
10007ba8:	0ca9      	lsrs	r1, r5, #18
10007baa:	4488      	add	r8, r1
10007bac:	317d      	adds	r1, #125	@ 0x7d
10007bae:	00cb      	lsls	r3, r1, #3
10007bb0:	e5a6      	b.n	10007700 <_malloc_r+0x9c>
10007bb2:	0021      	movs	r1, r4
10007bb4:	0030      	movs	r0, r6
10007bb6:	3108      	adds	r1, #8
10007bb8:	f000 f8ac 	bl	10007d14 <_free_r>
10007bbc:	4653      	mov	r3, sl
10007bbe:	685a      	ldr	r2, [r3, #4]
10007bc0:	68bb      	ldr	r3, [r7, #8]
10007bc2:	4699      	mov	r9, r3
10007bc4:	685b      	ldr	r3, [r3, #4]
10007bc6:	e68b      	b.n	100078e0 <_malloc_r+0x27c>
10007bc8:	9a01      	ldr	r2, [sp, #4]
10007bca:	9b02      	ldr	r3, [sp, #8]
10007bcc:	4694      	mov	ip, r2
10007bce:	464a      	mov	r2, r9
10007bd0:	3b08      	subs	r3, #8
10007bd2:	4463      	add	r3, ip
10007bd4:	1a9b      	subs	r3, r3, r2
10007bd6:	9301      	str	r3, [sp, #4]
10007bd8:	2300      	movs	r3, #0
10007bda:	469b      	mov	fp, r3
10007bdc:	e781      	b.n	10007ae2 <_malloc_r+0x47e>
10007bde:	480c      	ldr	r0, [pc, #48]	@ (10007c10 <_malloc_r+0x5ac>)
10007be0:	4282      	cmp	r2, r0
10007be2:	d80c      	bhi.n	10007bfe <_malloc_r+0x59a>
10007be4:	0c9a      	lsrs	r2, r3, #18
10007be6:	0010      	movs	r0, r2
10007be8:	327d      	adds	r2, #125	@ 0x7d
10007bea:	307c      	adds	r0, #124	@ 0x7c
10007bec:	4682      	mov	sl, r0
10007bee:	00d2      	lsls	r2, r2, #3
10007bf0:	e6ad      	b.n	1000794e <_malloc_r+0x2ea>
10007bf2:	23fe      	movs	r3, #254	@ 0xfe
10007bf4:	227e      	movs	r2, #126	@ 0x7e
10007bf6:	217f      	movs	r1, #127	@ 0x7f
10007bf8:	4690      	mov	r8, r2
10007bfa:	009b      	lsls	r3, r3, #2
10007bfc:	e580      	b.n	10007700 <_malloc_r+0x9c>
10007bfe:	22fe      	movs	r2, #254	@ 0xfe
10007c00:	207e      	movs	r0, #126	@ 0x7e
10007c02:	0092      	lsls	r2, r2, #2
10007c04:	4682      	mov	sl, r0
10007c06:	e6a2      	b.n	1000794e <_malloc_r+0x2ea>
10007c08:	4643      	mov	r3, r8
10007c0a:	685b      	ldr	r3, [r3, #4]
10007c0c:	e602      	b.n	10007814 <_malloc_r+0x1b0>
10007c0e:	46c0      	nop			@ (mov r8, r8)
10007c10:	00000554 	.word	0x00000554

10007c14 <strcat>:
10007c14:	b570      	push	{r4, r5, r6, lr}
10007c16:	0004      	movs	r4, r0
10007c18:	0783      	lsls	r3, r0, #30
10007c1a:	d116      	bne.n	10007c4a <strcat+0x36>
10007c1c:	6802      	ldr	r2, [r0, #0]
10007c1e:	4b0e      	ldr	r3, [pc, #56]	@ (10007c58 <strcat+0x44>)
10007c20:	4d0e      	ldr	r5, [pc, #56]	@ (10007c5c <strcat+0x48>)
10007c22:	18d3      	adds	r3, r2, r3
10007c24:	4393      	bics	r3, r2
10007c26:	422b      	tst	r3, r5
10007c28:	d10f      	bne.n	10007c4a <strcat+0x36>
10007c2a:	6842      	ldr	r2, [r0, #4]
10007c2c:	4b0a      	ldr	r3, [pc, #40]	@ (10007c58 <strcat+0x44>)
10007c2e:	3004      	adds	r0, #4
10007c30:	18d3      	adds	r3, r2, r3
10007c32:	4393      	bics	r3, r2
10007c34:	422b      	tst	r3, r5
10007c36:	d108      	bne.n	10007c4a <strcat+0x36>
10007c38:	6842      	ldr	r2, [r0, #4]
10007c3a:	4b07      	ldr	r3, [pc, #28]	@ (10007c58 <strcat+0x44>)
10007c3c:	3004      	adds	r0, #4
10007c3e:	18d3      	adds	r3, r2, r3
10007c40:	4393      	bics	r3, r2
10007c42:	422b      	tst	r3, r5
10007c44:	d0f1      	beq.n	10007c2a <strcat+0x16>
10007c46:	e000      	b.n	10007c4a <strcat+0x36>
10007c48:	3001      	adds	r0, #1
10007c4a:	7803      	ldrb	r3, [r0, #0]
10007c4c:	2b00      	cmp	r3, #0
10007c4e:	d1fb      	bne.n	10007c48 <strcat+0x34>
10007c50:	f000 fa30 	bl	100080b4 <strcpy>
10007c54:	0020      	movs	r0, r4
10007c56:	bd70      	pop	{r4, r5, r6, pc}
10007c58:	fefefeff 	.word	0xfefefeff
10007c5c:	80808080 	.word	0x80808080

10007c60 <_malloc_trim_r>:
10007c60:	b5f0      	push	{r4, r5, r6, r7, lr}
10007c62:	46c6      	mov	lr, r8
10007c64:	0006      	movs	r6, r0
10007c66:	b500      	push	{lr}
10007c68:	2008      	movs	r0, #8
10007c6a:	000d      	movs	r5, r1
10007c6c:	f000 fc24 	bl	100084b8 <sysconf>
10007c70:	0004      	movs	r4, r0
10007c72:	0030      	movs	r0, r6
10007c74:	f000 fa08 	bl	10008088 <__malloc_lock>
10007c78:	4b23      	ldr	r3, [pc, #140]	@ (10007d08 <_malloc_trim_r+0xa8>)
10007c7a:	0021      	movs	r1, r4
10007c7c:	4698      	mov	r8, r3
10007c7e:	689b      	ldr	r3, [r3, #8]
10007c80:	685f      	ldr	r7, [r3, #4]
10007c82:	2303      	movs	r3, #3
10007c84:	439f      	bics	r7, r3
10007c86:	0038      	movs	r0, r7
10007c88:	3811      	subs	r0, #17
10007c8a:	1b40      	subs	r0, r0, r5
10007c8c:	1900      	adds	r0, r0, r4
10007c8e:	f7fa ffa1 	bl	10002bd4 <__wrap___aeabi_uidiv>
10007c92:	1e45      	subs	r5, r0, #1
10007c94:	4365      	muls	r5, r4
10007c96:	42ac      	cmp	r4, r5
10007c98:	dc08      	bgt.n	10007cac <_malloc_trim_r+0x4c>
10007c9a:	2100      	movs	r1, #0
10007c9c:	0030      	movs	r0, r6
10007c9e:	f000 f9f7 	bl	10008090 <_sbrk_r>
10007ca2:	4643      	mov	r3, r8
10007ca4:	689b      	ldr	r3, [r3, #8]
10007ca6:	19db      	adds	r3, r3, r7
10007ca8:	4298      	cmp	r0, r3
10007caa:	d006      	beq.n	10007cba <_malloc_trim_r+0x5a>
10007cac:	0030      	movs	r0, r6
10007cae:	f000 f9ed 	bl	1000808c <__malloc_unlock>
10007cb2:	2000      	movs	r0, #0
10007cb4:	bc80      	pop	{r7}
10007cb6:	46b8      	mov	r8, r7
10007cb8:	bdf0      	pop	{r4, r5, r6, r7, pc}
10007cba:	0030      	movs	r0, r6
10007cbc:	4269      	negs	r1, r5
10007cbe:	f000 f9e7 	bl	10008090 <_sbrk_r>
10007cc2:	3001      	adds	r0, #1
10007cc4:	d00e      	beq.n	10007ce4 <_malloc_trim_r+0x84>
10007cc6:	2201      	movs	r2, #1
10007cc8:	4643      	mov	r3, r8
10007cca:	1b7f      	subs	r7, r7, r5
10007ccc:	689b      	ldr	r3, [r3, #8]
10007cce:	4317      	orrs	r7, r2
10007cd0:	4a0e      	ldr	r2, [pc, #56]	@ (10007d0c <_malloc_trim_r+0xac>)
10007cd2:	605f      	str	r7, [r3, #4]
10007cd4:	6813      	ldr	r3, [r2, #0]
10007cd6:	0030      	movs	r0, r6
10007cd8:	1b5b      	subs	r3, r3, r5
10007cda:	6013      	str	r3, [r2, #0]
10007cdc:	f000 f9d6 	bl	1000808c <__malloc_unlock>
10007ce0:	2001      	movs	r0, #1
10007ce2:	e7e7      	b.n	10007cb4 <_malloc_trim_r+0x54>
10007ce4:	2100      	movs	r1, #0
10007ce6:	0030      	movs	r0, r6
10007ce8:	f000 f9d2 	bl	10008090 <_sbrk_r>
10007cec:	4643      	mov	r3, r8
10007cee:	689a      	ldr	r2, [r3, #8]
10007cf0:	1a83      	subs	r3, r0, r2
10007cf2:	2b0f      	cmp	r3, #15
10007cf4:	ddda      	ble.n	10007cac <_malloc_trim_r+0x4c>
10007cf6:	4c06      	ldr	r4, [pc, #24]	@ (10007d10 <_malloc_trim_r+0xb0>)
10007cf8:	4904      	ldr	r1, [pc, #16]	@ (10007d0c <_malloc_trim_r+0xac>)
10007cfa:	6824      	ldr	r4, [r4, #0]
10007cfc:	1b00      	subs	r0, r0, r4
10007cfe:	6008      	str	r0, [r1, #0]
10007d00:	2101      	movs	r1, #1
10007d02:	430b      	orrs	r3, r1
10007d04:	6053      	str	r3, [r2, #4]
10007d06:	e7d1      	b.n	10007cac <_malloc_trim_r+0x4c>
10007d08:	20001568 	.word	0x20001568
10007d0c:	20002244 	.word	0x20002244
10007d10:	20001560 	.word	0x20001560

10007d14 <_free_r>:
10007d14:	b5f8      	push	{r3, r4, r5, r6, r7, lr}
10007d16:	46ce      	mov	lr, r9
10007d18:	4647      	mov	r7, r8
10007d1a:	0005      	movs	r5, r0
10007d1c:	000c      	movs	r4, r1
10007d1e:	b580      	push	{r7, lr}
10007d20:	2900      	cmp	r1, #0
10007d22:	d057      	beq.n	10007dd4 <_free_r+0xc0>
10007d24:	f000 f9b0 	bl	10008088 <__malloc_lock>
10007d28:	2301      	movs	r3, #1
10007d2a:	0021      	movs	r1, r4
10007d2c:	469c      	mov	ip, r3
10007d2e:	3908      	subs	r1, #8
10007d30:	6848      	ldr	r0, [r1, #4]
10007d32:	4662      	mov	r2, ip
10007d34:	0003      	movs	r3, r0
10007d36:	2403      	movs	r4, #3
10007d38:	4393      	bics	r3, r2
10007d3a:	18cf      	adds	r7, r1, r3
10007d3c:	687a      	ldr	r2, [r7, #4]
10007d3e:	4e65      	ldr	r6, [pc, #404]	@ (10007ed4 <_free_r+0x1c0>)
10007d40:	43a2      	bics	r2, r4
10007d42:	68b4      	ldr	r4, [r6, #8]
10007d44:	42bc      	cmp	r4, r7
10007d46:	d100      	bne.n	10007d4a <_free_r+0x36>
10007d48:	e070      	b.n	10007e2c <_free_r+0x118>
10007d4a:	18bc      	adds	r4, r7, r2
10007d4c:	46a1      	mov	r9, r4
10007d4e:	4664      	mov	r4, ip
10007d50:	607a      	str	r2, [r7, #4]
10007d52:	4204      	tst	r4, r0
10007d54:	d121      	bne.n	10007d9a <_free_r+0x86>
10007d56:	6808      	ldr	r0, [r1, #0]
10007d58:	1a09      	subs	r1, r1, r0
10007d5a:	181b      	adds	r3, r3, r0
10007d5c:	6888      	ldr	r0, [r1, #8]
10007d5e:	4680      	mov	r8, r0
10007d60:	4648      	mov	r0, r9
10007d62:	6840      	ldr	r0, [r0, #4]
10007d64:	4020      	ands	r0, r4
10007d66:	0034      	movs	r4, r6
10007d68:	3408      	adds	r4, #8
10007d6a:	4681      	mov	r9, r0
10007d6c:	45a0      	cmp	r8, r4
10007d6e:	d051      	beq.n	10007e14 <_free_r+0x100>
10007d70:	4640      	mov	r0, r8
10007d72:	68cc      	ldr	r4, [r1, #12]
10007d74:	60c4      	str	r4, [r0, #12]
10007d76:	60a0      	str	r0, [r4, #8]
10007d78:	4648      	mov	r0, r9
10007d7a:	2800      	cmp	r0, #0
10007d7c:	d111      	bne.n	10007da2 <_free_r+0x8e>
10007d7e:	189b      	adds	r3, r3, r2
10007d80:	4855      	ldr	r0, [pc, #340]	@ (10007ed8 <_free_r+0x1c4>)
10007d82:	68ba      	ldr	r2, [r7, #8]
10007d84:	4282      	cmp	r2, r0
10007d86:	d100      	bne.n	10007d8a <_free_r+0x76>
10007d88:	e07f      	b.n	10007e8a <_free_r+0x176>
10007d8a:	68f8      	ldr	r0, [r7, #12]
10007d8c:	60d0      	str	r0, [r2, #12]
10007d8e:	6082      	str	r2, [r0, #8]
10007d90:	2201      	movs	r2, #1
10007d92:	431a      	orrs	r2, r3
10007d94:	604a      	str	r2, [r1, #4]
10007d96:	50cb      	str	r3, [r1, r3]
10007d98:	e007      	b.n	10007daa <_free_r+0x96>
10007d9a:	4648      	mov	r0, r9
10007d9c:	6840      	ldr	r0, [r0, #4]
10007d9e:	4220      	tst	r0, r4
10007da0:	d0ed      	beq.n	10007d7e <_free_r+0x6a>
10007da2:	4662      	mov	r2, ip
10007da4:	431a      	orrs	r2, r3
10007da6:	604a      	str	r2, [r1, #4]
10007da8:	603b      	str	r3, [r7, #0]
10007daa:	2280      	movs	r2, #128	@ 0x80
10007dac:	0092      	lsls	r2, r2, #2
10007dae:	4293      	cmp	r3, r2
10007db0:	d214      	bcs.n	10007ddc <_free_r+0xc8>
10007db2:	08da      	lsrs	r2, r3, #3
10007db4:	0958      	lsrs	r0, r3, #5
10007db6:	2301      	movs	r3, #1
10007db8:	4083      	lsls	r3, r0
10007dba:	6870      	ldr	r0, [r6, #4]
10007dbc:	4303      	orrs	r3, r0
10007dbe:	6073      	str	r3, [r6, #4]
10007dc0:	00d3      	lsls	r3, r2, #3
10007dc2:	199b      	adds	r3, r3, r6
10007dc4:	689a      	ldr	r2, [r3, #8]
10007dc6:	60cb      	str	r3, [r1, #12]
10007dc8:	608a      	str	r2, [r1, #8]
10007dca:	6099      	str	r1, [r3, #8]
10007dcc:	60d1      	str	r1, [r2, #12]
10007dce:	0028      	movs	r0, r5
10007dd0:	f000 f95c 	bl	1000808c <__malloc_unlock>
10007dd4:	bcc0      	pop	{r6, r7}
10007dd6:	46b9      	mov	r9, r7
10007dd8:	46b0      	mov	r8, r6
10007dda:	bdf8      	pop	{r3, r4, r5, r6, r7, pc}
10007ddc:	0a5c      	lsrs	r4, r3, #9
10007dde:	2c04      	cmp	r4, #4
10007de0:	d83d      	bhi.n	10007e5e <_free_r+0x14a>
10007de2:	099c      	lsrs	r4, r3, #6
10007de4:	0020      	movs	r0, r4
10007de6:	3439      	adds	r4, #57	@ 0x39
10007de8:	3038      	adds	r0, #56	@ 0x38
10007dea:	00e4      	lsls	r4, r4, #3
10007dec:	1934      	adds	r4, r6, r4
10007dee:	6822      	ldr	r2, [r4, #0]
10007df0:	3c08      	subs	r4, #8
10007df2:	2703      	movs	r7, #3
10007df4:	4294      	cmp	r4, r2
10007df6:	d103      	bne.n	10007e00 <_free_r+0xec>
10007df8:	e040      	b.n	10007e7c <_free_r+0x168>
10007dfa:	6892      	ldr	r2, [r2, #8]
10007dfc:	4294      	cmp	r4, r2
10007dfe:	d003      	beq.n	10007e08 <_free_r+0xf4>
10007e00:	6850      	ldr	r0, [r2, #4]
10007e02:	43b8      	bics	r0, r7
10007e04:	4298      	cmp	r0, r3
10007e06:	d8f8      	bhi.n	10007dfa <_free_r+0xe6>
10007e08:	68d4      	ldr	r4, [r2, #12]
10007e0a:	60cc      	str	r4, [r1, #12]
10007e0c:	608a      	str	r2, [r1, #8]
10007e0e:	60a1      	str	r1, [r4, #8]
10007e10:	60d1      	str	r1, [r2, #12]
10007e12:	e7dc      	b.n	10007dce <_free_r+0xba>
10007e14:	2800      	cmp	r0, #0
10007e16:	d158      	bne.n	10007eca <_free_r+0x1b6>
10007e18:	68b8      	ldr	r0, [r7, #8]
10007e1a:	18d2      	adds	r2, r2, r3
10007e1c:	68fb      	ldr	r3, [r7, #12]
10007e1e:	60c3      	str	r3, [r0, #12]
10007e20:	6098      	str	r0, [r3, #8]
10007e22:	4663      	mov	r3, ip
10007e24:	4313      	orrs	r3, r2
10007e26:	604b      	str	r3, [r1, #4]
10007e28:	508a      	str	r2, [r1, r2]
10007e2a:	e7d0      	b.n	10007dce <_free_r+0xba>
10007e2c:	189a      	adds	r2, r3, r2
10007e2e:	4663      	mov	r3, ip
10007e30:	4203      	tst	r3, r0
10007e32:	d106      	bne.n	10007e42 <_free_r+0x12e>
10007e34:	680b      	ldr	r3, [r1, #0]
10007e36:	1ac9      	subs	r1, r1, r3
10007e38:	6888      	ldr	r0, [r1, #8]
10007e3a:	18d2      	adds	r2, r2, r3
10007e3c:	68cb      	ldr	r3, [r1, #12]
10007e3e:	60c3      	str	r3, [r0, #12]
10007e40:	6098      	str	r0, [r3, #8]
10007e42:	2301      	movs	r3, #1
10007e44:	4313      	orrs	r3, r2
10007e46:	604b      	str	r3, [r1, #4]
10007e48:	4b24      	ldr	r3, [pc, #144]	@ (10007edc <_free_r+0x1c8>)
10007e4a:	60b1      	str	r1, [r6, #8]
10007e4c:	681b      	ldr	r3, [r3, #0]
10007e4e:	4293      	cmp	r3, r2
10007e50:	d8bd      	bhi.n	10007dce <_free_r+0xba>
10007e52:	4b23      	ldr	r3, [pc, #140]	@ (10007ee0 <_free_r+0x1cc>)
10007e54:	0028      	movs	r0, r5
10007e56:	6819      	ldr	r1, [r3, #0]
10007e58:	f7ff ff02 	bl	10007c60 <_malloc_trim_r>
10007e5c:	e7b7      	b.n	10007dce <_free_r+0xba>
10007e5e:	2c14      	cmp	r4, #20
10007e60:	d907      	bls.n	10007e72 <_free_r+0x15e>
10007e62:	2c54      	cmp	r4, #84	@ 0x54
10007e64:	d81a      	bhi.n	10007e9c <_free_r+0x188>
10007e66:	0b1c      	lsrs	r4, r3, #12
10007e68:	0020      	movs	r0, r4
10007e6a:	346f      	adds	r4, #111	@ 0x6f
10007e6c:	306e      	adds	r0, #110	@ 0x6e
10007e6e:	00e4      	lsls	r4, r4, #3
10007e70:	e7bc      	b.n	10007dec <_free_r+0xd8>
10007e72:	0020      	movs	r0, r4
10007e74:	345c      	adds	r4, #92	@ 0x5c
10007e76:	305b      	adds	r0, #91	@ 0x5b
10007e78:	00e4      	lsls	r4, r4, #3
10007e7a:	e7b7      	b.n	10007dec <_free_r+0xd8>
10007e7c:	2301      	movs	r3, #1
10007e7e:	1080      	asrs	r0, r0, #2
10007e80:	4083      	lsls	r3, r0
10007e82:	6870      	ldr	r0, [r6, #4]
10007e84:	4303      	orrs	r3, r0
10007e86:	6073      	str	r3, [r6, #4]
10007e88:	e7bf      	b.n	10007e0a <_free_r+0xf6>
10007e8a:	60d1      	str	r1, [r2, #12]
10007e8c:	6091      	str	r1, [r2, #8]
10007e8e:	60ca      	str	r2, [r1, #12]
10007e90:	608a      	str	r2, [r1, #8]
10007e92:	2201      	movs	r2, #1
10007e94:	431a      	orrs	r2, r3
10007e96:	604a      	str	r2, [r1, #4]
10007e98:	50cb      	str	r3, [r1, r3]
10007e9a:	e798      	b.n	10007dce <_free_r+0xba>
10007e9c:	22aa      	movs	r2, #170	@ 0xaa
10007e9e:	0052      	lsls	r2, r2, #1
10007ea0:	4294      	cmp	r4, r2
10007ea2:	d805      	bhi.n	10007eb0 <_free_r+0x19c>
10007ea4:	0bdc      	lsrs	r4, r3, #15
10007ea6:	0020      	movs	r0, r4
10007ea8:	3478      	adds	r4, #120	@ 0x78
10007eaa:	3077      	adds	r0, #119	@ 0x77
10007eac:	00e4      	lsls	r4, r4, #3
10007eae:	e79d      	b.n	10007dec <_free_r+0xd8>
10007eb0:	4a0c      	ldr	r2, [pc, #48]	@ (10007ee4 <_free_r+0x1d0>)
10007eb2:	4294      	cmp	r4, r2
10007eb4:	d805      	bhi.n	10007ec2 <_free_r+0x1ae>
10007eb6:	0c9c      	lsrs	r4, r3, #18
10007eb8:	0020      	movs	r0, r4
10007eba:	347d      	adds	r4, #125	@ 0x7d
10007ebc:	307c      	adds	r0, #124	@ 0x7c
10007ebe:	00e4      	lsls	r4, r4, #3
10007ec0:	e794      	b.n	10007dec <_free_r+0xd8>
10007ec2:	24fe      	movs	r4, #254	@ 0xfe
10007ec4:	207e      	movs	r0, #126	@ 0x7e
10007ec6:	00a4      	lsls	r4, r4, #2
10007ec8:	e790      	b.n	10007dec <_free_r+0xd8>
10007eca:	4662      	mov	r2, ip
10007ecc:	431a      	orrs	r2, r3
10007ece:	604a      	str	r2, [r1, #4]
10007ed0:	603b      	str	r3, [r7, #0]
10007ed2:	e77c      	b.n	10007dce <_free_r+0xba>
10007ed4:	20001568 	.word	0x20001568
10007ed8:	20001570 	.word	0x20001570
10007edc:	20001564 	.word	0x20001564
10007ee0:	20002240 	.word	0x20002240
10007ee4:	00000554 	.word	0x00000554

10007ee8 <__cxa_atexit>:
10007ee8:	b510      	push	{r4, lr}
10007eea:	0013      	movs	r3, r2
10007eec:	000a      	movs	r2, r1
10007eee:	0001      	movs	r1, r0
10007ef0:	2002      	movs	r0, #2
10007ef2:	f000 f83f 	bl	10007f74 <__register_exitproc>
10007ef6:	bd10      	pop	{r4, pc}

10007ef8 <memcmp>:
10007ef8:	b530      	push	{r4, r5, lr}
10007efa:	2a03      	cmp	r2, #3
10007efc:	d91a      	bls.n	10007f34 <memcmp+0x3c>
10007efe:	000b      	movs	r3, r1
10007f00:	4303      	orrs	r3, r0
10007f02:	079b      	lsls	r3, r3, #30
10007f04:	d011      	beq.n	10007f2a <memcmp+0x32>
10007f06:	1e55      	subs	r5, r2, #1
10007f08:	2300      	movs	r3, #0
10007f0a:	e003      	b.n	10007f14 <memcmp+0x1c>
10007f0c:	1c5a      	adds	r2, r3, #1
10007f0e:	429d      	cmp	r5, r3
10007f10:	d013      	beq.n	10007f3a <memcmp+0x42>
10007f12:	0013      	movs	r3, r2
10007f14:	5cc2      	ldrb	r2, [r0, r3]
10007f16:	5ccc      	ldrb	r4, [r1, r3]
10007f18:	42a2      	cmp	r2, r4
10007f1a:	d0f7      	beq.n	10007f0c <memcmp+0x14>
10007f1c:	1b10      	subs	r0, r2, r4
10007f1e:	e00d      	b.n	10007f3c <memcmp+0x44>
10007f20:	3a04      	subs	r2, #4
10007f22:	3004      	adds	r0, #4
10007f24:	3104      	adds	r1, #4
10007f26:	2a03      	cmp	r2, #3
10007f28:	d904      	bls.n	10007f34 <memcmp+0x3c>
10007f2a:	6804      	ldr	r4, [r0, #0]
10007f2c:	680b      	ldr	r3, [r1, #0]
10007f2e:	429c      	cmp	r4, r3
10007f30:	d0f6      	beq.n	10007f20 <memcmp+0x28>
10007f32:	e7e8      	b.n	10007f06 <memcmp+0xe>
10007f34:	1e55      	subs	r5, r2, #1
10007f36:	2a00      	cmp	r2, #0
10007f38:	d1e6      	bne.n	10007f08 <memcmp+0x10>
10007f3a:	2000      	movs	r0, #0
10007f3c:	bd30      	pop	{r4, r5, pc}
10007f3e:	46c0      	nop			@ (mov r8, r8)

10007f40 <__errno>:
10007f40:	4b01      	ldr	r3, [pc, #4]	@ (10007f48 <__errno+0x8>)
10007f42:	6818      	ldr	r0, [r3, #0]
10007f44:	4770      	bx	lr
10007f46:	46c0      	nop			@ (mov r8, r8)
10007f48:	20001418 	.word	0x20001418

10007f4c <malloc>:
10007f4c:	b510      	push	{r4, lr}
10007f4e:	4b03      	ldr	r3, [pc, #12]	@ (10007f5c <malloc+0x10>)
10007f50:	0001      	movs	r1, r0
10007f52:	6818      	ldr	r0, [r3, #0]
10007f54:	f7ff fb86 	bl	10007664 <_malloc_r>
10007f58:	bd10      	pop	{r4, pc}
10007f5a:	46c0      	nop			@ (mov r8, r8)
10007f5c:	20001418 	.word	0x20001418

10007f60 <free>:
10007f60:	b510      	push	{r4, lr}
10007f62:	4b03      	ldr	r3, [pc, #12]	@ (10007f70 <free+0x10>)
10007f64:	0001      	movs	r1, r0
10007f66:	6818      	ldr	r0, [r3, #0]
10007f68:	f7ff fed4 	bl	10007d14 <_free_r>
10007f6c:	bd10      	pop	{r4, pc}
10007f6e:	46c0      	nop			@ (mov r8, r8)
10007f70:	20001418 	.word	0x20001418

10007f74 <__register_exitproc>:
10007f74:	b5f0      	push	{r4, r5, r6, r7, lr}
10007f76:	46c6      	mov	lr, r8
10007f78:	4c1a      	ldr	r4, [pc, #104]	@ (10007fe4 <__register_exitproc+0x70>)
10007f7a:	b500      	push	{lr}
10007f7c:	6825      	ldr	r5, [r4, #0]
10007f7e:	2d00      	cmp	r5, #0
10007f80:	d02a      	beq.n	10007fd8 <__register_exitproc+0x64>
10007f82:	686c      	ldr	r4, [r5, #4]
10007f84:	2c1f      	cmp	r4, #31
10007f86:	dc2a      	bgt.n	10007fde <__register_exitproc+0x6a>
10007f88:	2800      	cmp	r0, #0
10007f8a:	d108      	bne.n	10007f9e <__register_exitproc+0x2a>
10007f8c:	2000      	movs	r0, #0
10007f8e:	1c63      	adds	r3, r4, #1
10007f90:	3402      	adds	r4, #2
10007f92:	00a4      	lsls	r4, r4, #2
10007f94:	606b      	str	r3, [r5, #4]
10007f96:	5161      	str	r1, [r4, r5]
10007f98:	bc80      	pop	{r7}
10007f9a:	46b8      	mov	r8, r7
10007f9c:	bdf0      	pop	{r4, r5, r6, r7, pc}
10007f9e:	2788      	movs	r7, #136	@ 0x88
10007fa0:	00a6      	lsls	r6, r4, #2
10007fa2:	19ae      	adds	r6, r5, r6
10007fa4:	51f2      	str	r2, [r6, r7]
10007fa6:	3701      	adds	r7, #1
10007fa8:	37ff      	adds	r7, #255	@ 0xff
10007faa:	46bc      	mov	ip, r7
10007fac:	2201      	movs	r2, #1
10007fae:	44ac      	add	ip, r5
10007fb0:	4667      	mov	r7, ip
10007fb2:	40a2      	lsls	r2, r4
10007fb4:	683f      	ldr	r7, [r7, #0]
10007fb6:	4690      	mov	r8, r2
10007fb8:	4317      	orrs	r7, r2
10007fba:	4662      	mov	r2, ip
10007fbc:	6017      	str	r7, [r2, #0]
10007fbe:	2784      	movs	r7, #132	@ 0x84
10007fc0:	007f      	lsls	r7, r7, #1
10007fc2:	51f3      	str	r3, [r6, r7]
10007fc4:	2802      	cmp	r0, #2
10007fc6:	d1e1      	bne.n	10007f8c <__register_exitproc+0x18>
10007fc8:	0028      	movs	r0, r5
10007fca:	4642      	mov	r2, r8
10007fcc:	308d      	adds	r0, #141	@ 0x8d
10007fce:	30ff      	adds	r0, #255	@ 0xff
10007fd0:	6803      	ldr	r3, [r0, #0]
10007fd2:	4313      	orrs	r3, r2
10007fd4:	6003      	str	r3, [r0, #0]
10007fd6:	e7d9      	b.n	10007f8c <__register_exitproc+0x18>
10007fd8:	4d03      	ldr	r5, [pc, #12]	@ (10007fe8 <__register_exitproc+0x74>)
10007fda:	6025      	str	r5, [r4, #0]
10007fdc:	e7d1      	b.n	10007f82 <__register_exitproc+0xe>
10007fde:	2001      	movs	r0, #1
10007fe0:	4240      	negs	r0, r0
10007fe2:	e7d9      	b.n	10007f98 <__register_exitproc+0x24>
10007fe4:	2000240c 	.word	0x2000240c
10007fe8:	20002274 	.word	0x20002274

10007fec <_findenv_r>:
10007fec:	b5f0      	push	{r4, r5, r6, r7, lr}
10007fee:	46d6      	mov	lr, sl
10007ff0:	4646      	mov	r6, r8
10007ff2:	464f      	mov	r7, r9
10007ff4:	b5c0      	push	{r6, r7, lr}
10007ff6:	4682      	mov	sl, r0
10007ff8:	000e      	movs	r6, r1
10007ffa:	4690      	mov	r8, r2
10007ffc:	f000 fa1e 	bl	1000843c <__env_lock>
10008000:	4b1c      	ldr	r3, [pc, #112]	@ (10008074 <_findenv_r+0x88>)
10008002:	681d      	ldr	r5, [r3, #0]
10008004:	4699      	mov	r9, r3
10008006:	2d00      	cmp	r5, #0
10008008:	d00a      	beq.n	10008020 <_findenv_r+0x34>
1000800a:	7833      	ldrb	r3, [r6, #0]
1000800c:	0034      	movs	r4, r6
1000800e:	2b00      	cmp	r3, #0
10008010:	d104      	bne.n	1000801c <_findenv_r+0x30>
10008012:	e02d      	b.n	10008070 <_findenv_r+0x84>
10008014:	7863      	ldrb	r3, [r4, #1]
10008016:	3401      	adds	r4, #1
10008018:	2b00      	cmp	r3, #0
1000801a:	d00a      	beq.n	10008032 <_findenv_r+0x46>
1000801c:	2b3d      	cmp	r3, #61	@ 0x3d
1000801e:	d1f9      	bne.n	10008014 <_findenv_r+0x28>
10008020:	4650      	mov	r0, sl
10008022:	f000 fa0d 	bl	10008440 <__env_unlock>
10008026:	2000      	movs	r0, #0
10008028:	bce0      	pop	{r5, r6, r7}
1000802a:	46ba      	mov	sl, r7
1000802c:	46b1      	mov	r9, r6
1000802e:	46a8      	mov	r8, r5
10008030:	bdf0      	pop	{r4, r5, r6, r7, pc}
10008032:	1ba4      	subs	r4, r4, r6
10008034:	6828      	ldr	r0, [r5, #0]
10008036:	2800      	cmp	r0, #0
10008038:	d0f2      	beq.n	10008020 <_findenv_r+0x34>
1000803a:	0022      	movs	r2, r4
1000803c:	0031      	movs	r1, r6
1000803e:	f000 fa01 	bl	10008444 <strncmp>
10008042:	2800      	cmp	r0, #0
10008044:	d104      	bne.n	10008050 <_findenv_r+0x64>
10008046:	682b      	ldr	r3, [r5, #0]
10008048:	191f      	adds	r7, r3, r4
1000804a:	5d1b      	ldrb	r3, [r3, r4]
1000804c:	2b3d      	cmp	r3, #61	@ 0x3d
1000804e:	d004      	beq.n	1000805a <_findenv_r+0x6e>
10008050:	6868      	ldr	r0, [r5, #4]
10008052:	3504      	adds	r5, #4
10008054:	2800      	cmp	r0, #0
10008056:	d1f0      	bne.n	1000803a <_findenv_r+0x4e>
10008058:	e7e2      	b.n	10008020 <_findenv_r+0x34>
1000805a:	464b      	mov	r3, r9
1000805c:	4642      	mov	r2, r8
1000805e:	681b      	ldr	r3, [r3, #0]
10008060:	4650      	mov	r0, sl
10008062:	1aeb      	subs	r3, r5, r3
10008064:	109b      	asrs	r3, r3, #2
10008066:	6013      	str	r3, [r2, #0]
10008068:	f000 f9ea 	bl	10008440 <__env_unlock>
1000806c:	1c78      	adds	r0, r7, #1
1000806e:	e7db      	b.n	10008028 <_findenv_r+0x3c>
10008070:	2400      	movs	r4, #0
10008072:	e7df      	b.n	10008034 <_findenv_r+0x48>
10008074:	20001970 	.word	0x20001970

10008078 <_getenv_r>:
10008078:	b500      	push	{lr}
1000807a:	b083      	sub	sp, #12
1000807c:	aa01      	add	r2, sp, #4
1000807e:	f7ff ffb5 	bl	10007fec <_findenv_r>
10008082:	b003      	add	sp, #12
10008084:	bd00      	pop	{pc}
10008086:	46c0      	nop			@ (mov r8, r8)

10008088 <__malloc_lock>:
10008088:	4770      	bx	lr
1000808a:	46c0      	nop			@ (mov r8, r8)

1000808c <__malloc_unlock>:
1000808c:	4770      	bx	lr
1000808e:	46c0      	nop			@ (mov r8, r8)

10008090 <_sbrk_r>:
10008090:	2300      	movs	r3, #0
10008092:	b570      	push	{r4, r5, r6, lr}
10008094:	4c06      	ldr	r4, [pc, #24]	@ (100080b0 <_sbrk_r+0x20>)
10008096:	0005      	movs	r5, r0
10008098:	0008      	movs	r0, r1
1000809a:	6023      	str	r3, [r4, #0]
1000809c:	f7fd f902 	bl	100052a4 <_sbrk>
100080a0:	1c43      	adds	r3, r0, #1
100080a2:	d000      	beq.n	100080a6 <_sbrk_r+0x16>
100080a4:	bd70      	pop	{r4, r5, r6, pc}
100080a6:	6823      	ldr	r3, [r4, #0]
100080a8:	2b00      	cmp	r3, #0
100080aa:	d0fb      	beq.n	100080a4 <_sbrk_r+0x14>
100080ac:	602b      	str	r3, [r5, #0]
100080ae:	e7f9      	b.n	100080a4 <_sbrk_r+0x14>
100080b0:	20002408 	.word	0x20002408

100080b4 <strcpy>:
100080b4:	0003      	movs	r3, r0
100080b6:	780a      	ldrb	r2, [r1, #0]
100080b8:	3101      	adds	r1, #1
100080ba:	701a      	strb	r2, [r3, #0]
100080bc:	3301      	adds	r3, #1
100080be:	2a00      	cmp	r2, #0
100080c0:	d1f9      	bne.n	100080b6 <strcpy+0x2>
100080c2:	4770      	bx	lr

100080c4 <atexit>:
100080c4:	b510      	push	{r4, lr}
100080c6:	0001      	movs	r1, r0
100080c8:	2300      	movs	r3, #0
100080ca:	2200      	movs	r2, #0
100080cc:	2000      	movs	r0, #0
100080ce:	f7ff ff51 	bl	10007f74 <__register_exitproc>
100080d2:	bd10      	pop	{r4, pc}

100080d4 <__xpg_strerror_r>:
100080d4:	b5f0      	push	{r4, r5, r6, r7, lr}
100080d6:	2600      	movs	r6, #0
100080d8:	b083      	sub	sp, #12
100080da:	0005      	movs	r5, r0
100080dc:	000f      	movs	r7, r1
100080de:	1e14      	subs	r4, r2, #0
100080e0:	9601      	str	r6, [sp, #4]
100080e2:	d020      	beq.n	10008126 <__xpg_strerror_r+0x52>
100080e4:	4b11      	ldr	r3, [pc, #68]	@ (1000812c <__xpg_strerror_r+0x58>)
100080e6:	0029      	movs	r1, r5
100080e8:	6818      	ldr	r0, [r3, #0]
100080ea:	2201      	movs	r2, #1
100080ec:	ab01      	add	r3, sp, #4
100080ee:	f000 f9fd 	bl	100084ec <_strerror_r>
100080f2:	0005      	movs	r5, r0
100080f4:	f7ff f8f4 	bl	100072e0 <strlen>
100080f8:	42a0      	cmp	r0, r4
100080fa:	d20d      	bcs.n	10008118 <__xpg_strerror_r+0x44>
100080fc:	0029      	movs	r1, r5
100080fe:	0038      	movs	r0, r7
10008100:	f7ff ffd8 	bl	100080b4 <strcpy>
10008104:	9801      	ldr	r0, [sp, #4]
10008106:	2800      	cmp	r0, #0
10008108:	d001      	beq.n	1000810e <__xpg_strerror_r+0x3a>
1000810a:	b003      	add	sp, #12
1000810c:	bdf0      	pop	{r4, r5, r6, r7, pc}
1000810e:	782b      	ldrb	r3, [r5, #0]
10008110:	2b00      	cmp	r3, #0
10008112:	d1fa      	bne.n	1000810a <__xpg_strerror_r+0x36>
10008114:	3016      	adds	r0, #22
10008116:	e7f8      	b.n	1000810a <__xpg_strerror_r+0x36>
10008118:	3c01      	subs	r4, #1
1000811a:	0022      	movs	r2, r4
1000811c:	0029      	movs	r1, r5
1000811e:	0038      	movs	r0, r7
10008120:	f7fb fc24 	bl	1000396c <__wrap___aeabi_memcpy>
10008124:	553e      	strb	r6, [r7, r4]
10008126:	2022      	movs	r0, #34	@ 0x22
10008128:	e7ef      	b.n	1000810a <__xpg_strerror_r+0x36>
1000812a:	46c0      	nop			@ (mov r8, r8)
1000812c:	20001418 	.word	0x20001418

10008130 <strcmp>:
10008130:	4602      	mov	r2, r0
10008132:	b570      	push	{r4, r5, r6, lr}
10008134:	430a      	orrs	r2, r1
10008136:	0792      	lsls	r2, r2, #30
10008138:	d12a      	bne.n	10008190 <strcmp+0x60>
1000813a:	4d1e      	ldr	r5, [pc, #120]	@ (100081b4 <strcmp+0x84>)
1000813c:	01ee      	lsls	r6, r5, #7
1000813e:	c804      	ldmia	r0!, {r2}
10008140:	c908      	ldmia	r1!, {r3}
10008142:	1b54      	subs	r4, r2, r5
10008144:	4394      	bics	r4, r2
10008146:	4034      	ands	r4, r6
10008148:	d017      	beq.n	1000817a <strcmp+0x4a>
1000814a:	b2d0      	uxtb	r0, r2
1000814c:	b2d9      	uxtb	r1, r3
1000814e:	1a40      	subs	r0, r0, r1
10008150:	0621      	lsls	r1, r4, #24
10008152:	4301      	orrs	r1, r0
10008154:	d110      	bne.n	10008178 <strcmp+0x48>
10008156:	b290      	uxth	r0, r2
10008158:	b299      	uxth	r1, r3
1000815a:	1a40      	subs	r0, r0, r1
1000815c:	0421      	lsls	r1, r4, #16
1000815e:	4301      	orrs	r1, r0
10008160:	d10a      	bne.n	10008178 <strcmp+0x48>
10008162:	0210      	lsls	r0, r2, #8
10008164:	0219      	lsls	r1, r3, #8
10008166:	0a00      	lsrs	r0, r0, #8
10008168:	0a09      	lsrs	r1, r1, #8
1000816a:	1a40      	subs	r0, r0, r1
1000816c:	0221      	lsls	r1, r4, #8
1000816e:	4301      	orrs	r1, r0
10008170:	d102      	bne.n	10008178 <strcmp+0x48>
10008172:	0e10      	lsrs	r0, r2, #24
10008174:	0e19      	lsrs	r1, r3, #24
10008176:	1a40      	subs	r0, r0, r1
10008178:	bd70      	pop	{r4, r5, r6, pc}
1000817a:	429a      	cmp	r2, r3
1000817c:	d0df      	beq.n	1000813e <strcmp+0xe>
1000817e:	ba10      	rev	r0, r2
10008180:	ba19      	rev	r1, r3
10008182:	4288      	cmp	r0, r1
10008184:	d901      	bls.n	1000818a <strcmp+0x5a>
10008186:	2001      	movs	r0, #1
10008188:	bd70      	pop	{r4, r5, r6, pc}
1000818a:	2000      	movs	r0, #0
1000818c:	43c0      	mvns	r0, r0
1000818e:	bd70      	pop	{r4, r5, r6, pc}
10008190:	7802      	ldrb	r2, [r0, #0]
10008192:	780b      	ldrb	r3, [r1, #0]
10008194:	3001      	adds	r0, #1
10008196:	3101      	adds	r1, #1
10008198:	2a00      	cmp	r2, #0
1000819a:	d009      	beq.n	100081b0 <strcmp+0x80>
1000819c:	429a      	cmp	r2, r3
1000819e:	d107      	bne.n	100081b0 <strcmp+0x80>
100081a0:	7802      	ldrb	r2, [r0, #0]
100081a2:	780b      	ldrb	r3, [r1, #0]
100081a4:	3001      	adds	r0, #1
100081a6:	3101      	adds	r1, #1
100081a8:	2a00      	cmp	r2, #0
100081aa:	d001      	beq.n	100081b0 <strcmp+0x80>
100081ac:	429a      	cmp	r2, r3
100081ae:	d0ef      	beq.n	10008190 <strcmp+0x60>
100081b0:	1ad0      	subs	r0, r2, r3
100081b2:	bd70      	pop	{r4, r5, r6, pc}
100081b4:	01010101 	.word	0x01010101

100081b8 <_init_signal_r>:
100081b8:	b570      	push	{r4, r5, r6, lr}
100081ba:	259c      	movs	r5, #156	@ 0x9c
100081bc:	006d      	lsls	r5, r5, #1
100081be:	5943      	ldr	r3, [r0, r5]
100081c0:	0004      	movs	r4, r0
100081c2:	2b00      	cmp	r3, #0
100081c4:	d001      	beq.n	100081ca <_init_signal_r+0x12>
100081c6:	2000      	movs	r0, #0
100081c8:	bd70      	pop	{r4, r5, r6, pc}
100081ca:	2180      	movs	r1, #128	@ 0x80
100081cc:	f7ff fa4a 	bl	10007664 <_malloc_r>
100081d0:	5160      	str	r0, [r4, r5]
100081d2:	2800      	cmp	r0, #0
100081d4:	d006      	beq.n	100081e4 <_init_signal_r+0x2c>
100081d6:	0002      	movs	r2, r0
100081d8:	2300      	movs	r3, #0
100081da:	3280      	adds	r2, #128	@ 0x80
100081dc:	c008      	stmia	r0!, {r3}
100081de:	4290      	cmp	r0, r2
100081e0:	d1fc      	bne.n	100081dc <_init_signal_r+0x24>
100081e2:	e7f0      	b.n	100081c6 <_init_signal_r+0xe>
100081e4:	2001      	movs	r0, #1
100081e6:	4240      	negs	r0, r0
100081e8:	e7ee      	b.n	100081c8 <_init_signal_r+0x10>
100081ea:	46c0      	nop			@ (mov r8, r8)

100081ec <_signal_r>:
100081ec:	b5f8      	push	{r3, r4, r5, r6, r7, lr}
100081ee:	0005      	movs	r5, r0
100081f0:	000c      	movs	r4, r1
100081f2:	0016      	movs	r6, r2
100081f4:	291f      	cmp	r1, #31
100081f6:	d809      	bhi.n	1000820c <_signal_r+0x20>
100081f8:	279c      	movs	r7, #156	@ 0x9c
100081fa:	007f      	lsls	r7, r7, #1
100081fc:	59c3      	ldr	r3, [r0, r7]
100081fe:	2b00      	cmp	r3, #0
10008200:	d009      	beq.n	10008216 <_signal_r+0x2a>
10008202:	00a4      	lsls	r4, r4, #2
10008204:	191b      	adds	r3, r3, r4
10008206:	6818      	ldr	r0, [r3, #0]
10008208:	601e      	str	r6, [r3, #0]
1000820a:	bdf8      	pop	{r3, r4, r5, r6, r7, pc}
1000820c:	2316      	movs	r3, #22
1000820e:	6003      	str	r3, [r0, #0]
10008210:	2001      	movs	r0, #1
10008212:	4240      	negs	r0, r0
10008214:	e7f9      	b.n	1000820a <_signal_r+0x1e>
10008216:	2180      	movs	r1, #128	@ 0x80
10008218:	f7ff fa24 	bl	10007664 <_malloc_r>
1000821c:	2100      	movs	r1, #0
1000821e:	0003      	movs	r3, r0
10008220:	0002      	movs	r2, r0
10008222:	51e8      	str	r0, [r5, r7]
10008224:	3080      	adds	r0, #128	@ 0x80
10008226:	2b00      	cmp	r3, #0
10008228:	d0f2      	beq.n	10008210 <_signal_r+0x24>
1000822a:	c202      	stmia	r2!, {r1}
1000822c:	4282      	cmp	r2, r0
1000822e:	d1fc      	bne.n	1000822a <_signal_r+0x3e>
10008230:	e7e7      	b.n	10008202 <_signal_r+0x16>
10008232:	46c0      	nop			@ (mov r8, r8)

10008234 <_raise_r>:
10008234:	b570      	push	{r4, r5, r6, lr}
10008236:	0005      	movs	r5, r0
10008238:	000c      	movs	r4, r1
1000823a:	291f      	cmp	r1, #31
1000823c:	d820      	bhi.n	10008280 <_raise_r+0x4c>
1000823e:	239c      	movs	r3, #156	@ 0x9c
10008240:	005b      	lsls	r3, r3, #1
10008242:	58c3      	ldr	r3, [r0, r3]
10008244:	2b00      	cmp	r3, #0
10008246:	d00e      	beq.n	10008266 <_raise_r+0x32>
10008248:	008a      	lsls	r2, r1, #2
1000824a:	189b      	adds	r3, r3, r2
1000824c:	681a      	ldr	r2, [r3, #0]
1000824e:	2a00      	cmp	r2, #0
10008250:	d009      	beq.n	10008266 <_raise_r+0x32>
10008252:	2a01      	cmp	r2, #1
10008254:	d005      	beq.n	10008262 <_raise_r+0x2e>
10008256:	1c51      	adds	r1, r2, #1
10008258:	d00e      	beq.n	10008278 <_raise_r+0x44>
1000825a:	2100      	movs	r1, #0
1000825c:	0020      	movs	r0, r4
1000825e:	6019      	str	r1, [r3, #0]
10008260:	4790      	blx	r2
10008262:	2000      	movs	r0, #0
10008264:	bd70      	pop	{r4, r5, r6, pc}
10008266:	0028      	movs	r0, r5
10008268:	f000 fac8 	bl	100087fc <_getpid_r>
1000826c:	0022      	movs	r2, r4
1000826e:	0001      	movs	r1, r0
10008270:	0028      	movs	r0, r5
10008272:	f000 faaf 	bl	100087d4 <_kill_r>
10008276:	e7f5      	b.n	10008264 <_raise_r+0x30>
10008278:	2316      	movs	r3, #22
1000827a:	6003      	str	r3, [r0, #0]
1000827c:	2001      	movs	r0, #1
1000827e:	e7f1      	b.n	10008264 <_raise_r+0x30>
10008280:	2316      	movs	r3, #22
10008282:	6003      	str	r3, [r0, #0]
10008284:	2001      	movs	r0, #1
10008286:	4240      	negs	r0, r0
10008288:	e7ec      	b.n	10008264 <_raise_r+0x30>
1000828a:	46c0      	nop			@ (mov r8, r8)

1000828c <__sigtramp_r>:
1000828c:	b570      	push	{r4, r5, r6, lr}
1000828e:	0005      	movs	r5, r0
10008290:	000c      	movs	r4, r1
10008292:	291f      	cmp	r1, #31
10008294:	d826      	bhi.n	100082e4 <__sigtramp_r+0x58>
10008296:	269c      	movs	r6, #156	@ 0x9c
10008298:	0076      	lsls	r6, r6, #1
1000829a:	5983      	ldr	r3, [r0, r6]
1000829c:	2b00      	cmp	r3, #0
1000829e:	d014      	beq.n	100082ca <__sigtramp_r+0x3e>
100082a0:	00a2      	lsls	r2, r4, #2
100082a2:	189b      	adds	r3, r3, r2
100082a4:	681a      	ldr	r2, [r3, #0]
100082a6:	2a00      	cmp	r2, #0
100082a8:	d009      	beq.n	100082be <__sigtramp_r+0x32>
100082aa:	1c51      	adds	r1, r2, #1
100082ac:	d00b      	beq.n	100082c6 <__sigtramp_r+0x3a>
100082ae:	2a01      	cmp	r2, #1
100082b0:	d007      	beq.n	100082c2 <__sigtramp_r+0x36>
100082b2:	2100      	movs	r1, #0
100082b4:	0020      	movs	r0, r4
100082b6:	6019      	str	r1, [r3, #0]
100082b8:	4790      	blx	r2
100082ba:	2000      	movs	r0, #0
100082bc:	bd70      	pop	{r4, r5, r6, pc}
100082be:	2001      	movs	r0, #1
100082c0:	e7fc      	b.n	100082bc <__sigtramp_r+0x30>
100082c2:	2003      	movs	r0, #3
100082c4:	e7fa      	b.n	100082bc <__sigtramp_r+0x30>
100082c6:	2002      	movs	r0, #2
100082c8:	e7f8      	b.n	100082bc <__sigtramp_r+0x30>
100082ca:	2180      	movs	r1, #128	@ 0x80
100082cc:	f7ff f9ca 	bl	10007664 <_malloc_r>
100082d0:	1e03      	subs	r3, r0, #0
100082d2:	51a8      	str	r0, [r5, r6]
100082d4:	d006      	beq.n	100082e4 <__sigtramp_r+0x58>
100082d6:	2100      	movs	r1, #0
100082d8:	0002      	movs	r2, r0
100082da:	3080      	adds	r0, #128	@ 0x80
100082dc:	c202      	stmia	r2!, {r1}
100082de:	4282      	cmp	r2, r0
100082e0:	d1fc      	bne.n	100082dc <__sigtramp_r+0x50>
100082e2:	e7dd      	b.n	100082a0 <__sigtramp_r+0x14>
100082e4:	2001      	movs	r0, #1
100082e6:	4240      	negs	r0, r0
100082e8:	e7e8      	b.n	100082bc <__sigtramp_r+0x30>
100082ea:	46c0      	nop			@ (mov r8, r8)

100082ec <raise>:
100082ec:	4b15      	ldr	r3, [pc, #84]	@ (10008344 <raise+0x58>)
100082ee:	b570      	push	{r4, r5, r6, lr}
100082f0:	0004      	movs	r4, r0
100082f2:	681d      	ldr	r5, [r3, #0]
100082f4:	281f      	cmp	r0, #31
100082f6:	d81f      	bhi.n	10008338 <raise+0x4c>
100082f8:	239c      	movs	r3, #156	@ 0x9c
100082fa:	005b      	lsls	r3, r3, #1
100082fc:	58eb      	ldr	r3, [r5, r3]
100082fe:	2b00      	cmp	r3, #0
10008300:	d00d      	beq.n	1000831e <raise+0x32>
10008302:	0082      	lsls	r2, r0, #2
10008304:	189b      	adds	r3, r3, r2
10008306:	681a      	ldr	r2, [r3, #0]
10008308:	2a00      	cmp	r2, #0
1000830a:	d008      	beq.n	1000831e <raise+0x32>
1000830c:	2a01      	cmp	r2, #1
1000830e:	d004      	beq.n	1000831a <raise+0x2e>
10008310:	1c51      	adds	r1, r2, #1
10008312:	d00d      	beq.n	10008330 <raise+0x44>
10008314:	2100      	movs	r1, #0
10008316:	6019      	str	r1, [r3, #0]
10008318:	4790      	blx	r2
1000831a:	2000      	movs	r0, #0
1000831c:	bd70      	pop	{r4, r5, r6, pc}
1000831e:	0028      	movs	r0, r5
10008320:	f000 fa6c 	bl	100087fc <_getpid_r>
10008324:	0022      	movs	r2, r4
10008326:	0001      	movs	r1, r0
10008328:	0028      	movs	r0, r5
1000832a:	f000 fa53 	bl	100087d4 <_kill_r>
1000832e:	e7f5      	b.n	1000831c <raise+0x30>
10008330:	2316      	movs	r3, #22
10008332:	2001      	movs	r0, #1
10008334:	602b      	str	r3, [r5, #0]
10008336:	e7f1      	b.n	1000831c <raise+0x30>
10008338:	2316      	movs	r3, #22
1000833a:	2001      	movs	r0, #1
1000833c:	602b      	str	r3, [r5, #0]
1000833e:	4240      	negs	r0, r0
10008340:	e7ec      	b.n	1000831c <raise+0x30>
10008342:	46c0      	nop			@ (mov r8, r8)
10008344:	20001418 	.word	0x20001418

10008348 <signal>:
10008348:	b5f8      	push	{r3, r4, r5, r6, r7, lr}
1000834a:	4b12      	ldr	r3, [pc, #72]	@ (10008394 <signal+0x4c>)
1000834c:	0004      	movs	r4, r0
1000834e:	000e      	movs	r6, r1
10008350:	681d      	ldr	r5, [r3, #0]
10008352:	281f      	cmp	r0, #31
10008354:	d809      	bhi.n	1000836a <signal+0x22>
10008356:	279c      	movs	r7, #156	@ 0x9c
10008358:	007f      	lsls	r7, r7, #1
1000835a:	59e8      	ldr	r0, [r5, r7]
1000835c:	2800      	cmp	r0, #0
1000835e:	d009      	beq.n	10008374 <signal+0x2c>
10008360:	00a4      	lsls	r4, r4, #2
10008362:	1904      	adds	r4, r0, r4
10008364:	6820      	ldr	r0, [r4, #0]
10008366:	6026      	str	r6, [r4, #0]
10008368:	bdf8      	pop	{r3, r4, r5, r6, r7, pc}
1000836a:	2316      	movs	r3, #22
1000836c:	602b      	str	r3, [r5, #0]
1000836e:	2001      	movs	r0, #1
10008370:	4240      	negs	r0, r0
10008372:	e7f9      	b.n	10008368 <signal+0x20>
10008374:	2180      	movs	r1, #128	@ 0x80
10008376:	0028      	movs	r0, r5
10008378:	f7ff f974 	bl	10007664 <_malloc_r>
1000837c:	0001      	movs	r1, r0
1000837e:	0003      	movs	r3, r0
10008380:	2200      	movs	r2, #0
10008382:	51e8      	str	r0, [r5, r7]
10008384:	3180      	adds	r1, #128	@ 0x80
10008386:	2800      	cmp	r0, #0
10008388:	d0f1      	beq.n	1000836e <signal+0x26>
1000838a:	c304      	stmia	r3!, {r2}
1000838c:	4299      	cmp	r1, r3
1000838e:	d1fc      	bne.n	1000838a <signal+0x42>
10008390:	e7e6      	b.n	10008360 <signal+0x18>
10008392:	46c0      	nop			@ (mov r8, r8)
10008394:	20001418 	.word	0x20001418

10008398 <_init_signal>:
10008398:	b570      	push	{r4, r5, r6, lr}
1000839a:	259c      	movs	r5, #156	@ 0x9c
1000839c:	4b0c      	ldr	r3, [pc, #48]	@ (100083d0 <_init_signal+0x38>)
1000839e:	006d      	lsls	r5, r5, #1
100083a0:	681c      	ldr	r4, [r3, #0]
100083a2:	5963      	ldr	r3, [r4, r5]
100083a4:	2b00      	cmp	r3, #0
100083a6:	d001      	beq.n	100083ac <_init_signal+0x14>
100083a8:	2000      	movs	r0, #0
100083aa:	bd70      	pop	{r4, r5, r6, pc}
100083ac:	2180      	movs	r1, #128	@ 0x80
100083ae:	0020      	movs	r0, r4
100083b0:	f7ff f958 	bl	10007664 <_malloc_r>
100083b4:	5160      	str	r0, [r4, r5]
100083b6:	2800      	cmp	r0, #0
100083b8:	d006      	beq.n	100083c8 <_init_signal+0x30>
100083ba:	0002      	movs	r2, r0
100083bc:	2300      	movs	r3, #0
100083be:	3280      	adds	r2, #128	@ 0x80
100083c0:	c008      	stmia	r0!, {r3}
100083c2:	4290      	cmp	r0, r2
100083c4:	d1fc      	bne.n	100083c0 <_init_signal+0x28>
100083c6:	e7ef      	b.n	100083a8 <_init_signal+0x10>
100083c8:	2001      	movs	r0, #1
100083ca:	4240      	negs	r0, r0
100083cc:	e7ed      	b.n	100083aa <_init_signal+0x12>
100083ce:	46c0      	nop			@ (mov r8, r8)
100083d0:	20001418 	.word	0x20001418

100083d4 <__sigtramp>:
100083d4:	4b18      	ldr	r3, [pc, #96]	@ (10008438 <__sigtramp+0x64>)
100083d6:	b570      	push	{r4, r5, r6, lr}
100083d8:	0004      	movs	r4, r0
100083da:	681d      	ldr	r5, [r3, #0]
100083dc:	281f      	cmp	r0, #31
100083de:	d827      	bhi.n	10008430 <__sigtramp+0x5c>
100083e0:	269c      	movs	r6, #156	@ 0x9c
100083e2:	0076      	lsls	r6, r6, #1
100083e4:	59ab      	ldr	r3, [r5, r6]
100083e6:	2b00      	cmp	r3, #0
100083e8:	d014      	beq.n	10008414 <__sigtramp+0x40>
100083ea:	00a2      	lsls	r2, r4, #2
100083ec:	189b      	adds	r3, r3, r2
100083ee:	681a      	ldr	r2, [r3, #0]
100083f0:	2a00      	cmp	r2, #0
100083f2:	d009      	beq.n	10008408 <__sigtramp+0x34>
100083f4:	1c51      	adds	r1, r2, #1
100083f6:	d00b      	beq.n	10008410 <__sigtramp+0x3c>
100083f8:	2a01      	cmp	r2, #1
100083fa:	d007      	beq.n	1000840c <__sigtramp+0x38>
100083fc:	2100      	movs	r1, #0
100083fe:	0020      	movs	r0, r4
10008400:	6019      	str	r1, [r3, #0]
10008402:	4790      	blx	r2
10008404:	2000      	movs	r0, #0
10008406:	bd70      	pop	{r4, r5, r6, pc}
10008408:	2001      	movs	r0, #1
1000840a:	e7fc      	b.n	10008406 <__sigtramp+0x32>
1000840c:	2003      	movs	r0, #3
1000840e:	e7fa      	b.n	10008406 <__sigtramp+0x32>
10008410:	2002      	movs	r0, #2
10008412:	e7f8      	b.n	10008406 <__sigtramp+0x32>
10008414:	2180      	movs	r1, #128	@ 0x80
10008416:	0028      	movs	r0, r5
10008418:	f7ff f924 	bl	10007664 <_malloc_r>
1000841c:	1e03      	subs	r3, r0, #0
1000841e:	51a8      	str	r0, [r5, r6]
10008420:	d006      	beq.n	10008430 <__sigtramp+0x5c>
10008422:	2100      	movs	r1, #0
10008424:	0002      	movs	r2, r0
10008426:	3080      	adds	r0, #128	@ 0x80
10008428:	c202      	stmia	r2!, {r1}
1000842a:	4290      	cmp	r0, r2
1000842c:	d1fc      	bne.n	10008428 <__sigtramp+0x54>
1000842e:	e7dc      	b.n	100083ea <__sigtramp+0x16>
10008430:	2001      	movs	r0, #1
10008432:	4240      	negs	r0, r0
10008434:	e7e7      	b.n	10008406 <__sigtramp+0x32>
10008436:	46c0      	nop			@ (mov r8, r8)
10008438:	20001418 	.word	0x20001418

1000843c <__env_lock>:
1000843c:	4770      	bx	lr
1000843e:	46c0      	nop			@ (mov r8, r8)

10008440 <__env_unlock>:
10008440:	4770      	bx	lr
10008442:	46c0      	nop			@ (mov r8, r8)

10008444 <strncmp>:
10008444:	b530      	push	{r4, r5, lr}
10008446:	2a00      	cmp	r2, #0
10008448:	d026      	beq.n	10008498 <strncmp+0x54>
1000844a:	0003      	movs	r3, r0
1000844c:	430b      	orrs	r3, r1
1000844e:	079b      	lsls	r3, r3, #30
10008450:	d124      	bne.n	1000849c <strncmp+0x58>
10008452:	2a03      	cmp	r2, #3
10008454:	d922      	bls.n	1000849c <strncmp+0x58>
10008456:	4d16      	ldr	r5, [pc, #88]	@ (100084b0 <strncmp+0x6c>)
10008458:	e00b      	b.n	10008472 <strncmp+0x2e>
1000845a:	3a04      	subs	r2, #4
1000845c:	2a00      	cmp	r2, #0
1000845e:	d01b      	beq.n	10008498 <strncmp+0x54>
10008460:	4c14      	ldr	r4, [pc, #80]	@ (100084b4 <strncmp+0x70>)
10008462:	191c      	adds	r4, r3, r4
10008464:	439c      	bics	r4, r3
10008466:	422c      	tst	r4, r5
10008468:	d116      	bne.n	10008498 <strncmp+0x54>
1000846a:	3004      	adds	r0, #4
1000846c:	3104      	adds	r1, #4
1000846e:	2a03      	cmp	r2, #3
10008470:	d914      	bls.n	1000849c <strncmp+0x58>
10008472:	6803      	ldr	r3, [r0, #0]
10008474:	680c      	ldr	r4, [r1, #0]
10008476:	42a3      	cmp	r3, r4
10008478:	d0ef      	beq.n	1000845a <strncmp+0x16>
1000847a:	7804      	ldrb	r4, [r0, #0]
1000847c:	780d      	ldrb	r5, [r1, #0]
1000847e:	42a5      	cmp	r5, r4
10008480:	d113      	bne.n	100084aa <strncmp+0x66>
10008482:	2301      	movs	r3, #1
10008484:	e006      	b.n	10008494 <strncmp+0x50>
10008486:	5cc4      	ldrb	r4, [r0, r3]
10008488:	5ccd      	ldrb	r5, [r1, r3]
1000848a:	42ac      	cmp	r4, r5
1000848c:	d10d      	bne.n	100084aa <strncmp+0x66>
1000848e:	3301      	adds	r3, #1
10008490:	429a      	cmp	r2, r3
10008492:	d001      	beq.n	10008498 <strncmp+0x54>
10008494:	2c00      	cmp	r4, #0
10008496:	d1f6      	bne.n	10008486 <strncmp+0x42>
10008498:	2000      	movs	r0, #0
1000849a:	bd30      	pop	{r4, r5, pc}
1000849c:	7804      	ldrb	r4, [r0, #0]
1000849e:	780d      	ldrb	r5, [r1, #0]
100084a0:	42ac      	cmp	r4, r5
100084a2:	d102      	bne.n	100084aa <strncmp+0x66>
100084a4:	2a01      	cmp	r2, #1
100084a6:	d1ec      	bne.n	10008482 <strncmp+0x3e>
100084a8:	e7f6      	b.n	10008498 <strncmp+0x54>
100084aa:	1b60      	subs	r0, r4, r5
100084ac:	e7f5      	b.n	1000849a <strncmp+0x56>
100084ae:	46c0      	nop			@ (mov r8, r8)
100084b0:	80808080 	.word	0x80808080
100084b4:	fefefeff 	.word	0xfefefeff

100084b8 <sysconf>:
100084b8:	2380      	movs	r3, #128	@ 0x80
100084ba:	b510      	push	{r4, lr}
100084bc:	015b      	lsls	r3, r3, #5
100084be:	2808      	cmp	r0, #8
100084c0:	d101      	bne.n	100084c6 <sysconf+0xe>
100084c2:	0018      	movs	r0, r3
100084c4:	bd10      	pop	{r4, pc}
100084c6:	f7ff fd3b 	bl	10007f40 <__errno>
100084ca:	2316      	movs	r3, #22
100084cc:	6003      	str	r3, [r0, #0]
100084ce:	3b17      	subs	r3, #23
100084d0:	e7f7      	b.n	100084c2 <sysconf+0xa>
100084d2:	46c0      	nop			@ (mov r8, r8)

100084d4 <register_fini>:
100084d4:	4b03      	ldr	r3, [pc, #12]	@ (100084e4 <register_fini+0x10>)
100084d6:	b510      	push	{r4, lr}
100084d8:	2b00      	cmp	r3, #0
100084da:	d002      	beq.n	100084e2 <register_fini+0xe>
100084dc:	4802      	ldr	r0, [pc, #8]	@ (100084e8 <register_fini+0x14>)
100084de:	f7ff fdf1 	bl	100080c4 <atexit>
100084e2:	bd10      	pop	{r4, pc}
100084e4:	00000000 	.word	0x00000000
100084e8:	1000757d 	.word	0x1000757d

100084ec <_strerror_r>:
100084ec:	b570      	push	{r4, r5, r6, lr}
100084ee:	000c      	movs	r4, r1
100084f0:	0011      	movs	r1, r2
100084f2:	2c8e      	cmp	r4, #142	@ 0x8e
100084f4:	d803      	bhi.n	100084fe <_strerror_r+0x12>
100084f6:	4a59      	ldr	r2, [pc, #356]	@ (1000865c <_strerror_r+0x170>)
100084f8:	00a5      	lsls	r5, r4, #2
100084fa:	5952      	ldr	r2, [r2, r5]
100084fc:	4697      	mov	pc, r2
100084fe:	2b00      	cmp	r3, #0
10008500:	d100      	bne.n	10008504 <_strerror_r+0x18>
10008502:	e0a9      	b.n	10008658 <_strerror_r+0x16c>
10008504:	001a      	movs	r2, r3
10008506:	0020      	movs	r0, r4
10008508:	f000 f97c 	bl	10008804 <_user_strerror>
1000850c:	2800      	cmp	r0, #0
1000850e:	d100      	bne.n	10008512 <_strerror_r+0x26>
10008510:	e0a0      	b.n	10008654 <_strerror_r+0x168>
10008512:	bd70      	pop	{r4, r5, r6, pc}
10008514:	4852      	ldr	r0, [pc, #328]	@ (10008660 <_strerror_r+0x174>)
10008516:	e7fc      	b.n	10008512 <_strerror_r+0x26>
10008518:	4852      	ldr	r0, [pc, #328]	@ (10008664 <_strerror_r+0x178>)
1000851a:	e7fa      	b.n	10008512 <_strerror_r+0x26>
1000851c:	4852      	ldr	r0, [pc, #328]	@ (10008668 <_strerror_r+0x17c>)
1000851e:	e7f8      	b.n	10008512 <_strerror_r+0x26>
10008520:	4852      	ldr	r0, [pc, #328]	@ (1000866c <_strerror_r+0x180>)
10008522:	e7f6      	b.n	10008512 <_strerror_r+0x26>
10008524:	4852      	ldr	r0, [pc, #328]	@ (10008670 <_strerror_r+0x184>)
10008526:	e7f4      	b.n	10008512 <_strerror_r+0x26>
10008528:	4852      	ldr	r0, [pc, #328]	@ (10008674 <_strerror_r+0x188>)
1000852a:	e7f2      	b.n	10008512 <_strerror_r+0x26>
1000852c:	4852      	ldr	r0, [pc, #328]	@ (10008678 <_strerror_r+0x18c>)
1000852e:	e7f0      	b.n	10008512 <_strerror_r+0x26>
10008530:	4852      	ldr	r0, [pc, #328]	@ (1000867c <_strerror_r+0x190>)
10008532:	e7ee      	b.n	10008512 <_strerror_r+0x26>
10008534:	4852      	ldr	r0, [pc, #328]	@ (10008680 <_strerror_r+0x194>)
10008536:	e7ec      	b.n	10008512 <_strerror_r+0x26>
10008538:	4852      	ldr	r0, [pc, #328]	@ (10008684 <_strerror_r+0x198>)
1000853a:	e7ea      	b.n	10008512 <_strerror_r+0x26>
1000853c:	4852      	ldr	r0, [pc, #328]	@ (10008688 <_strerror_r+0x19c>)
1000853e:	e7e8      	b.n	10008512 <_strerror_r+0x26>
10008540:	4852      	ldr	r0, [pc, #328]	@ (1000868c <_strerror_r+0x1a0>)
10008542:	e7e6      	b.n	10008512 <_strerror_r+0x26>
10008544:	4852      	ldr	r0, [pc, #328]	@ (10008690 <_strerror_r+0x1a4>)
10008546:	e7e4      	b.n	10008512 <_strerror_r+0x26>
10008548:	4852      	ldr	r0, [pc, #328]	@ (10008694 <_strerror_r+0x1a8>)
1000854a:	e7e2      	b.n	10008512 <_strerror_r+0x26>
1000854c:	4852      	ldr	r0, [pc, #328]	@ (10008698 <_strerror_r+0x1ac>)
1000854e:	e7e0      	b.n	10008512 <_strerror_r+0x26>
10008550:	4852      	ldr	r0, [pc, #328]	@ (1000869c <_strerror_r+0x1b0>)
10008552:	e7de      	b.n	10008512 <_strerror_r+0x26>
10008554:	4852      	ldr	r0, [pc, #328]	@ (100086a0 <_strerror_r+0x1b4>)
10008556:	e7dc      	b.n	10008512 <_strerror_r+0x26>
10008558:	4852      	ldr	r0, [pc, #328]	@ (100086a4 <_strerror_r+0x1b8>)
1000855a:	e7da      	b.n	10008512 <_strerror_r+0x26>
1000855c:	4852      	ldr	r0, [pc, #328]	@ (100086a8 <_strerror_r+0x1bc>)
1000855e:	e7d8      	b.n	10008512 <_strerror_r+0x26>
10008560:	4852      	ldr	r0, [pc, #328]	@ (100086ac <_strerror_r+0x1c0>)
10008562:	e7d6      	b.n	10008512 <_strerror_r+0x26>
10008564:	4852      	ldr	r0, [pc, #328]	@ (100086b0 <_strerror_r+0x1c4>)
10008566:	e7d4      	b.n	10008512 <_strerror_r+0x26>
10008568:	4852      	ldr	r0, [pc, #328]	@ (100086b4 <_strerror_r+0x1c8>)
1000856a:	e7d2      	b.n	10008512 <_strerror_r+0x26>
1000856c:	4852      	ldr	r0, [pc, #328]	@ (100086b8 <_strerror_r+0x1cc>)
1000856e:	e7d0      	b.n	10008512 <_strerror_r+0x26>
10008570:	4852      	ldr	r0, [pc, #328]	@ (100086bc <_strerror_r+0x1d0>)
10008572:	e7ce      	b.n	10008512 <_strerror_r+0x26>
10008574:	4852      	ldr	r0, [pc, #328]	@ (100086c0 <_strerror_r+0x1d4>)
10008576:	e7cc      	b.n	10008512 <_strerror_r+0x26>
10008578:	4852      	ldr	r0, [pc, #328]	@ (100086c4 <_strerror_r+0x1d8>)
1000857a:	e7ca      	b.n	10008512 <_strerror_r+0x26>
1000857c:	4852      	ldr	r0, [pc, #328]	@ (100086c8 <_strerror_r+0x1dc>)
1000857e:	e7c8      	b.n	10008512 <_strerror_r+0x26>
10008580:	4852      	ldr	r0, [pc, #328]	@ (100086cc <_strerror_r+0x1e0>)
10008582:	e7c6      	b.n	10008512 <_strerror_r+0x26>
10008584:	4852      	ldr	r0, [pc, #328]	@ (100086d0 <_strerror_r+0x1e4>)
10008586:	e7c4      	b.n	10008512 <_strerror_r+0x26>
10008588:	4852      	ldr	r0, [pc, #328]	@ (100086d4 <_strerror_r+0x1e8>)
1000858a:	e7c2      	b.n	10008512 <_strerror_r+0x26>
1000858c:	4852      	ldr	r0, [pc, #328]	@ (100086d8 <_strerror_r+0x1ec>)
1000858e:	e7c0      	b.n	10008512 <_strerror_r+0x26>
10008590:	4852      	ldr	r0, [pc, #328]	@ (100086dc <_strerror_r+0x1f0>)
10008592:	e7be      	b.n	10008512 <_strerror_r+0x26>
10008594:	4852      	ldr	r0, [pc, #328]	@ (100086e0 <_strerror_r+0x1f4>)
10008596:	e7bc      	b.n	10008512 <_strerror_r+0x26>
10008598:	4852      	ldr	r0, [pc, #328]	@ (100086e4 <_strerror_r+0x1f8>)
1000859a:	e7ba      	b.n	10008512 <_strerror_r+0x26>
1000859c:	4852      	ldr	r0, [pc, #328]	@ (100086e8 <_strerror_r+0x1fc>)
1000859e:	e7b8      	b.n	10008512 <_strerror_r+0x26>
100085a0:	4852      	ldr	r0, [pc, #328]	@ (100086ec <_strerror_r+0x200>)
100085a2:	e7b6      	b.n	10008512 <_strerror_r+0x26>
100085a4:	4852      	ldr	r0, [pc, #328]	@ (100086f0 <_strerror_r+0x204>)
100085a6:	e7b4      	b.n	10008512 <_strerror_r+0x26>
100085a8:	4852      	ldr	r0, [pc, #328]	@ (100086f4 <_strerror_r+0x208>)
100085aa:	e7b2      	b.n	10008512 <_strerror_r+0x26>
100085ac:	4852      	ldr	r0, [pc, #328]	@ (100086f8 <_strerror_r+0x20c>)
100085ae:	e7b0      	b.n	10008512 <_strerror_r+0x26>
100085b0:	4852      	ldr	r0, [pc, #328]	@ (100086fc <_strerror_r+0x210>)
100085b2:	e7ae      	b.n	10008512 <_strerror_r+0x26>
100085b4:	4852      	ldr	r0, [pc, #328]	@ (10008700 <_strerror_r+0x214>)
100085b6:	e7ac      	b.n	10008512 <_strerror_r+0x26>
100085b8:	4852      	ldr	r0, [pc, #328]	@ (10008704 <_strerror_r+0x218>)
100085ba:	e7aa      	b.n	10008512 <_strerror_r+0x26>
100085bc:	4852      	ldr	r0, [pc, #328]	@ (10008708 <_strerror_r+0x21c>)
100085be:	e7a8      	b.n	10008512 <_strerror_r+0x26>
100085c0:	4852      	ldr	r0, [pc, #328]	@ (1000870c <_strerror_r+0x220>)
100085c2:	e7a6      	b.n	10008512 <_strerror_r+0x26>
100085c4:	4852      	ldr	r0, [pc, #328]	@ (10008710 <_strerror_r+0x224>)
100085c6:	e7a4      	b.n	10008512 <_strerror_r+0x26>
100085c8:	4852      	ldr	r0, [pc, #328]	@ (10008714 <_strerror_r+0x228>)
100085ca:	e7a2      	b.n	10008512 <_strerror_r+0x26>
100085cc:	4852      	ldr	r0, [pc, #328]	@ (10008718 <_strerror_r+0x22c>)
100085ce:	e7a0      	b.n	10008512 <_strerror_r+0x26>
100085d0:	4852      	ldr	r0, [pc, #328]	@ (1000871c <_strerror_r+0x230>)
100085d2:	e79e      	b.n	10008512 <_strerror_r+0x26>
100085d4:	4852      	ldr	r0, [pc, #328]	@ (10008720 <_strerror_r+0x234>)
100085d6:	e79c      	b.n	10008512 <_strerror_r+0x26>
100085d8:	4852      	ldr	r0, [pc, #328]	@ (10008724 <_strerror_r+0x238>)
100085da:	e79a      	b.n	10008512 <_strerror_r+0x26>
100085dc:	4852      	ldr	r0, [pc, #328]	@ (10008728 <_strerror_r+0x23c>)
100085de:	e798      	b.n	10008512 <_strerror_r+0x26>
100085e0:	4852      	ldr	r0, [pc, #328]	@ (1000872c <_strerror_r+0x240>)
100085e2:	e796      	b.n	10008512 <_strerror_r+0x26>
100085e4:	4852      	ldr	r0, [pc, #328]	@ (10008730 <_strerror_r+0x244>)
100085e6:	e794      	b.n	10008512 <_strerror_r+0x26>
100085e8:	4852      	ldr	r0, [pc, #328]	@ (10008734 <_strerror_r+0x248>)
100085ea:	e792      	b.n	10008512 <_strerror_r+0x26>
100085ec:	4852      	ldr	r0, [pc, #328]	@ (10008738 <_strerror_r+0x24c>)
100085ee:	e790      	b.n	10008512 <_strerror_r+0x26>
100085f0:	4852      	ldr	r0, [pc, #328]	@ (1000873c <_strerror_r+0x250>)
100085f2:	e78e      	b.n	10008512 <_strerror_r+0x26>
100085f4:	4852      	ldr	r0, [pc, #328]	@ (10008740 <_strerror_r+0x254>)
100085f6:	e78c      	b.n	10008512 <_strerror_r+0x26>
100085f8:	4852      	ldr	r0, [pc, #328]	@ (10008744 <_strerror_r+0x258>)
100085fa:	e78a      	b.n	10008512 <_strerror_r+0x26>
100085fc:	4852      	ldr	r0, [pc, #328]	@ (10008748 <_strerror_r+0x25c>)
100085fe:	e788      	b.n	10008512 <_strerror_r+0x26>
10008600:	4852      	ldr	r0, [pc, #328]	@ (1000874c <_strerror_r+0x260>)
10008602:	e786      	b.n	10008512 <_strerror_r+0x26>
10008604:	4852      	ldr	r0, [pc, #328]	@ (10008750 <_strerror_r+0x264>)
10008606:	e784      	b.n	10008512 <_strerror_r+0x26>
10008608:	4852      	ldr	r0, [pc, #328]	@ (10008754 <_strerror_r+0x268>)
1000860a:	e782      	b.n	10008512 <_strerror_r+0x26>
1000860c:	4852      	ldr	r0, [pc, #328]	@ (10008758 <_strerror_r+0x26c>)
1000860e:	e780      	b.n	10008512 <_strerror_r+0x26>
10008610:	4852      	ldr	r0, [pc, #328]	@ (1000875c <_strerror_r+0x270>)
10008612:	e77e      	b.n	10008512 <_strerror_r+0x26>
10008614:	4852      	ldr	r0, [pc, #328]	@ (10008760 <_strerror_r+0x274>)
10008616:	e77c      	b.n	10008512 <_strerror_r+0x26>
10008618:	4852      	ldr	r0, [pc, #328]	@ (10008764 <_strerror_r+0x278>)
1000861a:	e77a      	b.n	10008512 <_strerror_r+0x26>
1000861c:	4852      	ldr	r0, [pc, #328]	@ (10008768 <_strerror_r+0x27c>)
1000861e:	e778      	b.n	10008512 <_strerror_r+0x26>
10008620:	4852      	ldr	r0, [pc, #328]	@ (1000876c <_strerror_r+0x280>)
10008622:	e776      	b.n	10008512 <_strerror_r+0x26>
10008624:	4852      	ldr	r0, [pc, #328]	@ (10008770 <_strerror_r+0x284>)
10008626:	e774      	b.n	10008512 <_strerror_r+0x26>
10008628:	4852      	ldr	r0, [pc, #328]	@ (10008774 <_strerror_r+0x288>)
1000862a:	e772      	b.n	10008512 <_strerror_r+0x26>
1000862c:	4852      	ldr	r0, [pc, #328]	@ (10008778 <_strerror_r+0x28c>)
1000862e:	e770      	b.n	10008512 <_strerror_r+0x26>
10008630:	4852      	ldr	r0, [pc, #328]	@ (1000877c <_strerror_r+0x290>)
10008632:	e76e      	b.n	10008512 <_strerror_r+0x26>
10008634:	4852      	ldr	r0, [pc, #328]	@ (10008780 <_strerror_r+0x294>)
10008636:	e76c      	b.n	10008512 <_strerror_r+0x26>
10008638:	4852      	ldr	r0, [pc, #328]	@ (10008784 <_strerror_r+0x298>)
1000863a:	e76a      	b.n	10008512 <_strerror_r+0x26>
1000863c:	4852      	ldr	r0, [pc, #328]	@ (10008788 <_strerror_r+0x29c>)
1000863e:	e768      	b.n	10008512 <_strerror_r+0x26>
10008640:	4852      	ldr	r0, [pc, #328]	@ (1000878c <_strerror_r+0x2a0>)
10008642:	e766      	b.n	10008512 <_strerror_r+0x26>
10008644:	4852      	ldr	r0, [pc, #328]	@ (10008790 <_strerror_r+0x2a4>)
10008646:	e764      	b.n	10008512 <_strerror_r+0x26>
10008648:	4852      	ldr	r0, [pc, #328]	@ (10008794 <_strerror_r+0x2a8>)
1000864a:	e762      	b.n	10008512 <_strerror_r+0x26>
1000864c:	4852      	ldr	r0, [pc, #328]	@ (10008798 <_strerror_r+0x2ac>)
1000864e:	e760      	b.n	10008512 <_strerror_r+0x26>
10008650:	4852      	ldr	r0, [pc, #328]	@ (1000879c <_strerror_r+0x2b0>)
10008652:	e75e      	b.n	10008512 <_strerror_r+0x26>
10008654:	4852      	ldr	r0, [pc, #328]	@ (100087a0 <_strerror_r+0x2b4>)
10008656:	e75c      	b.n	10008512 <_strerror_r+0x26>
10008658:	0003      	movs	r3, r0
1000865a:	e753      	b.n	10008504 <_strerror_r+0x18>
1000865c:	100098a0 	.word	0x100098a0
10008660:	100091c0 	.word	0x100091c0
10008664:	100091a8 	.word	0x100091a8
10008668:	10009160 	.word	0x10009160
1000866c:	10009178 	.word	0x10009178
10008670:	10008d64 	.word	0x10008d64
10008674:	10009124 	.word	0x10009124
10008678:	10008f98 	.word	0x10008f98
1000867c:	10009220 	.word	0x10009220
10008680:	10008c2c 	.word	0x10008c2c
10008684:	10008bf4 	.word	0x10008bf4
10008688:	10009194 	.word	0x10009194
1000868c:	100091f8 	.word	0x100091f8
10008690:	10008ef0 	.word	0x10008ef0
10008694:	10008e28 	.word	0x10008e28
10008698:	10008cfc 	.word	0x10008cfc
1000869c:	10008dfc 	.word	0x10008dfc
100086a0:	10008cec 	.word	0x10008cec
100086a4:	10009234 	.word	0x10009234
100086a8:	10008d40 	.word	0x10008d40
100086ac:	10008f14 	.word	0x10008f14
100086b0:	1000913c 	.word	0x1000913c
100086b4:	1000910c 	.word	0x1000910c
100086b8:	100090dc 	.word	0x100090dc
100086bc:	100090c4 	.word	0x100090c4
100086c0:	100090a4 	.word	0x100090a4
100086c4:	10009084 	.word	0x10009084
100086c8:	10009054 	.word	0x10009054
100086cc:	10009030 	.word	0x10009030
100086d0:	100090f0 	.word	0x100090f0
100086d4:	100091d4 	.word	0x100091d4
100086d8:	10009018 	.word	0x10009018
100086dc:	10008ffc 	.word	0x10008ffc
100086e0:	10008fe8 	.word	0x10008fe8
100086e4:	10008fcc 	.word	0x10008fcc
100086e8:	10008fc0 	.word	0x10008fc0
100086ec:	10008fac 	.word	0x10008fac
100086f0:	10008f88 	.word	0x10008f88
100086f4:	10008f70 	.word	0x10008f70
100086f8:	10008f5c 	.word	0x10008f5c
100086fc:	10008f44 	.word	0x10008f44
10008700:	1000904c 	.word	0x1000904c
10008704:	10008f34 	.word	0x10008f34
10008708:	10008f2c 	.word	0x10008f2c
1000870c:	10008f08 	.word	0x10008f08
10008710:	10008edc 	.word	0x10008edc
10008714:	10008ec0 	.word	0x10008ec0
10008718:	10008eac 	.word	0x10008eac
1000871c:	10008e7c 	.word	0x10008e7c
10008720:	10008e70 	.word	0x10008e70
10008724:	10008e60 	.word	0x10008e60
10008728:	10008e48 	.word	0x10008e48
1000872c:	10008e38 	.word	0x10008e38
10008730:	10008e10 	.word	0x10008e10
10008734:	10008dec 	.word	0x10008dec
10008738:	10008ddc 	.word	0x10008ddc
1000873c:	10008dc4 	.word	0x10008dc4
10008740:	10008da4 	.word	0x10008da4
10008744:	10008d84 	.word	0x10008d84
10008748:	10008d2c 	.word	0x10008d2c
1000874c:	10008d1c 	.word	0x10008d1c
10008750:	10008cdc 	.word	0x10008cdc
10008754:	10008ccc 	.word	0x10008ccc
10008758:	10008cb8 	.word	0x10008cb8
1000875c:	10008cac 	.word	0x10008cac
10008760:	10008c94 	.word	0x10008c94
10008764:	10008c88 	.word	0x10008c88
10008768:	10008c74 	.word	0x10008c74
1000876c:	10008c60 	.word	0x10008c60
10008770:	10008c4c 	.word	0x10008c4c
10008774:	10008c20 	.word	0x10008c20
10008778:	10008c10 	.word	0x10008c10
1000877c:	10008be0 	.word	0x10008be0
10008780:	10008bcc 	.word	0x10008bcc
10008784:	10008bb0 	.word	0x10008bb0
10008788:	10008ba4 	.word	0x10008ba4
1000878c:	10008b8c 	.word	0x10008b8c
10008790:	10008b7c 	.word	0x10008b7c
10008794:	10008b60 	.word	0x10008b60
10008798:	10008b54 	.word	0x10008b54
1000879c:	10008b4c 	.word	0x10008b4c
100087a0:	10008a50 	.word	0x10008a50

100087a4 <strerror>:
100087a4:	b510      	push	{r4, lr}
100087a6:	4b04      	ldr	r3, [pc, #16]	@ (100087b8 <strerror+0x14>)
100087a8:	0001      	movs	r1, r0
100087aa:	6818      	ldr	r0, [r3, #0]
100087ac:	2200      	movs	r2, #0
100087ae:	2300      	movs	r3, #0
100087b0:	f7ff fe9c 	bl	100084ec <_strerror_r>
100087b4:	bd10      	pop	{r4, pc}
100087b6:	46c0      	nop			@ (mov r8, r8)
100087b8:	20001418 	.word	0x20001418

100087bc <strerror_l>:
100087bc:	b510      	push	{r4, lr}
100087be:	4b04      	ldr	r3, [pc, #16]	@ (100087d0 <strerror_l+0x14>)
100087c0:	0001      	movs	r1, r0
100087c2:	6818      	ldr	r0, [r3, #0]
100087c4:	2200      	movs	r2, #0
100087c6:	2300      	movs	r3, #0
100087c8:	f7ff fe90 	bl	100084ec <_strerror_r>
100087cc:	bd10      	pop	{r4, pc}
100087ce:	46c0      	nop			@ (mov r8, r8)
100087d0:	20001418 	.word	0x20001418

100087d4 <_kill_r>:
100087d4:	2300      	movs	r3, #0
100087d6:	b570      	push	{r4, r5, r6, lr}
100087d8:	4d07      	ldr	r5, [pc, #28]	@ (100087f8 <_kill_r+0x24>)
100087da:	0004      	movs	r4, r0
100087dc:	0008      	movs	r0, r1
100087de:	0011      	movs	r1, r2
100087e0:	602b      	str	r3, [r5, #0]
100087e2:	f7fc fd7b 	bl	100052dc <_kill>
100087e6:	1c43      	adds	r3, r0, #1
100087e8:	d000      	beq.n	100087ec <_kill_r+0x18>
100087ea:	bd70      	pop	{r4, r5, r6, pc}
100087ec:	682b      	ldr	r3, [r5, #0]
100087ee:	2b00      	cmp	r3, #0
100087f0:	d0fb      	beq.n	100087ea <_kill_r+0x16>
100087f2:	6023      	str	r3, [r4, #0]
100087f4:	e7f9      	b.n	100087ea <_kill_r+0x16>
100087f6:	46c0      	nop			@ (mov r8, r8)
100087f8:	20002408 	.word	0x20002408

100087fc <_getpid_r>:
100087fc:	b510      	push	{r4, lr}
100087fe:	f7fc fd6b 	bl	100052d8 <_getpid>
10008802:	bd10      	pop	{r4, pc}

10008804 <_user_strerror>:
10008804:	2000      	movs	r0, #0
10008806:	4770      	bx	lr

10008808 <_fini>:
10008808:	b5f8      	push	{r3, r4, r5, r6, r7, lr}
1000880a:	46c0      	nop			@ (mov r8, r8)
1000880c:	0000      	movs	r0, r0
	...

10008810 <___Unwind_GetTextRelBase_veneer>:
10008810:	b401      	push	{r0}
10008812:	4802      	ldr	r0, [pc, #8]	@ (1000881c <___Unwind_GetTextRelBase_veneer+0xc>)
10008814:	4684      	mov	ip, r0
10008816:	bc01      	pop	{r0}
10008818:	4760      	bx	ip
1000881a:	bf00      	nop
1000881c:	20001323 	.word	0x20001323

10008820 <__mutex_exit_veneer>:
10008820:	b401      	push	{r0}
10008822:	4802      	ldr	r0, [pc, #8]	@ (1000882c <__mutex_exit_veneer+0xc>)
10008824:	4684      	mov	ip, r0
10008826:	bc01      	pop	{r0}
10008828:	4760      	bx	ip
1000882a:	bf00      	nop
1000882c:	20000159 	.word	0x20000159

10008830 <____aeabi_ldiv0_veneer>:
10008830:	b401      	push	{r0}
10008832:	4802      	ldr	r0, [pc, #8]	@ (1000883c <____aeabi_ldiv0_veneer+0xc>)
10008834:	4684      	mov	ip, r0
10008836:	bc01      	pop	{r0}
10008838:	4760      	bx	ip
1000883a:	bf00      	nop
1000883c:	200003cd 	.word	0x200003cd

10008840 <___Unwind_VRS_Set_veneer>:
10008840:	b401      	push	{r0}
10008842:	4802      	ldr	r0, [pc, #8]	@ (1000884c <___Unwind_VRS_Set_veneer+0xc>)
10008844:	4684      	mov	ip, r0
10008846:	bc01      	pop	{r0}
10008848:	4760      	bx	ip
1000884a:	bf00      	nop
1000884c:	200007cd 	.word	0x200007cd

10008850 <____gnu_unwind_frame_veneer>:
10008850:	b401      	push	{r0}
10008852:	4802      	ldr	r0, [pc, #8]	@ (1000885c <____gnu_unwind_frame_veneer+0xc>)
10008854:	4684      	mov	ip, r0
10008856:	bc01      	pop	{r0}
10008858:	4760      	bx	ip
1000885a:	bf00      	nop
1000885c:	200012d5 	.word	0x200012d5

10008860 <__flash_range_program_veneer>:
10008860:	b401      	push	{r0}
10008862:	4802      	ldr	r0, [pc, #8]	@ (1000886c <__flash_range_program_veneer+0xc>)
10008864:	4684      	mov	ip, r0
10008866:	bc01      	pop	{r0}
10008868:	4760      	bx	ip
1000886a:	bf00      	nop
1000886c:	2000033d 	.word	0x2000033d

10008870 <___Unwind_DeleteException_veneer>:
10008870:	b401      	push	{r0}
10008872:	4802      	ldr	r0, [pc, #8]	@ (1000887c <___Unwind_DeleteException_veneer+0xc>)
10008874:	4684      	mov	ip, r0
10008876:	bc01      	pop	{r0}
10008878:	4760      	bx	ip
1000887a:	bf00      	nop
1000887c:	20000761 	.word	0x20000761

10008880 <___Unwind_GetDataRelBase_veneer>:
10008880:	b401      	push	{r0}
10008882:	4802      	ldr	r0, [pc, #8]	@ (1000888c <___Unwind_GetDataRelBase_veneer+0xc>)
10008884:	4684      	mov	ip, r0
10008886:	bc01      	pop	{r0}
10008888:	4760      	bx	ip
1000888a:	bf00      	nop
1000888c:	2000131d 	.word	0x2000131d

10008890 <____aeabi_idiv0_veneer>:
10008890:	b401      	push	{r0}
10008892:	4802      	ldr	r0, [pc, #8]	@ (1000889c <____aeabi_idiv0_veneer+0xc>)
10008894:	4684      	mov	ip, r0
10008896:	bc01      	pop	{r0}
10008898:	4760      	bx	ip
1000889a:	bf00      	nop
1000889c:	200003cd 	.word	0x200003cd

100088a0 <___Unwind_Resume_veneer>:
100088a0:	b401      	push	{r0}
100088a2:	4802      	ldr	r0, [pc, #8]	@ (100088ac <___Unwind_Resume_veneer+0xc>)
100088a4:	4684      	mov	ip, r0
100088a6:	bc01      	pop	{r0}
100088a8:	4760      	bx	ip
100088aa:	bf00      	nop
100088ac:	20000ecd 	.word	0x20000ecd

100088b0 <___Unwind_Complete_veneer>:
100088b0:	b401      	push	{r0}
100088b2:	4802      	ldr	r0, [pc, #8]	@ (100088bc <___Unwind_Complete_veneer+0xc>)
100088b4:	4684      	mov	ip, r0
100088b6:	bc01      	pop	{r0}
100088b8:	4760      	bx	ip
100088ba:	bf00      	nop
100088bc:	2000075d 	.word	0x2000075d

100088c0 <__flash_range_erase_veneer>:
100088c0:	b401      	push	{r0}
100088c2:	4802      	ldr	r0, [pc, #8]	@ (100088cc <__flash_range_erase_veneer+0xc>)
100088c4:	4684      	mov	ip, r0
100088c6:	bc01      	pop	{r0}
100088c8:	4760      	bx	ip
100088ca:	bf00      	nop
100088cc:	200002ad 	.word	0x200002ad

100088d0 <___Unwind_GetRegionStart_veneer>:
100088d0:	b401      	push	{r0}
100088d2:	4802      	ldr	r0, [pc, #8]	@ (100088dc <___Unwind_GetRegionStart_veneer+0xc>)
100088d4:	4684      	mov	ip, r0
100088d6:	bc01      	pop	{r0}
100088d8:	4760      	bx	ip
100088da:	bf00      	nop
100088dc:	200012fd 	.word	0x200012fd

100088e0 <__spi_write_read_blocking_veneer>:
100088e0:	b401      	push	{r0}
100088e2:	4802      	ldr	r0, [pc, #8]	@ (100088ec <__spi_write_read_blocking_veneer+0xc>)
100088e4:	4684      	mov	ip, r0
100088e6:	bc01      	pop	{r0}
100088e8:	4760      	bx	ip
100088ea:	bf00      	nop
100088ec:	20000181 	.word	0x20000181

100088f0 <__mutex_try_enter_block_until_veneer>:
100088f0:	b401      	push	{r0}
100088f2:	4802      	ldr	r0, [pc, #8]	@ (100088fc <__mutex_try_enter_block_until_veneer+0xc>)
100088f4:	4684      	mov	ip, r0
100088f6:	bc01      	pop	{r0}
100088f8:	4760      	bx	ip
100088fa:	bf00      	nop
100088fc:	200000c1 	.word	0x200000c1

10008900 <___Unwind_VRS_Get_veneer>:
10008900:	b401      	push	{r0}
10008902:	4802      	ldr	r0, [pc, #8]	@ (1000890c <___Unwind_VRS_Get_veneer+0xc>)
10008904:	4684      	mov	ip, r0
10008906:	bc01      	pop	{r0}
10008908:	4760      	bx	ip
1000890a:	bf00      	nop
1000890c:	20000771 	.word	0x20000771

10008910 <___Unwind_Resume_or_Rethrow_veneer>:
10008910:	b401      	push	{r0}
10008912:	4802      	ldr	r0, [pc, #8]	@ (1000891c <___Unwind_Resume_or_Rethrow_veneer+0xc>)
10008914:	4684      	mov	ip, r0
10008916:	bc01      	pop	{r0}
10008918:	4760      	bx	ip
1000891a:	bf00      	nop
1000891c:	20000efd 	.word	0x20000efd

10008920 <___Unwind_RaiseException_veneer>:
10008920:	b401      	push	{r0}
10008922:	4802      	ldr	r0, [pc, #8]	@ (1000892c <___Unwind_RaiseException_veneer+0xc>)
10008924:	4684      	mov	ip, r0
10008926:	bc01      	pop	{r0}
10008928:	4760      	bx	ip
1000892a:	bf00      	nop
1000892c:	20000e9d 	.word	0x20000e9d

10008930 <___Unwind_GetLanguageSpecificData_veneer>:
10008930:	b401      	push	{r0}
10008932:	4802      	ldr	r0, [pc, #8]	@ (1000893c <___Unwind_GetLanguageSpecificData_veneer+0xc>)
10008934:	4684      	mov	ip, r0
10008936:	bc01      	pop	{r0}
10008938:	4760      	bx	ip
1000893a:	bf00      	nop
1000893c:	20001309 	.word	0x20001309

10008940 <__pre_init_runtime_init_early_resets>:
10008940:	10002965                                e)..

10008944 <__pre_init_runtime_init_usb_power_down>:
10008944:	10002991 10002b75 10003951 10003219     .)..u+..Q9...2..
10008954:	10003865                                e8..

10008958 <__pre_init_runtime_init_clocks>:
10008958:	10002a9d                                .*..

1000895c <__pre_init_runtime_init_post_clock_resets>:
1000895c:	100029ad                                .)..

10008960 <__pre_init_runtime_init_rp2040_gpio_ie_disable>:
10008960:	100029cd                                .)..

10008964 <__pre_init_runtime_init_spin_locks_reset>:
10008964:	100029e1                                .)..

10008968 <__pre_init_runtime_init_mutex>:
10008968:	10001c35                                5...

1000896c <__pre_init_runtime_init_install_ram_vector_table>:
1000896c:	100029e9                                .)..

10008970 <__pre_init_runtime_init_default_alarm_pool>:
10008970:	10001fb5                                ....

10008974 <__pre_init_first_per_core_initializer>:
10008974:	1000292d                                -)..

10008978 <__pre_init_runtime_init_per_core_irq_priorities>:
10008978:	10001b89                                ....

1000897c <__init_array_start>:
1000897c:	100084d5 	.word	0x100084d5

10008980 <__frame_dummy_init_array_entry>:
10008980:	100002fd 10006ab5 10007211              .....j...r..

Disassembly of section .data:

200000c0 <mutex_try_enter_block_until>:
200000c0:	b5f0      	push	{r4, r5, r6, r7, lr}
200000c2:	46c6      	mov	lr, r8
200000c4:	0015      	movs	r5, r2
200000c6:	b500      	push	{lr}
200000c8:	0004      	movs	r4, r0
200000ca:	001e      	movs	r6, r3
200000cc:	6802      	ldr	r2, [r0, #0]
200000ce:	f3ef 8110 	mrs	r1, PRIMASK
200000d2:	b672      	cpsid	i
200000d4:	6813      	ldr	r3, [r2, #0]
200000d6:	2b00      	cmp	r3, #0
200000d8:	d0fc      	beq.n	200000d4 <mutex_try_enter_block_until+0x14>
200000da:	f3bf 8f5f 	dmb	sy
200000de:	2304      	movs	r3, #4
200000e0:	56e3      	ldrsb	r3, [r4, r3]
200000e2:	6822      	ldr	r2, [r4, #0]
200000e4:	2b00      	cmp	r3, #0
200000e6:	db2b      	blt.n	20000140 <mutex_try_enter_block_until+0x80>
200000e8:	f3bf 8f5f 	dmb	sy
200000ec:	2000      	movs	r0, #0
200000ee:	6010      	str	r0, [r2, #0]
200000f0:	f381 8810 	msr	PRIMASK, r1
200000f4:	22d0      	movs	r2, #208	@ 0xd0
200000f6:	0612      	lsls	r2, r2, #24
200000f8:	7812      	ldrb	r2, [r2, #0]
200000fa:	2700      	movs	r7, #0
200000fc:	b252      	sxtb	r2, r2
200000fe:	4690      	mov	r8, r2
20000100:	429a      	cmp	r2, r3
20000102:	d10e      	bne.n	20000122 <mutex_try_enter_block_until+0x62>
20000104:	2000      	movs	r0, #0
20000106:	bc80      	pop	{r7}
20000108:	46b8      	mov	r8, r7
2000010a:	bdf0      	pop	{r4, r5, r6, r7, pc}
2000010c:	f3bf 8f5f 	dmb	sy
20000110:	6017      	str	r7, [r2, #0]
20000112:	f381 8810 	msr	PRIMASK, r1
20000116:	0028      	movs	r0, r5
20000118:	0031      	movs	r1, r6
2000011a:	f001 f92d 	bl	20001378 <__best_effort_wfe_or_timeout_veneer>
2000011e:	2800      	cmp	r0, #0
20000120:	d1f0      	bne.n	20000104 <mutex_try_enter_block_until+0x44>
20000122:	6822      	ldr	r2, [r4, #0]
20000124:	f3ef 8110 	mrs	r1, PRIMASK
20000128:	b672      	cpsid	i
2000012a:	6813      	ldr	r3, [r2, #0]
2000012c:	2b00      	cmp	r3, #0
2000012e:	d0fc      	beq.n	2000012a <mutex_try_enter_block_until+0x6a>
20000130:	f3bf 8f5f 	dmb	sy
20000134:	7923      	ldrb	r3, [r4, #4]
20000136:	6822      	ldr	r2, [r4, #0]
20000138:	2b7f      	cmp	r3, #127	@ 0x7f
2000013a:	d9e7      	bls.n	2000010c <mutex_try_enter_block_until+0x4c>
2000013c:	4643      	mov	r3, r8
2000013e:	e002      	b.n	20000146 <mutex_try_enter_block_until+0x86>
20000140:	23d0      	movs	r3, #208	@ 0xd0
20000142:	061b      	lsls	r3, r3, #24
20000144:	681b      	ldr	r3, [r3, #0]
20000146:	7123      	strb	r3, [r4, #4]
20000148:	f3bf 8f5f 	dmb	sy
2000014c:	2300      	movs	r3, #0
2000014e:	6013      	str	r3, [r2, #0]
20000150:	f381 8810 	msr	PRIMASK, r1
20000154:	2001      	movs	r0, #1
20000156:	e7d6      	b.n	20000106 <mutex_try_enter_block_until+0x46>

20000158 <mutex_exit>:
20000158:	6802      	ldr	r2, [r0, #0]
2000015a:	f3ef 8110 	mrs	r1, PRIMASK
2000015e:	b672      	cpsid	i
20000160:	6813      	ldr	r3, [r2, #0]
20000162:	2b00      	cmp	r3, #0
20000164:	d0fc      	beq.n	20000160 <mutex_exit+0x8>
20000166:	f3bf 8f5f 	dmb	sy
2000016a:	23ff      	movs	r3, #255	@ 0xff
2000016c:	7103      	strb	r3, [r0, #4]
2000016e:	6803      	ldr	r3, [r0, #0]
20000170:	f3bf 8f5f 	dmb	sy
20000174:	2200      	movs	r2, #0
20000176:	601a      	str	r2, [r3, #0]
20000178:	f381 8810 	msr	PRIMASK, r1
2000017c:	bf40      	sev
2000017e:	4770      	bx	lr

20000180 <spi_write_read_blocking>:
20000180:	b5f0      	push	{r4, r5, r6, r7, lr}
20000182:	46ce      	mov	lr, r9
20000184:	4647      	mov	r7, r8
20000186:	0005      	movs	r5, r0
20000188:	001e      	movs	r6, r3
2000018a:	0018      	movs	r0, r3
2000018c:	001c      	movs	r4, r3
2000018e:	2304      	movs	r3, #4
20000190:	b580      	push	{r7, lr}
20000192:	4689      	mov	r9, r1
20000194:	2702      	movs	r7, #2
20000196:	469c      	mov	ip, r3
20000198:	2800      	cmp	r0, #0
2000019a:	d031      	beq.n	20000200 <spi_write_read_blocking+0x80>
2000019c:	2e00      	cmp	r6, #0
2000019e:	d033      	beq.n	20000208 <spi_write_read_blocking+0x88>
200001a0:	68eb      	ldr	r3, [r5, #12]
200001a2:	421f      	tst	r7, r3
200001a4:	d01a      	beq.n	200001dc <spi_write_read_blocking+0x5c>
200001a6:	0033      	movs	r3, r6
200001a8:	3308      	adds	r3, #8
200001aa:	42a3      	cmp	r3, r4
200001ac:	d80f      	bhi.n	200001ce <spi_write_read_blocking+0x4e>
200001ae:	2c00      	cmp	r4, #0
200001b0:	d12d      	bne.n	2000020e <spi_write_read_blocking+0x8e>
200001b2:	2302      	movs	r3, #2
200001b4:	68e9      	ldr	r1, [r5, #12]
200001b6:	420b      	tst	r3, r1
200001b8:	d136      	bne.n	20000228 <spi_write_read_blocking+0xa8>
200001ba:	2e00      	cmp	r6, #0
200001bc:	d020      	beq.n	20000200 <spi_write_read_blocking+0x80>
200001be:	68eb      	ldr	r3, [r5, #12]
200001c0:	2400      	movs	r4, #0
200001c2:	421f      	tst	r7, r3
200001c4:	d0fb      	beq.n	200001be <spi_write_read_blocking+0x3e>
200001c6:	0033      	movs	r3, r6
200001c8:	3308      	adds	r3, #8
200001ca:	42a3      	cmp	r3, r4
200001cc:	d9ef      	bls.n	200001ae <spi_write_read_blocking+0x2e>
200001ce:	464b      	mov	r3, r9
200001d0:	781b      	ldrb	r3, [r3, #0]
200001d2:	3e01      	subs	r6, #1
200001d4:	60ab      	str	r3, [r5, #8]
200001d6:	2301      	movs	r3, #1
200001d8:	4698      	mov	r8, r3
200001da:	44c1      	add	r9, r8
200001dc:	2c00      	cmp	r4, #0
200001de:	d0ec      	beq.n	200001ba <spi_write_read_blocking+0x3a>
200001e0:	4661      	mov	r1, ip
200001e2:	68eb      	ldr	r3, [r5, #12]
200001e4:	4219      	tst	r1, r3
200001e6:	d115      	bne.n	20000214 <spi_write_read_blocking+0x94>
200001e8:	2e00      	cmp	r6, #0
200001ea:	d1d9      	bne.n	200001a0 <spi_write_read_blocking+0x20>
200001ec:	2104      	movs	r1, #4
200001ee:	68eb      	ldr	r3, [r5, #12]
200001f0:	4219      	tst	r1, r3
200001f2:	d0fc      	beq.n	200001ee <spi_write_read_blocking+0x6e>
200001f4:	68ab      	ldr	r3, [r5, #8]
200001f6:	3c01      	subs	r4, #1
200001f8:	7013      	strb	r3, [r2, #0]
200001fa:	3201      	adds	r2, #1
200001fc:	2c00      	cmp	r4, #0
200001fe:	d1f5      	bne.n	200001ec <spi_write_read_blocking+0x6c>
20000200:	bcc0      	pop	{r6, r7}
20000202:	46b9      	mov	r9, r7
20000204:	46b0      	mov	r8, r6
20000206:	bdf0      	pop	{r4, r5, r6, r7, pc}
20000208:	2c00      	cmp	r4, #0
2000020a:	d0f9      	beq.n	20000200 <spi_write_read_blocking+0x80>
2000020c:	e7ee      	b.n	200001ec <spi_write_read_blocking+0x6c>
2000020e:	68eb      	ldr	r3, [r5, #12]
20000210:	075b      	lsls	r3, r3, #29
20000212:	d5c5      	bpl.n	200001a0 <spi_write_read_blocking+0x20>
20000214:	68ab      	ldr	r3, [r5, #8]
20000216:	3c01      	subs	r4, #1
20000218:	7013      	strb	r3, [r2, #0]
2000021a:	0023      	movs	r3, r4
2000021c:	1c51      	adds	r1, r2, #1
2000021e:	4688      	mov	r8, r1
20000220:	4333      	orrs	r3, r6
20000222:	d0ed      	beq.n	20000200 <spi_write_read_blocking+0x80>
20000224:	4642      	mov	r2, r8
20000226:	e7b9      	b.n	2000019c <spi_write_read_blocking+0x1c>
20000228:	0031      	movs	r1, r6
2000022a:	3108      	adds	r1, #8
2000022c:	d1cf      	bne.n	200001ce <spi_write_read_blocking+0x4e>
2000022e:	e7c1      	b.n	200001b4 <spi_write_read_blocking+0x34>

20000230 <flash_init_boot2_copyout>:
20000230:	b510      	push	{r4, lr}
20000232:	4c08      	ldr	r4, [pc, #32]	@ (20000254 <flash_init_boot2_copyout+0x24>)
20000234:	7823      	ldrb	r3, [r4, #0]
20000236:	2b00      	cmp	r3, #0
20000238:	d10a      	bne.n	20000250 <flash_init_boot2_copyout+0x20>
2000023a:	2380      	movs	r3, #128	@ 0x80
2000023c:	4806      	ldr	r0, [pc, #24]	@ (20000258 <flash_init_boot2_copyout+0x28>)
2000023e:	4907      	ldr	r1, [pc, #28]	@ (2000025c <flash_init_boot2_copyout+0x2c>)
20000240:	055b      	lsls	r3, r3, #21
20000242:	681a      	ldr	r2, [r3, #0]
20000244:	50c2      	str	r2, [r0, r3]
20000246:	3304      	adds	r3, #4
20000248:	428b      	cmp	r3, r1
2000024a:	d1fa      	bne.n	20000242 <flash_init_boot2_copyout+0x12>
2000024c:	2301      	movs	r3, #1
2000024e:	7023      	strb	r3, [r4, #0]
20000250:	bd10      	pop	{r4, pc}
20000252:	46c0      	nop			@ (mov r8, r8)
20000254:	20002594 	.word	0x20002594
20000258:	10002440 	.word	0x10002440
2000025c:	10000100 	.word	0x10000100

20000260 <flash_enable_xip_via_boot2>:
20000260:	b510      	push	{r4, lr}
20000262:	4b01      	ldr	r3, [pc, #4]	@ (20000268 <flash_enable_xip_via_boot2+0x8>)
20000264:	4798      	blx	r3
20000266:	bd10      	pop	{r4, pc}
20000268:	20002441 	.word	0x20002441

2000026c <flash_save_hardware_state>:
2000026c:	4b06      	ldr	r3, [pc, #24]	@ (20000288 <flash_save_hardware_state+0x1c>)
2000026e:	685a      	ldr	r2, [r3, #4]
20000270:	6002      	str	r2, [r0, #0]
20000272:	689a      	ldr	r2, [r3, #8]
20000274:	6042      	str	r2, [r0, #4]
20000276:	68da      	ldr	r2, [r3, #12]
20000278:	6082      	str	r2, [r0, #8]
2000027a:	691a      	ldr	r2, [r3, #16]
2000027c:	60c2      	str	r2, [r0, #12]
2000027e:	695a      	ldr	r2, [r3, #20]
20000280:	6102      	str	r2, [r0, #16]
20000282:	699b      	ldr	r3, [r3, #24]
20000284:	6143      	str	r3, [r0, #20]
20000286:	4770      	bx	lr
20000288:	40020000 	.word	0x40020000

2000028c <flash_restore_hardware_state>:
2000028c:	6802      	ldr	r2, [r0, #0]
2000028e:	4b06      	ldr	r3, [pc, #24]	@ (200002a8 <flash_restore_hardware_state+0x1c>)
20000290:	605a      	str	r2, [r3, #4]
20000292:	6842      	ldr	r2, [r0, #4]
20000294:	609a      	str	r2, [r3, #8]
20000296:	6882      	ldr	r2, [r0, #8]
20000298:	60da      	str	r2, [r3, #12]
2000029a:	68c2      	ldr	r2, [r0, #12]
2000029c:	611a      	str	r2, [r3, #16]
2000029e:	6902      	ldr	r2, [r0, #16]
200002a0:	615a      	str	r2, [r3, #20]
200002a2:	6942      	ldr	r2, [r0, #20]
200002a4:	619a      	str	r2, [r3, #24]
200002a6:	4770      	bx	lr
200002a8:	40020000 	.word	0x40020000

200002ac <flash_range_erase>:
200002ac:	b5f0      	push	{r4, r5, r6, r7, lr}
200002ae:	46d6      	mov	lr, sl
200002b0:	464f      	mov	r7, r9
200002b2:	4646      	mov	r6, r8
200002b4:	2380      	movs	r3, #128	@ 0x80
200002b6:	b5c0      	push	{r6, r7, lr}
200002b8:	1842      	adds	r2, r0, r1
200002ba:	0004      	movs	r4, r0
200002bc:	000d      	movs	r5, r1
200002be:	b086      	sub	sp, #24
200002c0:	039b      	lsls	r3, r3, #14
200002c2:	429a      	cmp	r2, r3
200002c4:	d82e      	bhi.n	20000324 <flash_range_erase+0x78>
200002c6:	2700      	movs	r7, #0
200002c8:	2600      	movs	r6, #0
200002ca:	8ab8      	ldrh	r0, [r7, #20]
200002cc:	8b33      	ldrh	r3, [r6, #24]
200002ce:	4917      	ldr	r1, [pc, #92]	@ (2000032c <flash_range_erase+0x80>)
200002d0:	4798      	blx	r3
200002d2:	8b33      	ldrh	r3, [r6, #24]
200002d4:	4682      	mov	sl, r0
200002d6:	4916      	ldr	r1, [pc, #88]	@ (20000330 <flash_range_erase+0x84>)
200002d8:	8ab8      	ldrh	r0, [r7, #20]
200002da:	4798      	blx	r3
200002dc:	8b33      	ldrh	r3, [r6, #24]
200002de:	4681      	mov	r9, r0
200002e0:	4914      	ldr	r1, [pc, #80]	@ (20000334 <flash_range_erase+0x88>)
200002e2:	8ab8      	ldrh	r0, [r7, #20]
200002e4:	4798      	blx	r3
200002e6:	8b33      	ldrh	r3, [r6, #24]
200002e8:	4913      	ldr	r1, [pc, #76]	@ (20000338 <flash_range_erase+0x8c>)
200002ea:	4680      	mov	r8, r0
200002ec:	8ab8      	ldrh	r0, [r7, #20]
200002ee:	4798      	blx	r3
200002f0:	0006      	movs	r6, r0
200002f2:	f7ff ff9d 	bl	20000230 <flash_init_boot2_copyout>
200002f6:	4668      	mov	r0, sp
200002f8:	f7ff ffb8 	bl	2000026c <flash_save_hardware_state>
200002fc:	47d0      	blx	sl
200002fe:	47c8      	blx	r9
20000300:	2280      	movs	r2, #128	@ 0x80
20000302:	23d8      	movs	r3, #216	@ 0xd8
20000304:	0029      	movs	r1, r5
20000306:	0020      	movs	r0, r4
20000308:	0252      	lsls	r2, r2, #9
2000030a:	47c0      	blx	r8
2000030c:	47b0      	blx	r6
2000030e:	f7ff ffa7 	bl	20000260 <flash_enable_xip_via_boot2>
20000312:	4668      	mov	r0, sp
20000314:	f7ff ffba 	bl	2000028c <flash_restore_hardware_state>
20000318:	b006      	add	sp, #24
2000031a:	bce0      	pop	{r5, r6, r7}
2000031c:	46ba      	mov	sl, r7
2000031e:	46b1      	mov	r9, r6
20000320:	46a8      	mov	r8, r5
20000322:	bdf0      	pop	{r4, r5, r6, r7, pc}
20000324:	f001 f820 	bl	20001368 <__hard_assertion_failure_veneer>
20000328:	e7cd      	b.n	200002c6 <flash_range_erase+0x1a>
2000032a:	46c0      	nop			@ (mov r8, r8)
2000032c:	00004649 	.word	0x00004649
20000330:	00005845 	.word	0x00005845
20000334:	00004552 	.word	0x00004552
20000338:	00004346 	.word	0x00004346

2000033c <flash_range_program>:
2000033c:	b5f0      	push	{r4, r5, r6, r7, lr}
2000033e:	464e      	mov	r6, r9
20000340:	4645      	mov	r5, r8
20000342:	46de      	mov	lr, fp
20000344:	4657      	mov	r7, sl
20000346:	2380      	movs	r3, #128	@ 0x80
20000348:	b5e0      	push	{r5, r6, r7, lr}
2000034a:	0015      	movs	r5, r2
2000034c:	1882      	adds	r2, r0, r2
2000034e:	0004      	movs	r4, r0
20000350:	4689      	mov	r9, r1
20000352:	b087      	sub	sp, #28
20000354:	039b      	lsls	r3, r3, #14
20000356:	429a      	cmp	r2, r3
20000358:	d82d      	bhi.n	200003b6 <flash_range_program+0x7a>
2000035a:	2700      	movs	r7, #0
2000035c:	2600      	movs	r6, #0
2000035e:	8ab8      	ldrh	r0, [r7, #20]
20000360:	8b33      	ldrh	r3, [r6, #24]
20000362:	4916      	ldr	r1, [pc, #88]	@ (200003bc <flash_range_program+0x80>)
20000364:	4798      	blx	r3
20000366:	8b33      	ldrh	r3, [r6, #24]
20000368:	4683      	mov	fp, r0
2000036a:	4915      	ldr	r1, [pc, #84]	@ (200003c0 <flash_range_program+0x84>)
2000036c:	8ab8      	ldrh	r0, [r7, #20]
2000036e:	4798      	blx	r3
20000370:	8b33      	ldrh	r3, [r6, #24]
20000372:	4682      	mov	sl, r0
20000374:	4913      	ldr	r1, [pc, #76]	@ (200003c4 <flash_range_program+0x88>)
20000376:	8ab8      	ldrh	r0, [r7, #20]
20000378:	4798      	blx	r3
2000037a:	8b33      	ldrh	r3, [r6, #24]
2000037c:	4912      	ldr	r1, [pc, #72]	@ (200003c8 <flash_range_program+0x8c>)
2000037e:	4680      	mov	r8, r0
20000380:	8ab8      	ldrh	r0, [r7, #20]
20000382:	4798      	blx	r3
20000384:	0006      	movs	r6, r0
20000386:	f7ff ff53 	bl	20000230 <flash_init_boot2_copyout>
2000038a:	4668      	mov	r0, sp
2000038c:	f7ff ff6e 	bl	2000026c <flash_save_hardware_state>
20000390:	47d8      	blx	fp
20000392:	47d0      	blx	sl
20000394:	002a      	movs	r2, r5
20000396:	4649      	mov	r1, r9
20000398:	0020      	movs	r0, r4
2000039a:	47c0      	blx	r8
2000039c:	47b0      	blx	r6
2000039e:	f7ff ff5f 	bl	20000260 <flash_enable_xip_via_boot2>
200003a2:	4668      	mov	r0, sp
200003a4:	f7ff ff72 	bl	2000028c <flash_restore_hardware_state>
200003a8:	b007      	add	sp, #28
200003aa:	bcf0      	pop	{r4, r5, r6, r7}
200003ac:	46bb      	mov	fp, r7
200003ae:	46b2      	mov	sl, r6
200003b0:	46a9      	mov	r9, r5
200003b2:	46a0      	mov	r8, r4
200003b4:	bdf0      	pop	{r4, r5, r6, r7, pc}
200003b6:	f000 ffd7 	bl	20001368 <__hard_assertion_failure_veneer>
200003ba:	e7ce      	b.n	2000035a <flash_range_program+0x1e>
200003bc:	00004649 	.word	0x00004649
200003c0:	00005845 	.word	0x00005845
200003c4:	00005052 	.word	0x00005052
200003c8:	00004346 	.word	0x00004346

200003cc <__aeabi_idiv0>:
200003cc:	4770      	bx	lr
200003ce:	46c0      	nop			@ (mov r8, r8)

200003d0 <selfrel_offset31>:
200003d0:	6803      	ldr	r3, [r0, #0]
200003d2:	005a      	lsls	r2, r3, #1
200003d4:	d504      	bpl.n	200003e0 <selfrel_offset31+0x10>
200003d6:	2280      	movs	r2, #128	@ 0x80
200003d8:	0612      	lsls	r2, r2, #24
200003da:	4313      	orrs	r3, r2
200003dc:	18c0      	adds	r0, r0, r3
200003de:	4770      	bx	lr
200003e0:	005b      	lsls	r3, r3, #1
200003e2:	085b      	lsrs	r3, r3, #1
200003e4:	e7fa      	b.n	200003dc <selfrel_offset31+0xc>
200003e6:	46c0      	nop			@ (mov r8, r8)

200003e8 <search_EIT_table>:
200003e8:	b5f8      	push	{r3, r4, r5, r6, r7, lr}
200003ea:	464e      	mov	r6, r9
200003ec:	4645      	mov	r5, r8
200003ee:	46de      	mov	lr, fp
200003f0:	4657      	mov	r7, sl
200003f2:	4680      	mov	r8, r0
200003f4:	4691      	mov	r9, r2
200003f6:	b5e0      	push	{r5, r6, r7, lr}
200003f8:	2900      	cmp	r1, #0
200003fa:	d02a      	beq.n	20000452 <search_EIT_table+0x6a>
200003fc:	1e4b      	subs	r3, r1, #1
200003fe:	469b      	mov	fp, r3
20000400:	469a      	mov	sl, r3
20000402:	2700      	movs	r7, #0
20000404:	4653      	mov	r3, sl
20000406:	18fb      	adds	r3, r7, r3
20000408:	0fdc      	lsrs	r4, r3, #31
2000040a:	18e4      	adds	r4, r4, r3
2000040c:	4643      	mov	r3, r8
2000040e:	1064      	asrs	r4, r4, #1
20000410:	00e5      	lsls	r5, r4, #3
20000412:	195e      	adds	r6, r3, r5
20000414:	0030      	movs	r0, r6
20000416:	f7ff ffdb 	bl	200003d0 <selfrel_offset31>
2000041a:	45a3      	cmp	fp, r4
2000041c:	d010      	beq.n	20000440 <search_EIT_table+0x58>
2000041e:	4548      	cmp	r0, r9
20000420:	d809      	bhi.n	20000436 <search_EIT_table+0x4e>
20000422:	3508      	adds	r5, #8
20000424:	0028      	movs	r0, r5
20000426:	4440      	add	r0, r8
20000428:	f7ff ffd2 	bl	200003d0 <selfrel_offset31>
2000042c:	3801      	subs	r0, #1
2000042e:	4548      	cmp	r0, r9
20000430:	d208      	bcs.n	20000444 <search_EIT_table+0x5c>
20000432:	1c67      	adds	r7, r4, #1
20000434:	e7e6      	b.n	20000404 <search_EIT_table+0x1c>
20000436:	42a7      	cmp	r7, r4
20000438:	d00b      	beq.n	20000452 <search_EIT_table+0x6a>
2000043a:	1e63      	subs	r3, r4, #1
2000043c:	469a      	mov	sl, r3
2000043e:	e7e1      	b.n	20000404 <search_EIT_table+0x1c>
20000440:	4548      	cmp	r0, r9
20000442:	d8f8      	bhi.n	20000436 <search_EIT_table+0x4e>
20000444:	0030      	movs	r0, r6
20000446:	bcf0      	pop	{r4, r5, r6, r7}
20000448:	46bb      	mov	fp, r7
2000044a:	46b2      	mov	sl, r6
2000044c:	46a9      	mov	r9, r5
2000044e:	46a0      	mov	r8, r4
20000450:	bdf8      	pop	{r3, r4, r5, r6, r7, pc}
20000452:	2600      	movs	r6, #0
20000454:	e7f6      	b.n	20000444 <search_EIT_table+0x5c>
20000456:	46c0      	nop			@ (mov r8, r8)

20000458 <__gnu_unwind_get_pr_addr>:
20000458:	0003      	movs	r3, r0
2000045a:	2801      	cmp	r0, #1
2000045c:	d008      	beq.n	20000470 <__gnu_unwind_get_pr_addr+0x18>
2000045e:	2802      	cmp	r0, #2
20000460:	d004      	beq.n	2000046c <__gnu_unwind_get_pr_addr+0x14>
20000462:	2000      	movs	r0, #0
20000464:	2b00      	cmp	r3, #0
20000466:	d100      	bne.n	2000046a <__gnu_unwind_get_pr_addr+0x12>
20000468:	4802      	ldr	r0, [pc, #8]	@ (20000474 <__gnu_unwind_get_pr_addr+0x1c>)
2000046a:	4770      	bx	lr
2000046c:	4802      	ldr	r0, [pc, #8]	@ (20000478 <__gnu_unwind_get_pr_addr+0x20>)
2000046e:	e7fc      	b.n	2000046a <__gnu_unwind_get_pr_addr+0x12>
20000470:	4802      	ldr	r0, [pc, #8]	@ (2000047c <__gnu_unwind_get_pr_addr+0x24>)
20000472:	e7fa      	b.n	2000046a <__gnu_unwind_get_pr_addr+0x12>
20000474:	20000b79 	.word	0x20000b79
20000478:	20000b91 	.word	0x20000b91
2000047c:	20000b85 	.word	0x20000b85

20000480 <get_eit_entry>:
20000480:	b530      	push	{r4, r5, lr}
20000482:	4b21      	ldr	r3, [pc, #132]	@ (20000508 <get_eit_entry+0x88>)
20000484:	0005      	movs	r5, r0
20000486:	b085      	sub	sp, #20
20000488:	1e8c      	subs	r4, r1, #2
2000048a:	2b00      	cmp	r3, #0
2000048c:	d026      	beq.n	200004dc <get_eit_entry+0x5c>
2000048e:	0020      	movs	r0, r4
20000490:	a903      	add	r1, sp, #12
20000492:	e000      	b.n	20000496 <get_eit_entry+0x16>
20000494:	bf00      	nop
20000496:	2800      	cmp	r0, #0
20000498:	d01d      	beq.n	200004d6 <get_eit_entry+0x56>
2000049a:	9903      	ldr	r1, [sp, #12]
2000049c:	0022      	movs	r2, r4
2000049e:	f7ff ffa3 	bl	200003e8 <search_EIT_table>
200004a2:	1e04      	subs	r4, r0, #0
200004a4:	d017      	beq.n	200004d6 <get_eit_entry+0x56>
200004a6:	f7ff ff93 	bl	200003d0 <selfrel_offset31>
200004aa:	6863      	ldr	r3, [r4, #4]
200004ac:	64a8      	str	r0, [r5, #72]	@ 0x48
200004ae:	2b01      	cmp	r3, #1
200004b0:	d027      	beq.n	20000502 <get_eit_entry+0x82>
200004b2:	1d20      	adds	r0, r4, #4
200004b4:	2b00      	cmp	r3, #0
200004b6:	db22      	blt.n	200004fe <get_eit_entry+0x7e>
200004b8:	f7ff ff8a 	bl	200003d0 <selfrel_offset31>
200004bc:	2300      	movs	r3, #0
200004be:	652b      	str	r3, [r5, #80]	@ 0x50
200004c0:	6803      	ldr	r3, [r0, #0]
200004c2:	64e8      	str	r0, [r5, #76]	@ 0x4c
200004c4:	2b00      	cmp	r3, #0
200004c6:	db0f      	blt.n	200004e8 <get_eit_entry+0x68>
200004c8:	f7ff ff82 	bl	200003d0 <selfrel_offset31>
200004cc:	0003      	movs	r3, r0
200004ce:	2000      	movs	r0, #0
200004d0:	612b      	str	r3, [r5, #16]
200004d2:	b005      	add	sp, #20
200004d4:	bd30      	pop	{r4, r5, pc}
200004d6:	2300      	movs	r3, #0
200004d8:	2009      	movs	r0, #9
200004da:	e7f9      	b.n	200004d0 <get_eit_entry+0x50>
200004dc:	4b0b      	ldr	r3, [pc, #44]	@ (2000050c <get_eit_entry+0x8c>)
200004de:	480c      	ldr	r0, [pc, #48]	@ (20000510 <get_eit_entry+0x90>)
200004e0:	1a1b      	subs	r3, r3, r0
200004e2:	10d9      	asrs	r1, r3, #3
200004e4:	9103      	str	r1, [sp, #12]
200004e6:	e7d9      	b.n	2000049c <get_eit_entry+0x1c>
200004e8:	0118      	lsls	r0, r3, #4
200004ea:	0f00      	lsrs	r0, r0, #28
200004ec:	f7ff ffb4 	bl	20000458 <__gnu_unwind_get_pr_addr>
200004f0:	0003      	movs	r3, r0
200004f2:	425a      	negs	r2, r3
200004f4:	415a      	adcs	r2, r3
200004f6:	2009      	movs	r0, #9
200004f8:	4252      	negs	r2, r2
200004fa:	4010      	ands	r0, r2
200004fc:	e7e8      	b.n	200004d0 <get_eit_entry+0x50>
200004fe:	2301      	movs	r3, #1
20000500:	e7dd      	b.n	200004be <get_eit_entry+0x3e>
20000502:	2300      	movs	r3, #0
20000504:	2005      	movs	r0, #5
20000506:	e7e3      	b.n	200004d0 <get_eit_entry+0x50>
20000508:	00000000 	.word	0x00000000
2000050c:	10009e68 	.word	0x10009e68
20000510:	10009c38 	.word	0x10009c38

20000514 <restore_non_core_regs>:
20000514:	6803      	ldr	r3, [r0, #0]
20000516:	b510      	push	{r4, lr}
20000518:	0004      	movs	r4, r0
2000051a:	07da      	lsls	r2, r3, #31
2000051c:	d405      	bmi.n	2000052a <restore_non_core_regs+0x16>
2000051e:	079b      	lsls	r3, r3, #30
20000520:	d50a      	bpl.n	20000538 <restore_non_core_regs+0x24>
20000522:	3050      	adds	r0, #80	@ 0x50
20000524:	f000 fcaa 	bl	20000e7c <__gnu_Unwind_Restore_VFP_D>
20000528:	6823      	ldr	r3, [r4, #0]
2000052a:	075a      	lsls	r2, r3, #29
2000052c:	d50a      	bpl.n	20000544 <restore_non_core_regs+0x30>
2000052e:	071a      	lsls	r2, r3, #28
20000530:	d50f      	bpl.n	20000552 <restore_non_core_regs+0x3e>
20000532:	06db      	lsls	r3, r3, #27
20000534:	d515      	bpl.n	20000562 <restore_non_core_regs+0x4e>
20000536:	bd10      	pop	{r4, pc}
20000538:	3050      	adds	r0, #80	@ 0x50
2000053a:	f000 fc9b 	bl	20000e74 <__gnu_Unwind_Restore_VFP>
2000053e:	6823      	ldr	r3, [r4, #0]
20000540:	075a      	lsls	r2, r3, #29
20000542:	d4f4      	bmi.n	2000052e <restore_non_core_regs+0x1a>
20000544:	0020      	movs	r0, r4
20000546:	30d8      	adds	r0, #216	@ 0xd8
20000548:	f000 fc9c 	bl	20000e84 <__gnu_Unwind_Restore_VFP_D_16_to_31>
2000054c:	6823      	ldr	r3, [r4, #0]
2000054e:	071a      	lsls	r2, r3, #28
20000550:	d4ef      	bmi.n	20000532 <restore_non_core_regs+0x1e>
20000552:	0020      	movs	r0, r4
20000554:	3059      	adds	r0, #89	@ 0x59
20000556:	30ff      	adds	r0, #255	@ 0xff
20000558:	f000 fc98 	bl	20000e8c <__gnu_Unwind_Restore_WMMXD>
2000055c:	6823      	ldr	r3, [r4, #0]
2000055e:	06db      	lsls	r3, r3, #27
20000560:	d4e9      	bmi.n	20000536 <restore_non_core_regs+0x22>
20000562:	0020      	movs	r0, r4
20000564:	30d9      	adds	r0, #217	@ 0xd9
20000566:	30ff      	adds	r0, #255	@ 0xff
20000568:	f000 fc94 	bl	20000e94 <__gnu_Unwind_Restore_WMMXC>
2000056c:	e7e3      	b.n	20000536 <restore_non_core_regs+0x22>
2000056e:	46c0      	nop			@ (mov r8, r8)

20000570 <_Unwind_decode_typeinfo_ptr.constprop.0>:
20000570:	0003      	movs	r3, r0
20000572:	6800      	ldr	r0, [r0, #0]
20000574:	2800      	cmp	r0, #0
20000576:	d000      	beq.n	2000057a <_Unwind_decode_typeinfo_ptr.constprop.0+0xa>
20000578:	18c0      	adds	r0, r0, r3
2000057a:	4770      	bx	lr

2000057c <_Unwind_DebugHook>:
2000057c:	4770      	bx	lr
2000057e:	46c0      	nop			@ (mov r8, r8)

20000580 <unwind_phase2>:
20000580:	b570      	push	{r4, r5, r6, lr}
20000582:	0004      	movs	r4, r0
20000584:	000d      	movs	r5, r1
20000586:	0020      	movs	r0, r4
20000588:	6c29      	ldr	r1, [r5, #64]	@ 0x40
2000058a:	f7ff ff79 	bl	20000480 <get_eit_entry>
2000058e:	2800      	cmp	r0, #0
20000590:	d111      	bne.n	200005b6 <unwind_phase2+0x36>
20000592:	6c2b      	ldr	r3, [r5, #64]	@ 0x40
20000594:	002a      	movs	r2, r5
20000596:	6163      	str	r3, [r4, #20]
20000598:	0021      	movs	r1, r4
2000059a:	2001      	movs	r0, #1
2000059c:	6923      	ldr	r3, [r4, #16]
2000059e:	4798      	blx	r3
200005a0:	2808      	cmp	r0, #8
200005a2:	d0f0      	beq.n	20000586 <unwind_phase2+0x6>
200005a4:	2807      	cmp	r0, #7
200005a6:	d106      	bne.n	200005b6 <unwind_phase2+0x36>
200005a8:	2000      	movs	r0, #0
200005aa:	6c29      	ldr	r1, [r5, #64]	@ 0x40
200005ac:	f7ff ffe6 	bl	2000057c <_Unwind_DebugHook>
200005b0:	1d28      	adds	r0, r5, #4
200005b2:	f000 fc49 	bl	20000e48 <__restore_core_regs>
200005b6:	deff      	udf	#255	@ 0xff

200005b8 <unwind_phase2_forced>:
200005b8:	b5f0      	push	{r4, r5, r6, r7, lr}
200005ba:	46de      	mov	lr, fp
200005bc:	464e      	mov	r6, r9
200005be:	4657      	mov	r7, sl
200005c0:	4645      	mov	r5, r8
200005c2:	b5e0      	push	{r5, r6, r7, lr}
200005c4:	68c3      	ldr	r3, [r0, #12]
200005c6:	4c31      	ldr	r4, [pc, #196]	@ (2000068c <unwind_phase2_forced+0xd4>)
200005c8:	4699      	mov	r9, r3
200005ca:	44a5      	add	sp, r4
200005cc:	6983      	ldr	r3, [r0, #24]
200005ce:	0005      	movs	r5, r0
200005d0:	0016      	movs	r6, r2
200005d2:	3104      	adds	r1, #4
200005d4:	2240      	movs	r2, #64	@ 0x40
200005d6:	a803      	add	r0, sp, #12
200005d8:	469a      	mov	sl, r3
200005da:	f000 feb5 	bl	20001348 <____wrap_memcpy_veneer>
200005de:	2300      	movs	r3, #0
200005e0:	9302      	str	r3, [sp, #8]
200005e2:	ab7c      	add	r3, sp, #496	@ 0x1f0
200005e4:	469b      	mov	fp, r3
200005e6:	ac02      	add	r4, sp, #8
200005e8:	e023      	b.n	20000632 <unwind_phase2_forced+0x7a>
200005ea:	22f4      	movs	r2, #244	@ 0xf4
200005ec:	6c23      	ldr	r3, [r4, #64]	@ 0x40
200005ee:	0021      	movs	r1, r4
200005f0:	616b      	str	r3, [r5, #20]
200005f2:	0052      	lsls	r2, r2, #1
200005f4:	4658      	mov	r0, fp
200005f6:	f000 fea7 	bl	20001348 <____wrap_memcpy_veneer>
200005fa:	465a      	mov	r2, fp
200005fc:	0029      	movs	r1, r5
200005fe:	692b      	ldr	r3, [r5, #16]
20000600:	4640      	mov	r0, r8
20000602:	4798      	blx	r3
20000604:	465b      	mov	r3, fp
20000606:	6b9b      	ldr	r3, [r3, #56]	@ 0x38
20000608:	0007      	movs	r7, r0
2000060a:	64a3      	str	r3, [r4, #72]	@ 0x48
2000060c:	4653      	mov	r3, sl
2000060e:	002a      	movs	r2, r5
20000610:	9301      	str	r3, [sp, #4]
20000612:	0031      	movs	r1, r6
20000614:	002b      	movs	r3, r5
20000616:	2001      	movs	r0, #1
20000618:	9400      	str	r4, [sp, #0]
2000061a:	47c8      	blx	r9
2000061c:	2800      	cmp	r0, #0
2000061e:	d12c      	bne.n	2000067a <unwind_phase2_forced+0xc2>
20000620:	22f4      	movs	r2, #244	@ 0xf4
20000622:	4659      	mov	r1, fp
20000624:	0020      	movs	r0, r4
20000626:	0052      	lsls	r2, r2, #1
20000628:	f000 fe8e 	bl	20001348 <____wrap_memcpy_veneer>
2000062c:	2600      	movs	r6, #0
2000062e:	2f08      	cmp	r7, #8
20000630:	d121      	bne.n	20000676 <unwind_phase2_forced+0xbe>
20000632:	0028      	movs	r0, r5
20000634:	6c21      	ldr	r1, [r4, #64]	@ 0x40
20000636:	f7ff ff23 	bl	20000480 <get_eit_entry>
2000063a:	3609      	adds	r6, #9
2000063c:	b2f3      	uxtb	r3, r6
2000063e:	1e07      	subs	r7, r0, #0
20000640:	4698      	mov	r8, r3
20000642:	d0d2      	beq.n	200005ea <unwind_phase2_forced+0x32>
20000644:	6ba3      	ldr	r3, [r4, #56]	@ 0x38
20000646:	2110      	movs	r1, #16
20000648:	64a3      	str	r3, [r4, #72]	@ 0x48
2000064a:	4643      	mov	r3, r8
2000064c:	430b      	orrs	r3, r1
2000064e:	0019      	movs	r1, r3
20000650:	4653      	mov	r3, sl
20000652:	002a      	movs	r2, r5
20000654:	9301      	str	r3, [sp, #4]
20000656:	2001      	movs	r0, #1
20000658:	002b      	movs	r3, r5
2000065a:	9400      	str	r4, [sp, #0]
2000065c:	47c8      	blx	r9
2000065e:	2800      	cmp	r0, #0
20000660:	d10b      	bne.n	2000067a <unwind_phase2_forced+0xc2>
20000662:	0038      	movs	r0, r7
20000664:	23f7      	movs	r3, #247	@ 0xf7
20000666:	009b      	lsls	r3, r3, #2
20000668:	449d      	add	sp, r3
2000066a:	bcf0      	pop	{r4, r5, r6, r7}
2000066c:	46bb      	mov	fp, r7
2000066e:	46b2      	mov	sl, r6
20000670:	46a9      	mov	r9, r5
20000672:	46a0      	mov	r8, r4
20000674:	bdf0      	pop	{r4, r5, r6, r7, pc}
20000676:	2f07      	cmp	r7, #7
20000678:	d001      	beq.n	2000067e <unwind_phase2_forced+0xc6>
2000067a:	2709      	movs	r7, #9
2000067c:	e7f1      	b.n	20000662 <unwind_phase2_forced+0xaa>
2000067e:	0030      	movs	r0, r6
20000680:	6c21      	ldr	r1, [r4, #64]	@ 0x40
20000682:	f7ff ff7b 	bl	2000057c <_Unwind_DebugHook>
20000686:	a803      	add	r0, sp, #12
20000688:	f000 fbde 	bl	20000e48 <__restore_core_regs>
2000068c:	fffffc24 	.word	0xfffffc24

20000690 <_Unwind_GetCFA>:
20000690:	6c80      	ldr	r0, [r0, #72]	@ 0x48
20000692:	4770      	bx	lr

20000694 <__gnu_Unwind_RaiseException>:
20000694:	b5f0      	push	{r4, r5, r6, r7, lr}
20000696:	6bcb      	ldr	r3, [r1, #60]	@ 0x3c
20000698:	b0fb      	sub	sp, #492	@ 0x1ec
2000069a:	0005      	movs	r5, r0
2000069c:	640b      	str	r3, [r1, #64]	@ 0x40
2000069e:	000f      	movs	r7, r1
200006a0:	2240      	movs	r2, #64	@ 0x40
200006a2:	3104      	adds	r1, #4
200006a4:	a801      	add	r0, sp, #4
200006a6:	f000 fe4f 	bl	20001348 <____wrap_memcpy_veneer>
200006aa:	2301      	movs	r3, #1
200006ac:	425b      	negs	r3, r3
200006ae:	466e      	mov	r6, sp
200006b0:	9300      	str	r3, [sp, #0]
200006b2:	e006      	b.n	200006c2 <__gnu_Unwind_RaiseException+0x2e>
200006b4:	0032      	movs	r2, r6
200006b6:	0029      	movs	r1, r5
200006b8:	692b      	ldr	r3, [r5, #16]
200006ba:	4798      	blx	r3
200006bc:	0004      	movs	r4, r0
200006be:	2808      	cmp	r0, #8
200006c0:	d108      	bne.n	200006d4 <__gnu_Unwind_RaiseException+0x40>
200006c2:	0028      	movs	r0, r5
200006c4:	6c31      	ldr	r1, [r6, #64]	@ 0x40
200006c6:	f7ff fedb 	bl	20000480 <get_eit_entry>
200006ca:	2800      	cmp	r0, #0
200006cc:	d0f2      	beq.n	200006b4 <__gnu_Unwind_RaiseException+0x20>
200006ce:	2009      	movs	r0, #9
200006d0:	b07b      	add	sp, #492	@ 0x1ec
200006d2:	bdf0      	pop	{r4, r5, r6, r7, pc}
200006d4:	0030      	movs	r0, r6
200006d6:	f7ff ff1d 	bl	20000514 <restore_non_core_regs>
200006da:	2c06      	cmp	r4, #6
200006dc:	d1f7      	bne.n	200006ce <__gnu_Unwind_RaiseException+0x3a>
200006de:	0039      	movs	r1, r7
200006e0:	0028      	movs	r0, r5
200006e2:	f7ff ff4d 	bl	20000580 <unwind_phase2>
200006e6:	46c0      	nop			@ (mov r8, r8)

200006e8 <__gnu_Unwind_ForcedUnwind>:
200006e8:	b510      	push	{r4, lr}
200006ea:	6182      	str	r2, [r0, #24]
200006ec:	6bda      	ldr	r2, [r3, #60]	@ 0x3c
200006ee:	60c1      	str	r1, [r0, #12]
200006f0:	641a      	str	r2, [r3, #64]	@ 0x40
200006f2:	0019      	movs	r1, r3
200006f4:	2200      	movs	r2, #0
200006f6:	f7ff ff5f 	bl	200005b8 <unwind_phase2_forced>
200006fa:	bd10      	pop	{r4, pc}

200006fc <__gnu_Unwind_Resume>:
200006fc:	6943      	ldr	r3, [r0, #20]
200006fe:	b570      	push	{r4, r5, r6, lr}
20000700:	640b      	str	r3, [r1, #64]	@ 0x40
20000702:	68c3      	ldr	r3, [r0, #12]
20000704:	0004      	movs	r4, r0
20000706:	000d      	movs	r5, r1
20000708:	2b00      	cmp	r3, #0
2000070a:	d113      	bne.n	20000734 <__gnu_Unwind_Resume+0x38>
2000070c:	000a      	movs	r2, r1
2000070e:	6903      	ldr	r3, [r0, #16]
20000710:	0001      	movs	r1, r0
20000712:	2002      	movs	r0, #2
20000714:	4798      	blx	r3
20000716:	2807      	cmp	r0, #7
20000718:	d005      	beq.n	20000726 <__gnu_Unwind_Resume+0x2a>
2000071a:	2808      	cmp	r0, #8
2000071c:	d10e      	bne.n	2000073c <__gnu_Unwind_Resume+0x40>
2000071e:	0029      	movs	r1, r5
20000720:	0020      	movs	r0, r4
20000722:	f7ff ff2d 	bl	20000580 <unwind_phase2>
20000726:	2000      	movs	r0, #0
20000728:	6c29      	ldr	r1, [r5, #64]	@ 0x40
2000072a:	f7ff ff27 	bl	2000057c <_Unwind_DebugHook>
2000072e:	1d28      	adds	r0, r5, #4
20000730:	f000 fb8a 	bl	20000e48 <__restore_core_regs>
20000734:	2201      	movs	r2, #1
20000736:	f7ff ff3f 	bl	200005b8 <unwind_phase2_forced>
2000073a:	deff      	udf	#255	@ 0xff
2000073c:	deff      	udf	#255	@ 0xff
2000073e:	46c0      	nop			@ (mov r8, r8)

20000740 <__gnu_Unwind_Resume_or_Rethrow>:
20000740:	68c3      	ldr	r3, [r0, #12]
20000742:	b510      	push	{r4, lr}
20000744:	2b00      	cmp	r3, #0
20000746:	d005      	beq.n	20000754 <__gnu_Unwind_Resume_or_Rethrow+0x14>
20000748:	6bcb      	ldr	r3, [r1, #60]	@ 0x3c
2000074a:	2200      	movs	r2, #0
2000074c:	640b      	str	r3, [r1, #64]	@ 0x40
2000074e:	f7ff ff33 	bl	200005b8 <unwind_phase2_forced>
20000752:	bd10      	pop	{r4, pc}
20000754:	f7ff ff9e 	bl	20000694 <__gnu_Unwind_RaiseException>
20000758:	2009      	movs	r0, #9
2000075a:	e7fa      	b.n	20000752 <__gnu_Unwind_Resume_or_Rethrow+0x12>

2000075c <_Unwind_Complete>:
2000075c:	4770      	bx	lr
2000075e:	46c0      	nop			@ (mov r8, r8)

20000760 <_Unwind_DeleteException>:
20000760:	6883      	ldr	r3, [r0, #8]
20000762:	0001      	movs	r1, r0
20000764:	b510      	push	{r4, lr}
20000766:	2b00      	cmp	r3, #0
20000768:	d001      	beq.n	2000076e <_Unwind_DeleteException+0xe>
2000076a:	2001      	movs	r0, #1
2000076c:	4798      	blx	r3
2000076e:	bd10      	pop	{r4, pc}

20000770 <_Unwind_VRS_Get>:
20000770:	2904      	cmp	r1, #4
20000772:	d808      	bhi.n	20000786 <_Unwind_VRS_Get+0x16>
20000774:	2902      	cmp	r1, #2
20000776:	d81a      	bhi.n	200007ae <_Unwind_VRS_Get+0x3e>
20000778:	2900      	cmp	r1, #0
2000077a:	d00b      	beq.n	20000794 <_Unwind_VRS_Get+0x24>
2000077c:	1e48      	subs	r0, r1, #1
2000077e:	1e43      	subs	r3, r0, #1
20000780:	4198      	sbcs	r0, r3
20000782:	3001      	adds	r0, #1
20000784:	4770      	bx	lr
20000786:	2905      	cmp	r1, #5
20000788:	d10f      	bne.n	200007aa <_Unwind_VRS_Get+0x3a>
2000078a:	6c43      	ldr	r3, [r0, #68]	@ 0x44
2000078c:	9a00      	ldr	r2, [sp, #0]
2000078e:	2000      	movs	r0, #0
20000790:	6013      	str	r3, [r2, #0]
20000792:	e7f7      	b.n	20000784 <_Unwind_VRS_Get+0x14>
20000794:	2b00      	cmp	r3, #0
20000796:	d108      	bne.n	200007aa <_Unwind_VRS_Get+0x3a>
20000798:	2a0f      	cmp	r2, #15
2000079a:	d806      	bhi.n	200007aa <_Unwind_VRS_Get+0x3a>
2000079c:	0092      	lsls	r2, r2, #2
2000079e:	1880      	adds	r0, r0, r2
200007a0:	6843      	ldr	r3, [r0, #4]
200007a2:	9a00      	ldr	r2, [sp, #0]
200007a4:	2000      	movs	r0, #0
200007a6:	6013      	str	r3, [r2, #0]
200007a8:	e7ec      	b.n	20000784 <_Unwind_VRS_Get+0x14>
200007aa:	2002      	movs	r0, #2
200007ac:	e7ea      	b.n	20000784 <_Unwind_VRS_Get+0x14>
200007ae:	2001      	movs	r0, #1
200007b0:	e7e8      	b.n	20000784 <_Unwind_VRS_Get+0x14>
200007b2:	46c0      	nop			@ (mov r8, r8)

200007b4 <_Unwind_GetGR>:
200007b4:	b500      	push	{lr}
200007b6:	b085      	sub	sp, #20
200007b8:	ab03      	add	r3, sp, #12
200007ba:	000a      	movs	r2, r1
200007bc:	9300      	str	r3, [sp, #0]
200007be:	2100      	movs	r1, #0
200007c0:	2300      	movs	r3, #0
200007c2:	f7ff ffd5 	bl	20000770 <_Unwind_VRS_Get>
200007c6:	9803      	ldr	r0, [sp, #12]
200007c8:	b005      	add	sp, #20
200007ca:	bd00      	pop	{pc}

200007cc <_Unwind_VRS_Set>:
200007cc:	2904      	cmp	r1, #4
200007ce:	d808      	bhi.n	200007e2 <_Unwind_VRS_Set+0x16>
200007d0:	2902      	cmp	r1, #2
200007d2:	d81a      	bhi.n	2000080a <_Unwind_VRS_Set+0x3e>
200007d4:	2900      	cmp	r1, #0
200007d6:	d00b      	beq.n	200007f0 <_Unwind_VRS_Set+0x24>
200007d8:	1e48      	subs	r0, r1, #1
200007da:	1e43      	subs	r3, r0, #1
200007dc:	4198      	sbcs	r0, r3
200007de:	3001      	adds	r0, #1
200007e0:	4770      	bx	lr
200007e2:	2905      	cmp	r1, #5
200007e4:	d10f      	bne.n	20000806 <_Unwind_VRS_Set+0x3a>
200007e6:	9b00      	ldr	r3, [sp, #0]
200007e8:	681b      	ldr	r3, [r3, #0]
200007ea:	6443      	str	r3, [r0, #68]	@ 0x44
200007ec:	2000      	movs	r0, #0
200007ee:	e7f7      	b.n	200007e0 <_Unwind_VRS_Set+0x14>
200007f0:	2b00      	cmp	r3, #0
200007f2:	d108      	bne.n	20000806 <_Unwind_VRS_Set+0x3a>
200007f4:	2a0f      	cmp	r2, #15
200007f6:	d806      	bhi.n	20000806 <_Unwind_VRS_Set+0x3a>
200007f8:	9b00      	ldr	r3, [sp, #0]
200007fa:	0092      	lsls	r2, r2, #2
200007fc:	681b      	ldr	r3, [r3, #0]
200007fe:	1880      	adds	r0, r0, r2
20000800:	6043      	str	r3, [r0, #4]
20000802:	2000      	movs	r0, #0
20000804:	e7ec      	b.n	200007e0 <_Unwind_VRS_Set+0x14>
20000806:	2002      	movs	r0, #2
20000808:	e7ea      	b.n	200007e0 <_Unwind_VRS_Set+0x14>
2000080a:	2001      	movs	r0, #1
2000080c:	e7e8      	b.n	200007e0 <_Unwind_VRS_Set+0x14>
2000080e:	46c0      	nop			@ (mov r8, r8)

20000810 <_Unwind_SetGR>:
20000810:	b500      	push	{lr}
20000812:	b085      	sub	sp, #20
20000814:	ab03      	add	r3, sp, #12
20000816:	9203      	str	r2, [sp, #12]
20000818:	9300      	str	r3, [sp, #0]
2000081a:	000a      	movs	r2, r1
2000081c:	2300      	movs	r3, #0
2000081e:	2100      	movs	r1, #0
20000820:	f7ff ffd4 	bl	200007cc <_Unwind_VRS_Set>
20000824:	b005      	add	sp, #20
20000826:	bd00      	pop	{pc}

20000828 <__gnu_Unwind_Backtrace>:
20000828:	b5f0      	push	{r4, r5, r6, r7, lr}
2000082a:	46c6      	mov	lr, r8
2000082c:	b500      	push	{lr}
2000082e:	4c1b      	ldr	r4, [pc, #108]	@ (2000089c <__gnu_Unwind_Backtrace+0x74>)
20000830:	6bd3      	ldr	r3, [r2, #60]	@ 0x3c
20000832:	44a5      	add	sp, r4
20000834:	0007      	movs	r7, r0
20000836:	6413      	str	r3, [r2, #64]	@ 0x40
20000838:	000e      	movs	r6, r1
2000083a:	a817      	add	r0, sp, #92	@ 0x5c
2000083c:	1d11      	adds	r1, r2, #4
2000083e:	2240      	movs	r2, #64	@ 0x40
20000840:	f000 fd82 	bl	20001348 <____wrap_memcpy_veneer>
20000844:	2301      	movs	r3, #1
20000846:	425b      	negs	r3, r3
20000848:	466d      	mov	r5, sp
2000084a:	9316      	str	r3, [sp, #88]	@ 0x58
2000084c:	ac16      	add	r4, sp, #88	@ 0x58
2000084e:	e013      	b.n	20000878 <__gnu_Unwind_Backtrace+0x50>
20000850:	210c      	movs	r1, #12
20000852:	0020      	movs	r0, r4
20000854:	002a      	movs	r2, r5
20000856:	f7ff ffdb 	bl	20000810 <_Unwind_SetGR>
2000085a:	0031      	movs	r1, r6
2000085c:	0020      	movs	r0, r4
2000085e:	47b8      	blx	r7
20000860:	2800      	cmp	r0, #0
20000862:	d10f      	bne.n	20000884 <__gnu_Unwind_Backtrace+0x5c>
20000864:	0022      	movs	r2, r4
20000866:	0029      	movs	r1, r5
20000868:	692b      	ldr	r3, [r5, #16]
2000086a:	3008      	adds	r0, #8
2000086c:	4798      	blx	r3
2000086e:	4680      	mov	r8, r0
20000870:	2805      	cmp	r0, #5
20000872:	d009      	beq.n	20000888 <__gnu_Unwind_Backtrace+0x60>
20000874:	2809      	cmp	r0, #9
20000876:	d005      	beq.n	20000884 <__gnu_Unwind_Backtrace+0x5c>
20000878:	0028      	movs	r0, r5
2000087a:	6c21      	ldr	r1, [r4, #64]	@ 0x40
2000087c:	f7ff fe00 	bl	20000480 <get_eit_entry>
20000880:	2800      	cmp	r0, #0
20000882:	d0e5      	beq.n	20000850 <__gnu_Unwind_Backtrace+0x28>
20000884:	2309      	movs	r3, #9
20000886:	4698      	mov	r8, r3
20000888:	0020      	movs	r0, r4
2000088a:	f7ff fe43 	bl	20000514 <restore_non_core_regs>
2000088e:	4640      	mov	r0, r8
20000890:	2390      	movs	r3, #144	@ 0x90
20000892:	009b      	lsls	r3, r3, #2
20000894:	449d      	add	sp, r3
20000896:	bc80      	pop	{r7}
20000898:	46b8      	mov	r8, r7
2000089a:	bdf0      	pop	{r4, r5, r6, r7, pc}
2000089c:	fffffdc0 	.word	0xfffffdc0

200008a0 <__gnu_unwind_pr_common>:
200008a0:	b5f0      	push	{r4, r5, r6, r7, lr}
200008a2:	4645      	mov	r5, r8
200008a4:	4657      	mov	r7, sl
200008a6:	464e      	mov	r6, r9
200008a8:	46de      	mov	lr, fp
200008aa:	b5e0      	push	{r5, r6, r7, lr}
200008ac:	000d      	movs	r5, r1
200008ae:	2103      	movs	r1, #3
200008b0:	6cec      	ldr	r4, [r5, #76]	@ 0x4c
200008b2:	b08b      	sub	sp, #44	@ 0x2c
200008b4:	0016      	movs	r6, r2
200008b6:	cc04      	ldmia	r4!, {r2}
200008b8:	af07      	add	r7, sp, #28
200008ba:	4694      	mov	ip, r2
200008bc:	46b8      	mov	r8, r7
200008be:	4001      	ands	r1, r0
200008c0:	9408      	str	r4, [sp, #32]
200008c2:	2b00      	cmp	r3, #0
200008c4:	d021      	beq.n	2000090a <__gnu_unwind_pr_common+0x6a>
200008c6:	0c17      	lsrs	r7, r2, #16
200008c8:	4642      	mov	r2, r8
200008ca:	7257      	strb	r7, [r2, #9]
200008cc:	4662      	mov	r2, ip
200008ce:	0412      	lsls	r2, r2, #16
200008d0:	9207      	str	r2, [sp, #28]
200008d2:	22ff      	movs	r2, #255	@ 0xff
200008d4:	403a      	ands	r2, r7
200008d6:	0092      	lsls	r2, r2, #2
200008d8:	18a4      	adds	r4, r4, r2
200008da:	2202      	movs	r2, #2
200008dc:	4647      	mov	r7, r8
200008de:	723a      	strb	r2, [r7, #8]
200008e0:	2902      	cmp	r1, #2
200008e2:	d100      	bne.n	200008e6 <__gnu_unwind_pr_common+0x46>
200008e4:	6bac      	ldr	r4, [r5, #56]	@ 0x38
200008e6:	6d2a      	ldr	r2, [r5, #80]	@ 0x50
200008e8:	07d2      	lsls	r2, r2, #31
200008ea:	d513      	bpl.n	20000914 <__gnu_unwind_pr_common+0x74>
200008ec:	4641      	mov	r1, r8
200008ee:	0030      	movs	r0, r6
200008f0:	f000 fb76 	bl	20000fe0 <__gnu_unwind_execute>
200008f4:	2800      	cmp	r0, #0
200008f6:	d000      	beq.n	200008fa <__gnu_unwind_pr_common+0x5a>
200008f8:	e0d6      	b.n	20000aa8 <__gnu_unwind_pr_common+0x208>
200008fa:	2008      	movs	r0, #8
200008fc:	b00b      	add	sp, #44	@ 0x2c
200008fe:	bcf0      	pop	{r4, r5, r6, r7}
20000900:	46bb      	mov	fp, r7
20000902:	46b2      	mov	sl, r6
20000904:	46a9      	mov	r9, r5
20000906:	46a0      	mov	r8, r4
20000908:	bdf0      	pop	{r4, r5, r6, r7, pc}
2000090a:	0212      	lsls	r2, r2, #8
2000090c:	9207      	str	r2, [sp, #28]
2000090e:	727b      	strb	r3, [r7, #9]
20000910:	2203      	movs	r2, #3
20000912:	e7e3      	b.n	200008dc <__gnu_unwind_pr_common+0x3c>
20000914:	6822      	ldr	r2, [r4, #0]
20000916:	4693      	mov	fp, r2
20000918:	2a00      	cmp	r2, #0
2000091a:	d0e7      	beq.n	200008ec <__gnu_unwind_pr_common+0x4c>
2000091c:	2208      	movs	r2, #8
2000091e:	4002      	ands	r2, r0
20000920:	9203      	str	r2, [sp, #12]
20000922:	2200      	movs	r2, #0
20000924:	2701      	movs	r7, #1
20000926:	46aa      	mov	sl, r5
20000928:	46b1      	mov	r9, r6
2000092a:	9204      	str	r2, [sp, #16]
2000092c:	9102      	str	r1, [sp, #8]
2000092e:	9301      	str	r3, [sp, #4]
20000930:	9b01      	ldr	r3, [sp, #4]
20000932:	2b02      	cmp	r3, #2
20000934:	d048      	beq.n	200009c8 <__gnu_unwind_pr_common+0x128>
20000936:	8823      	ldrh	r3, [r4, #0]
20000938:	8865      	ldrh	r5, [r4, #2]
2000093a:	469b      	mov	fp, r3
2000093c:	3404      	adds	r4, #4
2000093e:	4653      	mov	r3, sl
20000940:	002e      	movs	r6, r5
20000942:	6c9b      	ldr	r3, [r3, #72]	@ 0x48
20000944:	210f      	movs	r1, #15
20000946:	4648      	mov	r0, r9
20000948:	43be      	bics	r6, r7
2000094a:	18f6      	adds	r6, r6, r3
2000094c:	f7ff ff32 	bl	200007b4 <_Unwind_GetGR>
20000950:	2300      	movs	r3, #0
20000952:	4286      	cmp	r6, r0
20000954:	d805      	bhi.n	20000962 <__gnu_unwind_pr_common+0xc2>
20000956:	465b      	mov	r3, fp
20000958:	43bb      	bics	r3, r7
2000095a:	199b      	adds	r3, r3, r6
2000095c:	4298      	cmp	r0, r3
2000095e:	419b      	sbcs	r3, r3
20000960:	425b      	negs	r3, r3
20000962:	2202      	movs	r2, #2
20000964:	006d      	lsls	r5, r5, #1
20000966:	4015      	ands	r5, r2
20000968:	465a      	mov	r2, fp
2000096a:	403a      	ands	r2, r7
2000096c:	4315      	orrs	r5, r2
2000096e:	2d01      	cmp	r5, #1
20000970:	d044      	beq.n	200009fc <__gnu_unwind_pr_common+0x15c>
20000972:	2d02      	cmp	r5, #2
20000974:	d02b      	beq.n	200009ce <__gnu_unwind_pr_common+0x12e>
20000976:	2d00      	cmp	r5, #0
20000978:	d000      	beq.n	2000097c <__gnu_unwind_pr_common+0xdc>
2000097a:	e095      	b.n	20000aa8 <__gnu_unwind_pr_common+0x208>
2000097c:	9a02      	ldr	r2, [sp, #8]
2000097e:	2a00      	cmp	r2, #0
20000980:	d002      	beq.n	20000988 <__gnu_unwind_pr_common+0xe8>
20000982:	2b00      	cmp	r3, #0
20000984:	d000      	beq.n	20000988 <__gnu_unwind_pr_common+0xe8>
20000986:	e0b8      	b.n	20000afa <__gnu_unwind_pr_common+0x25a>
20000988:	3404      	adds	r4, #4
2000098a:	6823      	ldr	r3, [r4, #0]
2000098c:	469b      	mov	fp, r3
2000098e:	2b00      	cmp	r3, #0
20000990:	d1ce      	bne.n	20000930 <__gnu_unwind_pr_common+0x90>
20000992:	464e      	mov	r6, r9
20000994:	4641      	mov	r1, r8
20000996:	0030      	movs	r0, r6
20000998:	f000 fb22 	bl	20000fe0 <__gnu_unwind_execute>
2000099c:	2800      	cmp	r0, #0
2000099e:	d000      	beq.n	200009a2 <__gnu_unwind_pr_common+0x102>
200009a0:	e082      	b.n	20000aa8 <__gnu_unwind_pr_common+0x208>
200009a2:	9b04      	ldr	r3, [sp, #16]
200009a4:	2b00      	cmp	r3, #0
200009a6:	d0a8      	beq.n	200008fa <__gnu_unwind_pr_common+0x5a>
200009a8:	210f      	movs	r1, #15
200009aa:	0030      	movs	r0, r6
200009ac:	f7ff ff02 	bl	200007b4 <_Unwind_GetGR>
200009b0:	210e      	movs	r1, #14
200009b2:	0002      	movs	r2, r0
200009b4:	0030      	movs	r0, r6
200009b6:	f7ff ff2b 	bl	20000810 <_Unwind_SetGR>
200009ba:	0030      	movs	r0, r6
200009bc:	210f      	movs	r1, #15
200009be:	4a6d      	ldr	r2, [pc, #436]	@ (20000b74 <__gnu_unwind_pr_common+0x2d4>)
200009c0:	f7ff ff26 	bl	20000810 <_Unwind_SetGR>
200009c4:	2007      	movs	r0, #7
200009c6:	e799      	b.n	200008fc <__gnu_unwind_pr_common+0x5c>
200009c8:	6865      	ldr	r5, [r4, #4]
200009ca:	3408      	adds	r4, #8
200009cc:	e7b7      	b.n	2000093e <__gnu_unwind_pr_common+0x9e>
200009ce:	6825      	ldr	r5, [r4, #0]
200009d0:	006a      	lsls	r2, r5, #1
200009d2:	0852      	lsrs	r2, r2, #1
200009d4:	4693      	mov	fp, r2
200009d6:	9a02      	ldr	r2, [sp, #8]
200009d8:	2a00      	cmp	r2, #0
200009da:	d149      	bne.n	20000a70 <__gnu_unwind_pr_common+0x1d0>
200009dc:	2b00      	cmp	r3, #0
200009de:	d005      	beq.n	200009ec <__gnu_unwind_pr_common+0x14c>
200009e0:	9b03      	ldr	r3, [sp, #12]
200009e2:	2b00      	cmp	r3, #0
200009e4:	d062      	beq.n	20000aac <__gnu_unwind_pr_common+0x20c>
200009e6:	465b      	mov	r3, fp
200009e8:	2b00      	cmp	r3, #0
200009ea:	d05f      	beq.n	20000aac <__gnu_unwind_pr_common+0x20c>
200009ec:	2d00      	cmp	r5, #0
200009ee:	da00      	bge.n	200009f2 <__gnu_unwind_pr_common+0x152>
200009f0:	3404      	adds	r4, #4
200009f2:	465b      	mov	r3, fp
200009f4:	3301      	adds	r3, #1
200009f6:	009b      	lsls	r3, r3, #2
200009f8:	18e4      	adds	r4, r4, r3
200009fa:	e7c6      	b.n	2000098a <__gnu_unwind_pr_common+0xea>
200009fc:	9a02      	ldr	r2, [sp, #8]
200009fe:	2a00      	cmp	r2, #0
20000a00:	d119      	bne.n	20000a36 <__gnu_unwind_pr_common+0x196>
20000a02:	2b00      	cmp	r3, #0
20000a04:	d015      	beq.n	20000a32 <__gnu_unwind_pr_common+0x192>
20000a06:	6825      	ldr	r5, [r4, #0]
20000a08:	6863      	ldr	r3, [r4, #4]
20000a0a:	0fed      	lsrs	r5, r5, #31
20000a0c:	1c9a      	adds	r2, r3, #2
20000a0e:	d04b      	beq.n	20000aa8 <__gnu_unwind_pr_common+0x208>
20000a10:	4652      	mov	r2, sl
20000a12:	3258      	adds	r2, #88	@ 0x58
20000a14:	9206      	str	r2, [sp, #24]
20000a16:	3301      	adds	r3, #1
20000a18:	d100      	bne.n	20000a1c <__gnu_unwind_pr_common+0x17c>
20000a1a:	e09a      	b.n	20000b52 <__gnu_unwind_pr_common+0x2b2>
20000a1c:	1d20      	adds	r0, r4, #4
20000a1e:	f7ff fda7 	bl	20000570 <_Unwind_decode_typeinfo_ptr.constprop.0>
20000a22:	002a      	movs	r2, r5
20000a24:	0001      	movs	r1, r0
20000a26:	ab06      	add	r3, sp, #24
20000a28:	4650      	mov	r0, sl
20000a2a:	f000 fc85 	bl	20001338 <____cxa_type_match_veneer>
20000a2e:	2800      	cmp	r0, #0
20000a30:	d177      	bne.n	20000b22 <__gnu_unwind_pr_common+0x282>
20000a32:	3408      	adds	r4, #8
20000a34:	e7a9      	b.n	2000098a <__gnu_unwind_pr_common+0xea>
20000a36:	4653      	mov	r3, sl
20000a38:	210d      	movs	r1, #13
20000a3a:	4648      	mov	r0, r9
20000a3c:	6a1d      	ldr	r5, [r3, #32]
20000a3e:	f7ff feb9 	bl	200007b4 <_Unwind_GetGR>
20000a42:	4285      	cmp	r5, r0
20000a44:	d1f5      	bne.n	20000a32 <__gnu_unwind_pr_common+0x192>
20000a46:	4653      	mov	r3, sl
20000a48:	6a9b      	ldr	r3, [r3, #40]	@ 0x28
20000a4a:	429c      	cmp	r4, r3
20000a4c:	d1f1      	bne.n	20000a32 <__gnu_unwind_pr_common+0x192>
20000a4e:	4655      	mov	r5, sl
20000a50:	464e      	mov	r6, r9
20000a52:	0020      	movs	r0, r4
20000a54:	f7ff fcbc 	bl	200003d0 <selfrel_offset31>
20000a58:	210f      	movs	r1, #15
20000a5a:	0002      	movs	r2, r0
20000a5c:	0030      	movs	r0, r6
20000a5e:	f7ff fed7 	bl	20000810 <_Unwind_SetGR>
20000a62:	0030      	movs	r0, r6
20000a64:	002a      	movs	r2, r5
20000a66:	2100      	movs	r1, #0
20000a68:	f7ff fed2 	bl	20000810 <_Unwind_SetGR>
20000a6c:	2007      	movs	r0, #7
20000a6e:	e745      	b.n	200008fc <__gnu_unwind_pr_common+0x5c>
20000a70:	4653      	mov	r3, sl
20000a72:	210d      	movs	r1, #13
20000a74:	4648      	mov	r0, r9
20000a76:	6a1e      	ldr	r6, [r3, #32]
20000a78:	f7ff fe9c 	bl	200007b4 <_Unwind_GetGR>
20000a7c:	4286      	cmp	r6, r0
20000a7e:	d1b5      	bne.n	200009ec <__gnu_unwind_pr_common+0x14c>
20000a80:	4653      	mov	r3, sl
20000a82:	6a9b      	ldr	r3, [r3, #40]	@ 0x28
20000a84:	429c      	cmp	r4, r3
20000a86:	d1b1      	bne.n	200009ec <__gnu_unwind_pr_common+0x14c>
20000a88:	4653      	mov	r3, sl
20000a8a:	465a      	mov	r2, fp
20000a8c:	629a      	str	r2, [r3, #40]	@ 0x28
20000a8e:	4652      	mov	r2, sl
20000a90:	2300      	movs	r3, #0
20000a92:	62d3      	str	r3, [r2, #44]	@ 0x2c
20000a94:	3304      	adds	r3, #4
20000a96:	6313      	str	r3, [r2, #48]	@ 0x30
20000a98:	1d23      	adds	r3, r4, #4
20000a9a:	6353      	str	r3, [r2, #52]	@ 0x34
20000a9c:	6823      	ldr	r3, [r4, #0]
20000a9e:	2b00      	cmp	r3, #0
20000aa0:	db61      	blt.n	20000b66 <__gnu_unwind_pr_common+0x2c6>
20000aa2:	2301      	movs	r3, #1
20000aa4:	9304      	str	r3, [sp, #16]
20000aa6:	e7a4      	b.n	200009f2 <__gnu_unwind_pr_common+0x152>
20000aa8:	2009      	movs	r0, #9
20000aaa:	e727      	b.n	200008fc <__gnu_unwind_pr_common+0x5c>
20000aac:	2358      	movs	r3, #88	@ 0x58
20000aae:	4453      	add	r3, sl
20000ab0:	9305      	str	r3, [sp, #20]
20000ab2:	465b      	mov	r3, fp
20000ab4:	1d26      	adds	r6, r4, #4
20000ab6:	46a3      	mov	fp, r4
20000ab8:	2500      	movs	r5, #0
20000aba:	001c      	movs	r4, r3
20000abc:	e00e      	b.n	20000adc <__gnu_unwind_pr_common+0x23c>
20000abe:	9b05      	ldr	r3, [sp, #20]
20000ac0:	0030      	movs	r0, r6
20000ac2:	9306      	str	r3, [sp, #24]
20000ac4:	f7ff fd54 	bl	20000570 <_Unwind_decode_typeinfo_ptr.constprop.0>
20000ac8:	2200      	movs	r2, #0
20000aca:	0001      	movs	r1, r0
20000acc:	ab06      	add	r3, sp, #24
20000ace:	4650      	mov	r0, sl
20000ad0:	f000 fc32 	bl	20001338 <____cxa_type_match_veneer>
20000ad4:	3501      	adds	r5, #1
20000ad6:	3604      	adds	r6, #4
20000ad8:	2800      	cmp	r0, #0
20000ada:	d135      	bne.n	20000b48 <__gnu_unwind_pr_common+0x2a8>
20000adc:	42a5      	cmp	r5, r4
20000ade:	d1ee      	bne.n	20000abe <__gnu_unwind_pr_common+0x21e>
20000ae0:	464e      	mov	r6, r9
20000ae2:	210d      	movs	r1, #13
20000ae4:	0030      	movs	r0, r6
20000ae6:	f7ff fe65 	bl	200007b4 <_Unwind_GetGR>
20000aea:	4655      	mov	r5, sl
20000aec:	465c      	mov	r4, fp
20000aee:	9b06      	ldr	r3, [sp, #24]
20000af0:	6228      	str	r0, [r5, #32]
20000af2:	626b      	str	r3, [r5, #36]	@ 0x24
20000af4:	2006      	movs	r0, #6
20000af6:	62ac      	str	r4, [r5, #40]	@ 0x28
20000af8:	e700      	b.n	200008fc <__gnu_unwind_pr_common+0x5c>
20000afa:	0020      	movs	r0, r4
20000afc:	f7ff fc68 	bl	200003d0 <selfrel_offset31>
20000b00:	4655      	mov	r5, sl
20000b02:	3404      	adds	r4, #4
20000b04:	0007      	movs	r7, r0
20000b06:	63ac      	str	r4, [r5, #56]	@ 0x38
20000b08:	0028      	movs	r0, r5
20000b0a:	464e      	mov	r6, r9
20000b0c:	f000 fc0c 	bl	20001328 <____cxa_begin_cleanup_veneer>
20000b10:	2800      	cmp	r0, #0
20000b12:	d0c9      	beq.n	20000aa8 <__gnu_unwind_pr_common+0x208>
20000b14:	0030      	movs	r0, r6
20000b16:	003a      	movs	r2, r7
20000b18:	210f      	movs	r1, #15
20000b1a:	f7ff fe79 	bl	20000810 <_Unwind_SetGR>
20000b1e:	2007      	movs	r0, #7
20000b20:	e6ec      	b.n	200008fc <__gnu_unwind_pr_common+0x5c>
20000b22:	464e      	mov	r6, r9
20000b24:	4681      	mov	r9, r0
20000b26:	210d      	movs	r1, #13
20000b28:	0030      	movs	r0, r6
20000b2a:	f7ff fe43 	bl	200007b4 <_Unwind_GetGR>
20000b2e:	4655      	mov	r5, sl
20000b30:	464b      	mov	r3, r9
20000b32:	9f06      	ldr	r7, [sp, #24]
20000b34:	6228      	str	r0, [r5, #32]
20000b36:	2b02      	cmp	r3, #2
20000b38:	d102      	bne.n	20000b40 <__gnu_unwind_pr_common+0x2a0>
20000b3a:	62ef      	str	r7, [r5, #44]	@ 0x2c
20000b3c:	002f      	movs	r7, r5
20000b3e:	372c      	adds	r7, #44	@ 0x2c
20000b40:	2006      	movs	r0, #6
20000b42:	626f      	str	r7, [r5, #36]	@ 0x24
20000b44:	62ac      	str	r4, [r5, #40]	@ 0x28
20000b46:	e6d9      	b.n	200008fc <__gnu_unwind_pr_common+0x5c>
20000b48:	0023      	movs	r3, r4
20000b4a:	465c      	mov	r4, fp
20000b4c:	469b      	mov	fp, r3
20000b4e:	6825      	ldr	r5, [r4, #0]
20000b50:	e74c      	b.n	200009ec <__gnu_unwind_pr_common+0x14c>
20000b52:	464e      	mov	r6, r9
20000b54:	210d      	movs	r1, #13
20000b56:	0030      	movs	r0, r6
20000b58:	4655      	mov	r5, sl
20000b5a:	4692      	mov	sl, r2
20000b5c:	f7ff fe2a 	bl	200007b4 <_Unwind_GetGR>
20000b60:	4657      	mov	r7, sl
20000b62:	6228      	str	r0, [r5, #32]
20000b64:	e7ec      	b.n	20000b40 <__gnu_unwind_pr_common+0x2a0>
20000b66:	4658      	mov	r0, fp
20000b68:	3001      	adds	r0, #1
20000b6a:	0080      	lsls	r0, r0, #2
20000b6c:	4655      	mov	r5, sl
20000b6e:	464e      	mov	r6, r9
20000b70:	1820      	adds	r0, r4, r0
20000b72:	e76f      	b.n	20000a54 <__gnu_unwind_pr_common+0x1b4>
20000b74:	10006c29 	.word	0x10006c29

20000b78 <__aeabi_unwind_cpp_pr0>:
20000b78:	b510      	push	{r4, lr}
20000b7a:	2300      	movs	r3, #0
20000b7c:	f7ff fe90 	bl	200008a0 <__gnu_unwind_pr_common>
20000b80:	bd10      	pop	{r4, pc}
20000b82:	46c0      	nop			@ (mov r8, r8)

20000b84 <__aeabi_unwind_cpp_pr1>:
20000b84:	b510      	push	{r4, lr}
20000b86:	2301      	movs	r3, #1
20000b88:	f7ff fe8a 	bl	200008a0 <__gnu_unwind_pr_common>
20000b8c:	bd10      	pop	{r4, pc}
20000b8e:	46c0      	nop			@ (mov r8, r8)

20000b90 <__aeabi_unwind_cpp_pr2>:
20000b90:	b510      	push	{r4, lr}
20000b92:	2302      	movs	r3, #2
20000b94:	f7ff fe84 	bl	200008a0 <__gnu_unwind_pr_common>
20000b98:	bd10      	pop	{r4, pc}
20000b9a:	46c0      	nop			@ (mov r8, r8)

20000b9c <_Unwind_VRS_Pop>:
20000b9c:	b5f0      	push	{r4, r5, r6, r7, lr}
20000b9e:	4646      	mov	r6, r8
20000ba0:	46d6      	mov	lr, sl
20000ba2:	464f      	mov	r7, r9
20000ba4:	b5c0      	push	{r6, r7, lr}
20000ba6:	0005      	movs	r5, r0
20000ba8:	0014      	movs	r4, r2
20000baa:	001e      	movs	r6, r3
20000bac:	b0c2      	sub	sp, #264	@ 0x108
20000bae:	2905      	cmp	r1, #5
20000bb0:	d807      	bhi.n	20000bc2 <_Unwind_VRS_Pop+0x26>
20000bb2:	4ba4      	ldr	r3, [pc, #656]	@ (20000e44 <_Unwind_VRS_Pop+0x2a8>)
20000bb4:	0089      	lsls	r1, r1, #2
20000bb6:	585b      	ldr	r3, [r3, r1]
20000bb8:	469f      	mov	pc, r3
20000bba:	191b      	adds	r3, r3, r4
20000bbc:	2b10      	cmp	r3, #16
20000bbe:	d800      	bhi.n	20000bc2 <_Unwind_VRS_Pop+0x26>
20000bc0:	e0b2      	b.n	20000d28 <_Unwind_VRS_Pop+0x18c>
20000bc2:	2002      	movs	r0, #2
20000bc4:	b042      	add	sp, #264	@ 0x108
20000bc6:	bce0      	pop	{r5, r6, r7}
20000bc8:	46ba      	mov	sl, r7
20000bca:	46b1      	mov	r9, r6
20000bcc:	46a8      	mov	r8, r5
20000bce:	bdf0      	pop	{r4, r5, r6, r7, pc}
20000bd0:	6b83      	ldr	r3, [r0, #56]	@ 0x38
20000bd2:	2a00      	cmp	r2, #0
20000bd4:	d1f5      	bne.n	20000bc2 <_Unwind_VRS_Pop+0x26>
20000bd6:	cb04      	ldmia	r3!, {r2}
20000bd8:	6442      	str	r2, [r0, #68]	@ 0x44
20000bda:	6383      	str	r3, [r0, #56]	@ 0x38
20000bdc:	2000      	movs	r0, #0
20000bde:	e7f1      	b.n	20000bc4 <_Unwind_VRS_Pop+0x28>
20000be0:	2e00      	cmp	r6, #0
20000be2:	d1ee      	bne.n	20000bc2 <_Unwind_VRS_Pop+0x26>
20000be4:	2300      	movs	r3, #0
20000be6:	2701      	movs	r7, #1
20000be8:	0416      	lsls	r6, r2, #16
20000bea:	6b82      	ldr	r2, [r0, #56]	@ 0x38
20000bec:	0c36      	lsrs	r6, r6, #16
20000bee:	1d01      	adds	r1, r0, #4
20000bf0:	0038      	movs	r0, r7
20000bf2:	4098      	lsls	r0, r3
20000bf4:	4206      	tst	r6, r0
20000bf6:	d001      	beq.n	20000bfc <_Unwind_VRS_Pop+0x60>
20000bf8:	ca01      	ldmia	r2!, {r0}
20000bfa:	6008      	str	r0, [r1, #0]
20000bfc:	3301      	adds	r3, #1
20000bfe:	3104      	adds	r1, #4
20000c00:	2b10      	cmp	r3, #16
20000c02:	d1f5      	bne.n	20000bf0 <_Unwind_VRS_Pop+0x54>
20000c04:	04a4      	lsls	r4, r4, #18
20000c06:	d4e9      	bmi.n	20000bdc <_Unwind_VRS_Pop+0x40>
20000c08:	2000      	movs	r0, #0
20000c0a:	63aa      	str	r2, [r5, #56]	@ 0x38
20000c0c:	e7da      	b.n	20000bc4 <_Unwind_VRS_Pop+0x28>
20000c0e:	2e03      	cmp	r6, #3
20000c10:	d1d7      	bne.n	20000bc2 <_Unwind_VRS_Pop+0x26>
20000c12:	0414      	lsls	r4, r2, #16
20000c14:	0c16      	lsrs	r6, r2, #16
20000c16:	0c24      	lsrs	r4, r4, #16
20000c18:	1933      	adds	r3, r6, r4
20000c1a:	2b10      	cmp	r3, #16
20000c1c:	d8d1      	bhi.n	20000bc2 <_Unwind_VRS_Pop+0x26>
20000c1e:	2208      	movs	r2, #8
20000c20:	6803      	ldr	r3, [r0, #0]
20000c22:	421a      	tst	r2, r3
20000c24:	d000      	beq.n	20000c28 <_Unwind_VRS_Pop+0x8c>
20000c26:	e0d6      	b.n	20000dd6 <_Unwind_VRS_Pop+0x23a>
20000c28:	af20      	add	r7, sp, #128	@ 0x80
20000c2a:	0038      	movs	r0, r7
20000c2c:	f000 f930 	bl	20000e90 <__gnu_Unwind_Save_WMMXD>
20000c30:	6bab      	ldr	r3, [r5, #56]	@ 0x38
20000c32:	0061      	lsls	r1, r4, #1
20000c34:	469c      	mov	ip, r3
20000c36:	00f6      	lsls	r6, r6, #3
20000c38:	1e4a      	subs	r2, r1, #1
20000c3a:	2900      	cmp	r1, #0
20000c3c:	d00a      	beq.n	20000c54 <_Unwind_VRS_Pop+0xb8>
20000c3e:	1af6      	subs	r6, r6, r3
20000c40:	3e04      	subs	r6, #4
20000c42:	19be      	adds	r6, r7, r6
20000c44:	0018      	movs	r0, r3
20000c46:	6800      	ldr	r0, [r0, #0]
20000c48:	3304      	adds	r3, #4
20000c4a:	5198      	str	r0, [r3, r6]
20000c4c:	3a01      	subs	r2, #1
20000c4e:	d2f9      	bcs.n	20000c44 <_Unwind_VRS_Pop+0xa8>
20000c50:	00e4      	lsls	r4, r4, #3
20000c52:	44a4      	add	ip, r4
20000c54:	4663      	mov	r3, ip
20000c56:	0038      	movs	r0, r7
20000c58:	63ab      	str	r3, [r5, #56]	@ 0x38
20000c5a:	f000 f917 	bl	20000e8c <__gnu_Unwind_Restore_WMMXD>
20000c5e:	2000      	movs	r0, #0
20000c60:	e7b0      	b.n	20000bc4 <_Unwind_VRS_Pop+0x28>
20000c62:	0c13      	lsrs	r3, r2, #16
20000c64:	0414      	lsls	r4, r2, #16
20000c66:	4698      	mov	r8, r3
20000c68:	0c24      	lsrs	r4, r4, #16
20000c6a:	2e01      	cmp	r6, #1
20000c6c:	d0a5      	beq.n	20000bba <_Unwind_VRS_Pop+0x1e>
20000c6e:	2e05      	cmp	r6, #5
20000c70:	d1a7      	bne.n	20000bc2 <_Unwind_VRS_Pop+0x26>
20000c72:	191f      	adds	r7, r3, r4
20000c74:	2f20      	cmp	r7, #32
20000c76:	d8a4      	bhi.n	20000bc2 <_Unwind_VRS_Pop+0x26>
20000c78:	2b0f      	cmp	r3, #15
20000c7a:	d800      	bhi.n	20000c7e <_Unwind_VRS_Pop+0xe2>
20000c7c:	e08c      	b.n	20000d98 <_Unwind_VRS_Pop+0x1fc>
20000c7e:	2c00      	cmp	r4, #0
20000c80:	d0ac      	beq.n	20000bdc <_Unwind_VRS_Pop+0x40>
20000c82:	2204      	movs	r2, #4
20000c84:	6803      	ldr	r3, [r0, #0]
20000c86:	46a2      	mov	sl, r4
20000c88:	421a      	tst	r2, r3
20000c8a:	d004      	beq.n	20000c96 <_Unwind_VRS_Pop+0xfa>
20000c8c:	4393      	bics	r3, r2
20000c8e:	6003      	str	r3, [r0, #0]
20000c90:	30d8      	adds	r0, #216	@ 0xd8
20000c92:	f000 f8f9 	bl	20000e88 <__gnu_Unwind_Save_VFP_D_16_to_31>
20000c96:	46e9      	mov	r9, sp
20000c98:	4668      	mov	r0, sp
20000c9a:	f000 f8f5 	bl	20000e88 <__gnu_Unwind_Save_VFP_D_16_to_31>
20000c9e:	6ba9      	ldr	r1, [r5, #56]	@ 0x38
20000ca0:	4653      	mov	r3, sl
20000ca2:	4647      	mov	r7, r8
20000ca4:	005c      	lsls	r4, r3, #1
20000ca6:	2f10      	cmp	r7, #16
20000ca8:	d200      	bcs.n	20000cac <_Unwind_VRS_Pop+0x110>
20000caa:	2710      	movs	r7, #16
20000cac:	3c01      	subs	r4, #1
20000cae:	0022      	movs	r2, r4
20000cb0:	2300      	movs	r3, #0
20000cb2:	3f10      	subs	r7, #16
20000cb4:	00ff      	lsls	r7, r7, #3
20000cb6:	444f      	add	r7, r9
20000cb8:	58c8      	ldr	r0, [r1, r3]
20000cba:	50f8      	str	r0, [r7, r3]
20000cbc:	3304      	adds	r3, #4
20000cbe:	3a01      	subs	r2, #1
20000cc0:	d2fa      	bcs.n	20000cb8 <_Unwind_VRS_Pop+0x11c>
20000cc2:	3104      	adds	r1, #4
20000cc4:	00a4      	lsls	r4, r4, #2
20000cc6:	1909      	adds	r1, r1, r4
20000cc8:	af20      	add	r7, sp, #128	@ 0x80
20000cca:	2e01      	cmp	r6, #1
20000ccc:	d100      	bne.n	20000cd0 <_Unwind_VRS_Pop+0x134>
20000cce:	e0a5      	b.n	20000e1c <_Unwind_VRS_Pop+0x280>
20000cd0:	4643      	mov	r3, r8
20000cd2:	63a9      	str	r1, [r5, #56]	@ 0x38
20000cd4:	2b0f      	cmp	r3, #15
20000cd6:	d800      	bhi.n	20000cda <_Unwind_VRS_Pop+0x13e>
20000cd8:	e0a7      	b.n	20000e2a <_Unwind_VRS_Pop+0x28e>
20000cda:	4648      	mov	r0, r9
20000cdc:	f000 f8d2 	bl	20000e84 <__gnu_Unwind_Restore_VFP_D_16_to_31>
20000ce0:	2000      	movs	r0, #0
20000ce2:	e76f      	b.n	20000bc4 <_Unwind_VRS_Pop+0x28>
20000ce4:	2e00      	cmp	r6, #0
20000ce6:	d000      	beq.n	20000cea <_Unwind_VRS_Pop+0x14e>
20000ce8:	e76b      	b.n	20000bc2 <_Unwind_VRS_Pop+0x26>
20000cea:	2a10      	cmp	r2, #16
20000cec:	d900      	bls.n	20000cf0 <_Unwind_VRS_Pop+0x154>
20000cee:	e768      	b.n	20000bc2 <_Unwind_VRS_Pop+0x26>
20000cf0:	2210      	movs	r2, #16
20000cf2:	6803      	ldr	r3, [r0, #0]
20000cf4:	421a      	tst	r2, r3
20000cf6:	d167      	bne.n	20000dc8 <_Unwind_VRS_Pop+0x22c>
20000cf8:	af20      	add	r7, sp, #128	@ 0x80
20000cfa:	0038      	movs	r0, r7
20000cfc:	f000 f8cc 	bl	20000e98 <__gnu_Unwind_Save_WMMXC>
20000d00:	2601      	movs	r6, #1
20000d02:	0039      	movs	r1, r7
20000d04:	2300      	movs	r3, #0
20000d06:	6baa      	ldr	r2, [r5, #56]	@ 0x38
20000d08:	0030      	movs	r0, r6
20000d0a:	4098      	lsls	r0, r3
20000d0c:	4204      	tst	r4, r0
20000d0e:	d001      	beq.n	20000d14 <_Unwind_VRS_Pop+0x178>
20000d10:	ca01      	ldmia	r2!, {r0}
20000d12:	6008      	str	r0, [r1, #0]
20000d14:	3301      	adds	r3, #1
20000d16:	3104      	adds	r1, #4
20000d18:	2b04      	cmp	r3, #4
20000d1a:	d1f5      	bne.n	20000d08 <_Unwind_VRS_Pop+0x16c>
20000d1c:	0038      	movs	r0, r7
20000d1e:	63aa      	str	r2, [r5, #56]	@ 0x38
20000d20:	f000 f8b8 	bl	20000e94 <__gnu_Unwind_Restore_WMMXC>
20000d24:	2000      	movs	r0, #0
20000d26:	e74d      	b.n	20000bc4 <_Unwind_VRS_Pop+0x28>
20000d28:	4643      	mov	r3, r8
20000d2a:	2b10      	cmp	r3, #16
20000d2c:	d100      	bne.n	20000d30 <_Unwind_VRS_Pop+0x194>
20000d2e:	e748      	b.n	20000bc2 <_Unwind_VRS_Pop+0x26>
20000d30:	6803      	ldr	r3, [r0, #0]
20000d32:	421e      	tst	r6, r3
20000d34:	d006      	beq.n	20000d44 <_Unwind_VRS_Pop+0x1a8>
20000d36:	2203      	movs	r2, #3
20000d38:	0028      	movs	r0, r5
20000d3a:	4393      	bics	r3, r2
20000d3c:	602b      	str	r3, [r5, #0]
20000d3e:	3050      	adds	r0, #80	@ 0x50
20000d40:	f000 f89a 	bl	20000e78 <__gnu_Unwind_Save_VFP>
20000d44:	af20      	add	r7, sp, #128	@ 0x80
20000d46:	0038      	movs	r0, r7
20000d48:	f000 f896 	bl	20000e78 <__gnu_Unwind_Save_VFP>
20000d4c:	6ba9      	ldr	r1, [r5, #56]	@ 0x38
20000d4e:	2c00      	cmp	r4, #0
20000d50:	d064      	beq.n	20000e1c <_Unwind_VRS_Pop+0x280>
20000d52:	2300      	movs	r3, #0
20000d54:	469a      	mov	sl, r3
20000d56:	4643      	mov	r3, r8
20000d58:	0062      	lsls	r2, r4, #1
20000d5a:	00dc      	lsls	r4, r3, #3
20000d5c:	1e53      	subs	r3, r2, #1
20000d5e:	4699      	mov	r9, r3
20000d60:	001a      	movs	r2, r3
20000d62:	2300      	movs	r3, #0
20000d64:	193c      	adds	r4, r7, r4
20000d66:	58c8      	ldr	r0, [r1, r3]
20000d68:	50e0      	str	r0, [r4, r3]
20000d6a:	3304      	adds	r3, #4
20000d6c:	3a01      	subs	r2, #1
20000d6e:	d2fa      	bcs.n	20000d66 <_Unwind_VRS_Pop+0x1ca>
20000d70:	464b      	mov	r3, r9
20000d72:	3104      	adds	r1, #4
20000d74:	009b      	lsls	r3, r3, #2
20000d76:	1859      	adds	r1, r3, r1
20000d78:	4653      	mov	r3, sl
20000d7a:	46e9      	mov	r9, sp
20000d7c:	2b00      	cmp	r3, #0
20000d7e:	d18f      	bne.n	20000ca0 <_Unwind_VRS_Pop+0x104>
20000d80:	2e01      	cmp	r6, #1
20000d82:	d04b      	beq.n	20000e1c <_Unwind_VRS_Pop+0x280>
20000d84:	4643      	mov	r3, r8
20000d86:	63a9      	str	r1, [r5, #56]	@ 0x38
20000d88:	2b0f      	cmp	r3, #15
20000d8a:	d900      	bls.n	20000d8e <_Unwind_VRS_Pop+0x1f2>
20000d8c:	e726      	b.n	20000bdc <_Unwind_VRS_Pop+0x40>
20000d8e:	0038      	movs	r0, r7
20000d90:	f000 f874 	bl	20000e7c <__gnu_Unwind_Restore_VFP_D>
20000d94:	2000      	movs	r0, #0
20000d96:	e715      	b.n	20000bc4 <_Unwind_VRS_Pop+0x28>
20000d98:	2201      	movs	r2, #1
20000d9a:	0011      	movs	r1, r2
20000d9c:	6803      	ldr	r3, [r0, #0]
20000d9e:	4019      	ands	r1, r3
20000da0:	2f10      	cmp	r7, #16
20000da2:	d81f      	bhi.n	20000de4 <_Unwind_VRS_Pop+0x248>
20000da4:	2900      	cmp	r1, #0
20000da6:	d007      	beq.n	20000db8 <_Unwind_VRS_Pop+0x21c>
20000da8:	4393      	bics	r3, r2
20000daa:	2202      	movs	r2, #2
20000dac:	0028      	movs	r0, r5
20000dae:	4313      	orrs	r3, r2
20000db0:	602b      	str	r3, [r5, #0]
20000db2:	3050      	adds	r0, #80	@ 0x50
20000db4:	f000 f864 	bl	20000e80 <__gnu_Unwind_Save_VFP_D>
20000db8:	af20      	add	r7, sp, #128	@ 0x80
20000dba:	0038      	movs	r0, r7
20000dbc:	f000 f860 	bl	20000e80 <__gnu_Unwind_Save_VFP_D>
20000dc0:	2c00      	cmp	r4, #0
20000dc2:	d0e4      	beq.n	20000d8e <_Unwind_VRS_Pop+0x1f2>
20000dc4:	6ba9      	ldr	r1, [r5, #56]	@ 0x38
20000dc6:	e7c4      	b.n	20000d52 <_Unwind_VRS_Pop+0x1b6>
20000dc8:	4393      	bics	r3, r2
20000dca:	6003      	str	r3, [r0, #0]
20000dcc:	30d9      	adds	r0, #217	@ 0xd9
20000dce:	30ff      	adds	r0, #255	@ 0xff
20000dd0:	f000 f862 	bl	20000e98 <__gnu_Unwind_Save_WMMXC>
20000dd4:	e790      	b.n	20000cf8 <_Unwind_VRS_Pop+0x15c>
20000dd6:	4393      	bics	r3, r2
20000dd8:	6003      	str	r3, [r0, #0]
20000dda:	3059      	adds	r0, #89	@ 0x59
20000ddc:	30ff      	adds	r0, #255	@ 0xff
20000dde:	f000 f857 	bl	20000e90 <__gnu_Unwind_Save_WMMXD>
20000de2:	e721      	b.n	20000c28 <_Unwind_VRS_Pop+0x8c>
20000de4:	2900      	cmp	r1, #0
20000de6:	d007      	beq.n	20000df8 <_Unwind_VRS_Pop+0x25c>
20000de8:	4393      	bics	r3, r2
20000dea:	2202      	movs	r2, #2
20000dec:	4313      	orrs	r3, r2
20000dee:	6003      	str	r3, [r0, #0]
20000df0:	3050      	adds	r0, #80	@ 0x50
20000df2:	f000 f845 	bl	20000e80 <__gnu_Unwind_Save_VFP_D>
20000df6:	682b      	ldr	r3, [r5, #0]
20000df8:	075a      	lsls	r2, r3, #29
20000dfa:	d41a      	bmi.n	20000e32 <_Unwind_VRS_Pop+0x296>
20000dfc:	2310      	movs	r3, #16
20000dfe:	425b      	negs	r3, r3
20000e00:	469a      	mov	sl, r3
20000e02:	44ba      	add	sl, r7
20000e04:	af20      	add	r7, sp, #128	@ 0x80
20000e06:	0038      	movs	r0, r7
20000e08:	f000 f83a 	bl	20000e80 <__gnu_Unwind_Save_VFP_D>
20000e0c:	4668      	mov	r0, sp
20000e0e:	f000 f83b 	bl	20000e88 <__gnu_Unwind_Save_VFP_D_16_to_31>
20000e12:	2410      	movs	r4, #16
20000e14:	4643      	mov	r3, r8
20000e16:	6ba9      	ldr	r1, [r5, #56]	@ 0x38
20000e18:	1ae4      	subs	r4, r4, r3
20000e1a:	e79c      	b.n	20000d56 <_Unwind_VRS_Pop+0x1ba>
20000e1c:	3104      	adds	r1, #4
20000e1e:	0038      	movs	r0, r7
20000e20:	63a9      	str	r1, [r5, #56]	@ 0x38
20000e22:	f000 f827 	bl	20000e74 <__gnu_Unwind_Restore_VFP>
20000e26:	2000      	movs	r0, #0
20000e28:	e6cc      	b.n	20000bc4 <_Unwind_VRS_Pop+0x28>
20000e2a:	a820      	add	r0, sp, #128	@ 0x80
20000e2c:	f000 f826 	bl	20000e7c <__gnu_Unwind_Restore_VFP_D>
20000e30:	e753      	b.n	20000cda <_Unwind_VRS_Pop+0x13e>
20000e32:	2204      	movs	r2, #4
20000e34:	0028      	movs	r0, r5
20000e36:	4393      	bics	r3, r2
20000e38:	602b      	str	r3, [r5, #0]
20000e3a:	30d8      	adds	r0, #216	@ 0xd8
20000e3c:	f000 f824 	bl	20000e88 <__gnu_Unwind_Save_VFP_D_16_to_31>
20000e40:	e7dc      	b.n	20000dfc <_Unwind_VRS_Pop+0x260>
20000e42:	46c0      	nop			@ (mov r8, r8)
20000e44:	20001388 	.word	0x20001388

20000e48 <__restore_core_regs>:
20000e48:	0001      	movs	r1, r0
20000e4a:	3134      	adds	r1, #52	@ 0x34
20000e4c:	c938      	ldmia	r1!, {r3, r4, r5}
20000e4e:	3b04      	subs	r3, #4
20000e50:	469c      	mov	ip, r3
20000e52:	601d      	str	r5, [r3, #0]
20000e54:	46a6      	mov	lr, r4
20000e56:	0001      	movs	r1, r0
20000e58:	3120      	adds	r1, #32
20000e5a:	c93c      	ldmia	r1!, {r2, r3, r4, r5}
20000e5c:	4690      	mov	r8, r2
20000e5e:	4699      	mov	r9, r3
20000e60:	46a2      	mov	sl, r4
20000e62:	46ab      	mov	fp, r5
20000e64:	0001      	movs	r1, r0
20000e66:	3108      	adds	r1, #8
20000e68:	c9fc      	ldmia	r1!, {r2, r3, r4, r5, r6, r7}
20000e6a:	6841      	ldr	r1, [r0, #4]
20000e6c:	6800      	ldr	r0, [r0, #0]
20000e6e:	46e5      	mov	sp, ip
20000e70:	bd00      	pop	{pc}
20000e72:	46c0      	nop			@ (mov r8, r8)

20000e74 <__gnu_Unwind_Restore_VFP>:
20000e74:	4770      	bx	lr
20000e76:	46c0      	nop			@ (mov r8, r8)

20000e78 <__gnu_Unwind_Save_VFP>:
20000e78:	4770      	bx	lr
20000e7a:	46c0      	nop			@ (mov r8, r8)

20000e7c <__gnu_Unwind_Restore_VFP_D>:
20000e7c:	4770      	bx	lr
20000e7e:	46c0      	nop			@ (mov r8, r8)

20000e80 <__gnu_Unwind_Save_VFP_D>:
20000e80:	4770      	bx	lr
20000e82:	46c0      	nop			@ (mov r8, r8)

20000e84 <__gnu_Unwind_Restore_VFP_D_16_to_31>:
20000e84:	4770      	bx	lr
20000e86:	46c0      	nop			@ (mov r8, r8)

20000e88 <__gnu_Unwind_Save_VFP_D_16_to_31>:
20000e88:	4770      	bx	lr
20000e8a:	46c0      	nop			@ (mov r8, r8)

20000e8c <__gnu_Unwind_Restore_WMMXD>:
20000e8c:	4770      	bx	lr
20000e8e:	46c0      	nop			@ (mov r8, r8)

20000e90 <__gnu_Unwind_Save_WMMXD>:
20000e90:	4770      	bx	lr
20000e92:	46c0      	nop			@ (mov r8, r8)

20000e94 <__gnu_Unwind_Restore_WMMXC>:
20000e94:	4770      	bx	lr
20000e96:	46c0      	nop			@ (mov r8, r8)

20000e98 <__gnu_Unwind_Save_WMMXC>:
20000e98:	4770      	bx	lr
20000e9a:	46c0      	nop			@ (mov r8, r8)

20000e9c <_Unwind_RaiseException>:
20000e9c:	b401      	push	{r0}
20000e9e:	a801      	add	r0, sp, #4
20000ea0:	b501      	push	{r0, lr}
20000ea2:	b085      	sub	sp, #20
20000ea4:	b4ff      	push	{r0, r1, r2, r3, r4, r5, r6, r7}
20000ea6:	a808      	add	r0, sp, #32
20000ea8:	4641      	mov	r1, r8
20000eaa:	464a      	mov	r2, r9
20000eac:	4653      	mov	r3, sl
20000eae:	465c      	mov	r4, fp
20000eb0:	4665      	mov	r5, ip
20000eb2:	c03e      	stmia	r0!, {r1, r2, r3, r4, r5}
20000eb4:	a801      	add	r0, sp, #4
20000eb6:	c83e      	ldmia	r0!, {r1, r2, r3, r4, r5}
20000eb8:	980f      	ldr	r0, [sp, #60]	@ 0x3c
20000eba:	9000      	str	r0, [sp, #0]
20000ebc:	2300      	movs	r3, #0
20000ebe:	b40c      	push	{r2, r3}
20000ec0:	a901      	add	r1, sp, #4
20000ec2:	f7ff fbe7 	bl	20000694 <__gnu_Unwind_RaiseException>
20000ec6:	9b10      	ldr	r3, [sp, #64]	@ 0x40
20000ec8:	b012      	add	sp, #72	@ 0x48
20000eca:	4718      	bx	r3

20000ecc <_Unwind_Resume>:
20000ecc:	b401      	push	{r0}
20000ece:	a801      	add	r0, sp, #4
20000ed0:	b501      	push	{r0, lr}
20000ed2:	b085      	sub	sp, #20
20000ed4:	b4ff      	push	{r0, r1, r2, r3, r4, r5, r6, r7}
20000ed6:	a808      	add	r0, sp, #32
20000ed8:	4641      	mov	r1, r8
20000eda:	464a      	mov	r2, r9
20000edc:	4653      	mov	r3, sl
20000ede:	465c      	mov	r4, fp
20000ee0:	4665      	mov	r5, ip
20000ee2:	c03e      	stmia	r0!, {r1, r2, r3, r4, r5}
20000ee4:	a801      	add	r0, sp, #4
20000ee6:	c83e      	ldmia	r0!, {r1, r2, r3, r4, r5}
20000ee8:	980f      	ldr	r0, [sp, #60]	@ 0x3c
20000eea:	9000      	str	r0, [sp, #0]
20000eec:	2300      	movs	r3, #0
20000eee:	b40c      	push	{r2, r3}
20000ef0:	a901      	add	r1, sp, #4
20000ef2:	f7ff fc03 	bl	200006fc <__gnu_Unwind_Resume>
20000ef6:	9b10      	ldr	r3, [sp, #64]	@ 0x40
20000ef8:	b012      	add	sp, #72	@ 0x48
20000efa:	4718      	bx	r3

20000efc <_Unwind_Resume_or_Rethrow>:
20000efc:	b401      	push	{r0}
20000efe:	a801      	add	r0, sp, #4
20000f00:	b501      	push	{r0, lr}
20000f02:	b085      	sub	sp, #20
20000f04:	b4ff      	push	{r0, r1, r2, r3, r4, r5, r6, r7}
20000f06:	a808      	add	r0, sp, #32
20000f08:	4641      	mov	r1, r8
20000f0a:	464a      	mov	r2, r9
20000f0c:	4653      	mov	r3, sl
20000f0e:	465c      	mov	r4, fp
20000f10:	4665      	mov	r5, ip
20000f12:	c03e      	stmia	r0!, {r1, r2, r3, r4, r5}
20000f14:	a801      	add	r0, sp, #4
20000f16:	c83e      	ldmia	r0!, {r1, r2, r3, r4, r5}
20000f18:	980f      	ldr	r0, [sp, #60]	@ 0x3c
20000f1a:	9000      	str	r0, [sp, #0]
20000f1c:	2300      	movs	r3, #0
20000f1e:	b40c      	push	{r2, r3}
20000f20:	a901      	add	r1, sp, #4
20000f22:	f7ff fc0d 	bl	20000740 <__gnu_Unwind_Resume_or_Rethrow>
20000f26:	9b10      	ldr	r3, [sp, #64]	@ 0x40
20000f28:	b012      	add	sp, #72	@ 0x48
20000f2a:	4718      	bx	r3

20000f2c <_Unwind_ForcedUnwind>:
20000f2c:	b401      	push	{r0}
20000f2e:	a801      	add	r0, sp, #4
20000f30:	b501      	push	{r0, lr}
20000f32:	b085      	sub	sp, #20
20000f34:	b4ff      	push	{r0, r1, r2, r3, r4, r5, r6, r7}
20000f36:	a808      	add	r0, sp, #32
20000f38:	4641      	mov	r1, r8
20000f3a:	464a      	mov	r2, r9
20000f3c:	4653      	mov	r3, sl
20000f3e:	465c      	mov	r4, fp
20000f40:	4665      	mov	r5, ip
20000f42:	c03e      	stmia	r0!, {r1, r2, r3, r4, r5}
20000f44:	a801      	add	r0, sp, #4
20000f46:	c83e      	ldmia	r0!, {r1, r2, r3, r4, r5}
20000f48:	980f      	ldr	r0, [sp, #60]	@ 0x3c
20000f4a:	9000      	str	r0, [sp, #0]
20000f4c:	2300      	movs	r3, #0
20000f4e:	b40c      	push	{r2, r3}
20000f50:	ab01      	add	r3, sp, #4
20000f52:	f7ff fbc9 	bl	200006e8 <__gnu_Unwind_ForcedUnwind>
20000f56:	9b10      	ldr	r3, [sp, #64]	@ 0x40
20000f58:	b012      	add	sp, #72	@ 0x48
20000f5a:	4718      	bx	r3

20000f5c <_Unwind_Backtrace>:
20000f5c:	b401      	push	{r0}
20000f5e:	a801      	add	r0, sp, #4
20000f60:	b501      	push	{r0, lr}
20000f62:	b085      	sub	sp, #20
20000f64:	b4ff      	push	{r0, r1, r2, r3, r4, r5, r6, r7}
20000f66:	a808      	add	r0, sp, #32
20000f68:	4641      	mov	r1, r8
20000f6a:	464a      	mov	r2, r9
20000f6c:	4653      	mov	r3, sl
20000f6e:	465c      	mov	r4, fp
20000f70:	4665      	mov	r5, ip
20000f72:	c03e      	stmia	r0!, {r1, r2, r3, r4, r5}
20000f74:	a801      	add	r0, sp, #4
20000f76:	c83e      	ldmia	r0!, {r1, r2, r3, r4, r5}
20000f78:	980f      	ldr	r0, [sp, #60]	@ 0x3c
20000f7a:	9000      	str	r0, [sp, #0]
20000f7c:	2300      	movs	r3, #0
20000f7e:	b40c      	push	{r2, r3}
20000f80:	aa01      	add	r2, sp, #4
20000f82:	f7ff fc51 	bl	20000828 <__gnu_Unwind_Backtrace>
20000f86:	9b10      	ldr	r3, [sp, #64]	@ 0x40
20000f88:	b012      	add	sp, #72	@ 0x48
20000f8a:	4718      	bx	r3

20000f8c <next_unwind_byte>:
20000f8c:	7a02      	ldrb	r2, [r0, #8]
20000f8e:	0003      	movs	r3, r0
20000f90:	2a00      	cmp	r2, #0
20000f92:	d10b      	bne.n	20000fac <next_unwind_byte+0x20>
20000f94:	7a42      	ldrb	r2, [r0, #9]
20000f96:	2a00      	cmp	r2, #0
20000f98:	d00f      	beq.n	20000fba <next_unwind_byte+0x2e>
20000f9a:	3a01      	subs	r2, #1
20000f9c:	7242      	strb	r2, [r0, #9]
20000f9e:	6842      	ldr	r2, [r0, #4]
20000fa0:	1d11      	adds	r1, r2, #4
20000fa2:	6041      	str	r1, [r0, #4]
20000fa4:	2103      	movs	r1, #3
20000fa6:	6812      	ldr	r2, [r2, #0]
20000fa8:	7201      	strb	r1, [r0, #8]
20000faa:	e002      	b.n	20000fb2 <next_unwind_byte+0x26>
20000fac:	3a01      	subs	r2, #1
20000fae:	7202      	strb	r2, [r0, #8]
20000fb0:	6802      	ldr	r2, [r0, #0]
20000fb2:	0e10      	lsrs	r0, r2, #24
20000fb4:	0212      	lsls	r2, r2, #8
20000fb6:	601a      	str	r2, [r3, #0]
20000fb8:	4770      	bx	lr
20000fba:	20b0      	movs	r0, #176	@ 0xb0
20000fbc:	e7fc      	b.n	20000fb8 <next_unwind_byte+0x2c>
20000fbe:	46c0      	nop			@ (mov r8, r8)

20000fc0 <_Unwind_GetGR.constprop.0>:
20000fc0:	b500      	push	{lr}
20000fc2:	b085      	sub	sp, #20
20000fc4:	ab03      	add	r3, sp, #12
20000fc6:	9300      	str	r3, [sp, #0]
20000fc8:	220c      	movs	r2, #12
20000fca:	2300      	movs	r3, #0
20000fcc:	2100      	movs	r1, #0
20000fce:	f7ff fbcf 	bl	20000770 <_Unwind_VRS_Get>
20000fd2:	9803      	ldr	r0, [sp, #12]
20000fd4:	b005      	add	sp, #20
20000fd6:	bd00      	pop	{pc}

20000fd8 <unwind_UCB_from_context>:
20000fd8:	b510      	push	{r4, lr}
20000fda:	f7ff fff1 	bl	20000fc0 <_Unwind_GetGR.constprop.0>
20000fde:	bd10      	pop	{r4, pc}

20000fe0 <__gnu_unwind_execute>:
20000fe0:	b5f0      	push	{r4, r5, r6, r7, lr}
20000fe2:	2300      	movs	r3, #0
20000fe4:	4645      	mov	r5, r8
20000fe6:	4657      	mov	r7, sl
20000fe8:	464e      	mov	r6, r9
20000fea:	46de      	mov	lr, fp
20000fec:	4698      	mov	r8, r3
20000fee:	b5e0      	push	{r5, r6, r7, lr}
20000ff0:	0006      	movs	r6, r0
20000ff2:	000d      	movs	r5, r1
20000ff4:	270f      	movs	r7, #15
20000ff6:	b085      	sub	sp, #20
20000ff8:	0028      	movs	r0, r5
20000ffa:	f7ff ffc7 	bl	20000f8c <next_unwind_byte>
20000ffe:	0004      	movs	r4, r0
20001000:	28b0      	cmp	r0, #176	@ 0xb0
20001002:	d100      	bne.n	20001006 <__gnu_unwind_execute+0x26>
20001004:	e128      	b.n	20001258 <__gnu_unwind_execute+0x278>
20001006:	0603      	lsls	r3, r0, #24
20001008:	d537      	bpl.n	2000107a <__gnu_unwind_execute+0x9a>
2000100a:	0003      	movs	r3, r0
2000100c:	43bb      	bics	r3, r7
2000100e:	b2db      	uxtb	r3, r3
20001010:	2ba0      	cmp	r3, #160	@ 0xa0
20001012:	d100      	bne.n	20001016 <__gnu_unwind_execute+0x36>
20001014:	e08d      	b.n	20001132 <__gnu_unwind_execute+0x152>
20001016:	d812      	bhi.n	2000103e <__gnu_unwind_execute+0x5e>
20001018:	2b80      	cmp	r3, #128	@ 0x80
2000101a:	d069      	beq.n	200010f0 <__gnu_unwind_execute+0x110>
2000101c:	2b90      	cmp	r3, #144	@ 0x90
2000101e:	d124      	bne.n	2000106a <__gnu_unwind_execute+0x8a>
20001020:	230d      	movs	r3, #13
20001022:	4003      	ands	r3, r0
20001024:	2b0d      	cmp	r3, #13
20001026:	d020      	beq.n	2000106a <__gnu_unwind_execute+0x8a>
20001028:	220f      	movs	r2, #15
2000102a:	ac02      	add	r4, sp, #8
2000102c:	4002      	ands	r2, r0
2000102e:	2300      	movs	r3, #0
20001030:	2100      	movs	r1, #0
20001032:	0030      	movs	r0, r6
20001034:	9400      	str	r4, [sp, #0]
20001036:	f7ff fb9b 	bl	20000770 <_Unwind_VRS_Get>
2000103a:	9400      	str	r4, [sp, #0]
2000103c:	e033      	b.n	200010a6 <__gnu_unwind_execute+0xc6>
2000103e:	2bb0      	cmp	r3, #176	@ 0xb0
20001040:	d06d      	beq.n	2000111e <__gnu_unwind_execute+0x13e>
20001042:	2bc0      	cmp	r3, #192	@ 0xc0
20001044:	d039      	beq.n	200010ba <__gnu_unwind_execute+0xda>
20001046:	2207      	movs	r2, #7
20001048:	0003      	movs	r3, r0
2000104a:	4393      	bics	r3, r2
2000104c:	b2db      	uxtb	r3, r3
2000104e:	2bd0      	cmp	r3, #208	@ 0xd0
20001050:	d10b      	bne.n	2000106a <__gnu_unwind_execute+0x8a>
20001052:	2380      	movs	r3, #128	@ 0x80
20001054:	4002      	ands	r2, r0
20001056:	3201      	adds	r2, #1
20001058:	031b      	lsls	r3, r3, #12
2000105a:	431a      	orrs	r2, r3
2000105c:	2101      	movs	r1, #1
2000105e:	2305      	movs	r3, #5
20001060:	0030      	movs	r0, r6
20001062:	f7ff fd9b 	bl	20000b9c <_Unwind_VRS_Pop>
20001066:	2800      	cmp	r0, #0
20001068:	d0c6      	beq.n	20000ff8 <__gnu_unwind_execute+0x18>
2000106a:	2009      	movs	r0, #9
2000106c:	b005      	add	sp, #20
2000106e:	bcf0      	pop	{r4, r5, r6, r7}
20001070:	46bb      	mov	fp, r7
20001072:	46b2      	mov	sl, r6
20001074:	46a9      	mov	r9, r5
20001076:	46a0      	mov	r8, r4
20001078:	bdf0      	pop	{r4, r5, r6, r7, pc}
2000107a:	23ff      	movs	r3, #255	@ 0xff
2000107c:	0082      	lsls	r2, r0, #2
2000107e:	4013      	ands	r3, r2
20001080:	3304      	adds	r3, #4
20001082:	469a      	mov	sl, r3
20001084:	ab02      	add	r3, sp, #8
20001086:	220d      	movs	r2, #13
20001088:	9300      	str	r3, [sp, #0]
2000108a:	4699      	mov	r9, r3
2000108c:	2100      	movs	r1, #0
2000108e:	2300      	movs	r3, #0
20001090:	0030      	movs	r0, r6
20001092:	f7ff fb6d 	bl	20000770 <_Unwind_VRS_Get>
20001096:	4653      	mov	r3, sl
20001098:	9a02      	ldr	r2, [sp, #8]
2000109a:	189b      	adds	r3, r3, r2
2000109c:	0664      	lsls	r4, r4, #25
2000109e:	d409      	bmi.n	200010b4 <__gnu_unwind_execute+0xd4>
200010a0:	9302      	str	r3, [sp, #8]
200010a2:	464b      	mov	r3, r9
200010a4:	9300      	str	r3, [sp, #0]
200010a6:	2300      	movs	r3, #0
200010a8:	220d      	movs	r2, #13
200010aa:	2100      	movs	r1, #0
200010ac:	0030      	movs	r0, r6
200010ae:	f7ff fb8d 	bl	200007cc <_Unwind_VRS_Set>
200010b2:	e7a1      	b.n	20000ff8 <__gnu_unwind_execute+0x18>
200010b4:	4653      	mov	r3, sl
200010b6:	1ad3      	subs	r3, r2, r3
200010b8:	e7f2      	b.n	200010a0 <__gnu_unwind_execute+0xc0>
200010ba:	28c6      	cmp	r0, #198	@ 0xc6
200010bc:	d100      	bne.n	200010c0 <__gnu_unwind_execute+0xe0>
200010be:	e0ac      	b.n	2000121a <__gnu_unwind_execute+0x23a>
200010c0:	28c7      	cmp	r0, #199	@ 0xc7
200010c2:	d100      	bne.n	200010c6 <__gnu_unwind_execute+0xe6>
200010c4:	e0cd      	b.n	20001262 <__gnu_unwind_execute+0x282>
200010c6:	23f8      	movs	r3, #248	@ 0xf8
200010c8:	4003      	ands	r3, r0
200010ca:	2bc0      	cmp	r3, #192	@ 0xc0
200010cc:	d100      	bne.n	200010d0 <__gnu_unwind_execute+0xf0>
200010ce:	e0da      	b.n	20001286 <__gnu_unwind_execute+0x2a6>
200010d0:	28c8      	cmp	r0, #200	@ 0xc8
200010d2:	d100      	bne.n	200010d6 <__gnu_unwind_execute+0xf6>
200010d4:	e0dd      	b.n	20001292 <__gnu_unwind_execute+0x2b2>
200010d6:	28c9      	cmp	r0, #201	@ 0xc9
200010d8:	d1c7      	bne.n	2000106a <__gnu_unwind_execute+0x8a>
200010da:	0028      	movs	r0, r5
200010dc:	f7ff ff56 	bl	20000f8c <next_unwind_byte>
200010e0:	22f0      	movs	r2, #240	@ 0xf0
200010e2:	0303      	lsls	r3, r0, #12
200010e4:	0312      	lsls	r2, r2, #12
200010e6:	4013      	ands	r3, r2
200010e8:	220f      	movs	r2, #15
200010ea:	4002      	ands	r2, r0
200010ec:	3201      	adds	r2, #1
200010ee:	e7b4      	b.n	2000105a <__gnu_unwind_execute+0x7a>
200010f0:	0204      	lsls	r4, r0, #8
200010f2:	0028      	movs	r0, r5
200010f4:	f7ff ff4a 	bl	20000f8c <next_unwind_byte>
200010f8:	2380      	movs	r3, #128	@ 0x80
200010fa:	4304      	orrs	r4, r0
200010fc:	021b      	lsls	r3, r3, #8
200010fe:	429c      	cmp	r4, r3
20001100:	d0b3      	beq.n	2000106a <__gnu_unwind_execute+0x8a>
20001102:	0524      	lsls	r4, r4, #20
20001104:	2300      	movs	r3, #0
20001106:	2100      	movs	r1, #0
20001108:	0030      	movs	r0, r6
2000110a:	0c22      	lsrs	r2, r4, #16
2000110c:	f7ff fd46 	bl	20000b9c <_Unwind_VRS_Pop>
20001110:	2800      	cmp	r0, #0
20001112:	d1aa      	bne.n	2000106a <__gnu_unwind_execute+0x8a>
20001114:	4643      	mov	r3, r8
20001116:	0fe4      	lsrs	r4, r4, #31
20001118:	4323      	orrs	r3, r4
2000111a:	4698      	mov	r8, r3
2000111c:	e76c      	b.n	20000ff8 <__gnu_unwind_execute+0x18>
2000111e:	0003      	movs	r3, r0
20001120:	334f      	adds	r3, #79	@ 0x4f
20001122:	b2db      	uxtb	r3, r3
20001124:	2b04      	cmp	r3, #4
20001126:	d900      	bls.n	2000112a <__gnu_unwind_execute+0x14a>
20001128:	e08b      	b.n	20001242 <__gnu_unwind_execute+0x262>
2000112a:	4a69      	ldr	r2, [pc, #420]	@ (200012d0 <__gnu_unwind_execute+0x2f0>)
2000112c:	009b      	lsls	r3, r3, #2
2000112e:	58d3      	ldr	r3, [r2, r3]
20001130:	469f      	mov	pc, r3
20001132:	21ff      	movs	r1, #255	@ 0xff
20001134:	2307      	movs	r3, #7
20001136:	0109      	lsls	r1, r1, #4
20001138:	000a      	movs	r2, r1
2000113a:	4383      	bics	r3, r0
2000113c:	411a      	asrs	r2, r3
2000113e:	400a      	ands	r2, r1
20001140:	0724      	lsls	r4, r4, #28
20001142:	d502      	bpl.n	2000114a <__gnu_unwind_execute+0x16a>
20001144:	2380      	movs	r3, #128	@ 0x80
20001146:	01db      	lsls	r3, r3, #7
20001148:	431a      	orrs	r2, r3
2000114a:	2300      	movs	r3, #0
2000114c:	2100      	movs	r1, #0
2000114e:	0030      	movs	r0, r6
20001150:	f7ff fd24 	bl	20000b9c <_Unwind_VRS_Pop>
20001154:	2800      	cmp	r0, #0
20001156:	d100      	bne.n	2000115a <__gnu_unwind_execute+0x17a>
20001158:	e74e      	b.n	20000ff8 <__gnu_unwind_execute+0x18>
2000115a:	e786      	b.n	2000106a <__gnu_unwind_execute+0x8a>
2000115c:	2300      	movs	r3, #0
2000115e:	2200      	movs	r2, #0
20001160:	2105      	movs	r1, #5
20001162:	0030      	movs	r0, r6
20001164:	f7ff fd1a 	bl	20000b9c <_Unwind_VRS_Pop>
20001168:	2800      	cmp	r0, #0
2000116a:	d100      	bne.n	2000116e <__gnu_unwind_execute+0x18e>
2000116c:	e744      	b.n	20000ff8 <__gnu_unwind_execute+0x18>
2000116e:	e77c      	b.n	2000106a <__gnu_unwind_execute+0x8a>
20001170:	0028      	movs	r0, r5
20001172:	f7ff ff0b 	bl	20000f8c <next_unwind_byte>
20001176:	22f0      	movs	r2, #240	@ 0xf0
20001178:	0303      	lsls	r3, r0, #12
2000117a:	0312      	lsls	r2, r2, #12
2000117c:	4013      	ands	r3, r2
2000117e:	220f      	movs	r2, #15
20001180:	4002      	ands	r2, r0
20001182:	3201      	adds	r2, #1
20001184:	431a      	orrs	r2, r3
20001186:	2101      	movs	r1, #1
20001188:	2301      	movs	r3, #1
2000118a:	0030      	movs	r0, r6
2000118c:	f7ff fd06 	bl	20000b9c <_Unwind_VRS_Pop>
20001190:	2800      	cmp	r0, #0
20001192:	d100      	bne.n	20001196 <__gnu_unwind_execute+0x1b6>
20001194:	e730      	b.n	20000ff8 <__gnu_unwind_execute+0x18>
20001196:	e768      	b.n	2000106a <__gnu_unwind_execute+0x8a>
20001198:	ab02      	add	r3, sp, #8
2000119a:	220d      	movs	r2, #13
2000119c:	2100      	movs	r1, #0
2000119e:	9300      	str	r3, [sp, #0]
200011a0:	4699      	mov	r9, r3
200011a2:	0030      	movs	r0, r6
200011a4:	2300      	movs	r3, #0
200011a6:	f7ff fae3 	bl	20000770 <_Unwind_VRS_Get>
200011aa:	0028      	movs	r0, r5
200011ac:	f7ff feee 	bl	20000f8c <next_unwind_byte>
200011b0:	b243      	sxtb	r3, r0
200011b2:	9c02      	ldr	r4, [sp, #8]
200011b4:	2b00      	cmp	r3, #0
200011b6:	db00      	blt.n	200011ba <__gnu_unwind_execute+0x1da>
200011b8:	e087      	b.n	200012ca <__gnu_unwind_execute+0x2ea>
200011ba:	2302      	movs	r3, #2
200011bc:	469a      	mov	sl, r3
200011be:	337d      	adds	r3, #125	@ 0x7d
200011c0:	469b      	mov	fp, r3
200011c2:	465b      	mov	r3, fp
200011c4:	4018      	ands	r0, r3
200011c6:	4653      	mov	r3, sl
200011c8:	4098      	lsls	r0, r3
200011ca:	2307      	movs	r3, #7
200011cc:	469c      	mov	ip, r3
200011ce:	1824      	adds	r4, r4, r0
200011d0:	0028      	movs	r0, r5
200011d2:	9402      	str	r4, [sp, #8]
200011d4:	44e2      	add	sl, ip
200011d6:	f7ff fed9 	bl	20000f8c <next_unwind_byte>
200011da:	b243      	sxtb	r3, r0
200011dc:	2b00      	cmp	r3, #0
200011de:	dbf0      	blt.n	200011c2 <__gnu_unwind_execute+0x1e2>
200011e0:	4653      	mov	r3, sl
200011e2:	4098      	lsls	r0, r3
200011e4:	2381      	movs	r3, #129	@ 0x81
200011e6:	009b      	lsls	r3, r3, #2
200011e8:	469c      	mov	ip, r3
200011ea:	464b      	mov	r3, r9
200011ec:	4464      	add	r4, ip
200011ee:	1900      	adds	r0, r0, r4
200011f0:	9002      	str	r0, [sp, #8]
200011f2:	9300      	str	r3, [sp, #0]
200011f4:	e757      	b.n	200010a6 <__gnu_unwind_execute+0xc6>
200011f6:	0028      	movs	r0, r5
200011f8:	f7ff fec8 	bl	20000f8c <next_unwind_byte>
200011fc:	1e43      	subs	r3, r0, #1
200011fe:	b2db      	uxtb	r3, r3
20001200:	0002      	movs	r2, r0
20001202:	2b0e      	cmp	r3, #14
20001204:	d9a1      	bls.n	2000114a <__gnu_unwind_execute+0x16a>
20001206:	e730      	b.n	2000106a <__gnu_unwind_execute+0x8a>
20001208:	ab03      	add	r3, sp, #12
2000120a:	9300      	str	r3, [sp, #0]
2000120c:	220d      	movs	r2, #13
2000120e:	2300      	movs	r3, #0
20001210:	2100      	movs	r1, #0
20001212:	0030      	movs	r0, r6
20001214:	f7ff faac 	bl	20000770 <_Unwind_VRS_Get>
20001218:	e6ee      	b.n	20000ff8 <__gnu_unwind_execute+0x18>
2000121a:	0028      	movs	r0, r5
2000121c:	f7ff feb6 	bl	20000f8c <next_unwind_byte>
20001220:	22f0      	movs	r2, #240	@ 0xf0
20001222:	0303      	lsls	r3, r0, #12
20001224:	0312      	lsls	r2, r2, #12
20001226:	4013      	ands	r3, r2
20001228:	220f      	movs	r2, #15
2000122a:	4002      	ands	r2, r0
2000122c:	3201      	adds	r2, #1
2000122e:	431a      	orrs	r2, r3
20001230:	2103      	movs	r1, #3
20001232:	2303      	movs	r3, #3
20001234:	0030      	movs	r0, r6
20001236:	f7ff fcb1 	bl	20000b9c <_Unwind_VRS_Pop>
2000123a:	2800      	cmp	r0, #0
2000123c:	d100      	bne.n	20001240 <__gnu_unwind_execute+0x260>
2000123e:	e6db      	b.n	20000ff8 <__gnu_unwind_execute+0x18>
20001240:	e713      	b.n	2000106a <__gnu_unwind_execute+0x8a>
20001242:	23fc      	movs	r3, #252	@ 0xfc
20001244:	4003      	ands	r3, r0
20001246:	2bb4      	cmp	r3, #180	@ 0xb4
20001248:	d100      	bne.n	2000124c <__gnu_unwind_execute+0x26c>
2000124a:	e70e      	b.n	2000106a <__gnu_unwind_execute+0x8a>
2000124c:	2307      	movs	r3, #7
2000124e:	2280      	movs	r2, #128	@ 0x80
20001250:	4003      	ands	r3, r0
20001252:	3301      	adds	r3, #1
20001254:	0312      	lsls	r2, r2, #12
20001256:	e795      	b.n	20001184 <__gnu_unwind_execute+0x1a4>
20001258:	4643      	mov	r3, r8
2000125a:	2b00      	cmp	r3, #0
2000125c:	d025      	beq.n	200012aa <__gnu_unwind_execute+0x2ca>
2000125e:	2000      	movs	r0, #0
20001260:	e704      	b.n	2000106c <__gnu_unwind_execute+0x8c>
20001262:	0028      	movs	r0, r5
20001264:	f7ff fe92 	bl	20000f8c <next_unwind_byte>
20001268:	1e43      	subs	r3, r0, #1
2000126a:	b2db      	uxtb	r3, r3
2000126c:	0002      	movs	r2, r0
2000126e:	2b0e      	cmp	r3, #14
20001270:	d900      	bls.n	20001274 <__gnu_unwind_execute+0x294>
20001272:	e6fa      	b.n	2000106a <__gnu_unwind_execute+0x8a>
20001274:	2300      	movs	r3, #0
20001276:	2104      	movs	r1, #4
20001278:	0030      	movs	r0, r6
2000127a:	f7ff fc8f 	bl	20000b9c <_Unwind_VRS_Pop>
2000127e:	2800      	cmp	r0, #0
20001280:	d100      	bne.n	20001284 <__gnu_unwind_execute+0x2a4>
20001282:	e6b9      	b.n	20000ff8 <__gnu_unwind_execute+0x18>
20001284:	e6f1      	b.n	2000106a <__gnu_unwind_execute+0x8a>
20001286:	22a0      	movs	r2, #160	@ 0xa0
20001288:	3bb1      	subs	r3, #177	@ 0xb1
2000128a:	4003      	ands	r3, r0
2000128c:	3301      	adds	r3, #1
2000128e:	0312      	lsls	r2, r2, #12
20001290:	e7cd      	b.n	2000122e <__gnu_unwind_execute+0x24e>
20001292:	0028      	movs	r0, r5
20001294:	f7ff fe7a 	bl	20000f8c <next_unwind_byte>
20001298:	230f      	movs	r3, #15
2000129a:	0002      	movs	r2, r0
2000129c:	439a      	bics	r2, r3
2000129e:	b2d2      	uxtb	r2, r2
200012a0:	3210      	adds	r2, #16
200012a2:	4003      	ands	r3, r0
200012a4:	0312      	lsls	r2, r2, #12
200012a6:	3301      	adds	r3, #1
200012a8:	e6d7      	b.n	2000105a <__gnu_unwind_execute+0x7a>
200012aa:	ac02      	add	r4, sp, #8
200012ac:	220e      	movs	r2, #14
200012ae:	2100      	movs	r1, #0
200012b0:	0030      	movs	r0, r6
200012b2:	9400      	str	r4, [sp, #0]
200012b4:	f7ff fa5c 	bl	20000770 <_Unwind_VRS_Get>
200012b8:	2300      	movs	r3, #0
200012ba:	220f      	movs	r2, #15
200012bc:	2100      	movs	r1, #0
200012be:	0030      	movs	r0, r6
200012c0:	9400      	str	r4, [sp, #0]
200012c2:	f7ff fa83 	bl	200007cc <_Unwind_VRS_Set>
200012c6:	2000      	movs	r0, #0
200012c8:	e6d0      	b.n	2000106c <__gnu_unwind_execute+0x8c>
200012ca:	2302      	movs	r3, #2
200012cc:	469a      	mov	sl, r3
200012ce:	e787      	b.n	200011e0 <__gnu_unwind_execute+0x200>
200012d0:	200013a0 	.word	0x200013a0

200012d4 <__gnu_unwind_frame>:
200012d4:	0003      	movs	r3, r0
200012d6:	b510      	push	{r4, lr}
200012d8:	6cda      	ldr	r2, [r3, #76]	@ 0x4c
200012da:	b084      	sub	sp, #16
200012dc:	6853      	ldr	r3, [r2, #4]
200012de:	0008      	movs	r0, r1
200012e0:	3208      	adds	r2, #8
200012e2:	9202      	str	r2, [sp, #8]
200012e4:	2203      	movs	r2, #3
200012e6:	a901      	add	r1, sp, #4
200012e8:	021c      	lsls	r4, r3, #8
200012ea:	0e1b      	lsrs	r3, r3, #24
200012ec:	9401      	str	r4, [sp, #4]
200012ee:	720a      	strb	r2, [r1, #8]
200012f0:	724b      	strb	r3, [r1, #9]
200012f2:	f7ff fe75 	bl	20000fe0 <__gnu_unwind_execute>
200012f6:	b004      	add	sp, #16
200012f8:	bd10      	pop	{r4, pc}
200012fa:	46c0      	nop			@ (mov r8, r8)

200012fc <_Unwind_GetRegionStart>:
200012fc:	b510      	push	{r4, lr}
200012fe:	f7ff fe6b 	bl	20000fd8 <unwind_UCB_from_context>
20001302:	6c80      	ldr	r0, [r0, #72]	@ 0x48
20001304:	bd10      	pop	{r4, pc}
20001306:	46c0      	nop			@ (mov r8, r8)

20001308 <_Unwind_GetLanguageSpecificData>:
20001308:	b510      	push	{r4, lr}
2000130a:	f7ff fe65 	bl	20000fd8 <unwind_UCB_from_context>
2000130e:	6cc0      	ldr	r0, [r0, #76]	@ 0x4c
20001310:	79c3      	ldrb	r3, [r0, #7]
20001312:	009b      	lsls	r3, r3, #2
20001314:	3308      	adds	r3, #8
20001316:	18c0      	adds	r0, r0, r3
20001318:	bd10      	pop	{r4, pc}
2000131a:	46c0      	nop			@ (mov r8, r8)

2000131c <_Unwind_GetDataRelBase>:
2000131c:	b510      	push	{r4, lr}
2000131e:	f000 f81b 	bl	20001358 <__abort_veneer>

20001322 <_Unwind_GetTextRelBase>:
20001322:	b510      	push	{r4, lr}
20001324:	f7ff fffa 	bl	2000131c <_Unwind_GetDataRelBase>

20001328 <____cxa_begin_cleanup_veneer>:
20001328:	b401      	push	{r0}
2000132a:	4802      	ldr	r0, [pc, #8]	@ (20001334 <____cxa_begin_cleanup_veneer+0xc>)
2000132c:	4684      	mov	ip, r0
2000132e:	bc01      	pop	{r0}
20001330:	4760      	bx	ip
20001332:	bf00      	nop
20001334:	10005cc5 	.word	0x10005cc5

20001338 <____cxa_type_match_veneer>:
20001338:	b401      	push	{r0}
2000133a:	4802      	ldr	r0, [pc, #8]	@ (20001344 <____cxa_type_match_veneer+0xc>)
2000133c:	4684      	mov	ip, r0
2000133e:	bc01      	pop	{r0}
20001340:	4760      	bx	ip
20001342:	bf00      	nop
20001344:	10005c05 	.word	0x10005c05

20001348 <____wrap_memcpy_veneer>:
20001348:	b401      	push	{r0}
2000134a:	4802      	ldr	r0, [pc, #8]	@ (20001354 <____wrap_memcpy_veneer+0xc>)
2000134c:	4684      	mov	ip, r0
2000134e:	bc01      	pop	{r0}
20001350:	4760      	bx	ip
20001352:	bf00      	nop
20001354:	1000396d 	.word	0x1000396d

20001358 <__abort_veneer>:
20001358:	b401      	push	{r0}
2000135a:	4802      	ldr	r0, [pc, #8]	@ (20001364 <__abort_veneer+0xc>)
2000135c:	4684      	mov	ip, r0
2000135e:	bc01      	pop	{r0}
20001360:	4760      	bx	ip
20001362:	bf00      	nop
20001364:	10007655 	.word	0x10007655

20001368 <__hard_assertion_failure_veneer>:
20001368:	b401      	push	{r0}
2000136a:	4802      	ldr	r0, [pc, #8]	@ (20001374 <__hard_assertion_failure_veneer+0xc>)
2000136c:	4684      	mov	ip, r0
2000136e:	bc01      	pop	{r0}
20001370:	4760      	bx	ip
20001372:	bf00      	nop
20001374:	10002931 	.word	0x10002931

20001378 <__best_effort_wfe_or_timeout_veneer>:
20001378:	b401      	push	{r0}
2000137a:	4802      	ldr	r0, [pc, #8]	@ (20001384 <__best_effort_wfe_or_timeout_veneer+0xc>)
2000137c:	4684      	mov	ip, r0
2000137e:	bc01      	pop	{r0}
20001380:	4760      	bx	ip
20001382:	bf00      	nop
20001384:	1000239d 	.word	0x1000239d
20001388:	20000be0 	.word	0x20000be0
2000138c:	20000c62 	.word	0x20000c62
20001390:	20000bc2 	.word	0x20000bc2
20001394:	20000c0e 	.word	0x20000c0e
20001398:	20000ce4 	.word	0x20000ce4
2000139c:	20000bd0 	.word	0x20000bd0
200013a0:	200011f6 	.word	0x200011f6
200013a4:	20001198 	.word	0x20001198
200013a8:	20001170 	.word	0x20001170
200013ac:	2000115c 	.word	0x2000115c
200013b0:	20001208 	.word	0x20001208

200013b4 <__dso_handle>:
200013b4:	00000000                                ....

200013b8 <striped_spin_lock_num>:
200013b8:	00000010                                ....

200013bc <default_alarm_pool>:
	...
200013d0:	20001d68 00000000 00000000 00000000     h.. ............

200013e0 <aeabi_bits_funcs>:
200013e0:	00003350 	.word	0x00003350
200013e4:	0000334c 	.word	0x0000334c
200013e8:	00003354 	.word	0x00003354
200013ec:	00003352 	.word	0x00003352

200013f0 <aeabi_bits_funcs_end>:
200013f0:	0000534d 	.word	0x0000534d
200013f4:	0000434d 	.word	0x0000434d
200013f8:	00003453 	.word	0x00003453
200013fc:	00003443 	.word	0x00003443

20001400 <i2c0_inst>:
20001400:	40044000 00000000                       .@.@....

20001408 <_ZN10__cxxabiv120__unexpected_handlerE>:
20001408:	10006595                                .e..

2000140c <_ZN10__cxxabiv119__terminate_handlerE>:
2000140c:	10007655                                Uv..

20001410 <_ZN12_GLOBAL__N_124system_category_instanceE>:
20001410:	1000977c                                |...

20001414 <_ZN12_GLOBAL__N_125generic_category_instanceE>:
20001414:	10009754                                T...

20001418 <_impure_ptr>:
20001418:	20001420 00000000                        .. ....

20001420 <_impure_data>:
20001420:	00000000 20002108 20002170 200021d8     .....!. p!. .!. 
	...
200014b8:	00000001 00000000 abcd330e e66d1234     .........3..4.m.
200014c8:	0005deec 0000000b 00000000 00000000     ................
	...

20001560 <__malloc_sbrk_base>:
20001560:	ffffffff                                ....

20001564 <__malloc_trim_threshold>:
20001564:	00020000                                ....

20001568 <__malloc_av_>:
	...
20001570:	20001568 20001568 20001570 20001570     h.. h.. p.. p.. 
20001580:	20001578 20001578 20001580 20001580     x.. x.. ... ... 
20001590:	20001588 20001588 20001590 20001590     ... ... ... ... 
200015a0:	20001598 20001598 200015a0 200015a0     ... ... ... ... 
200015b0:	200015a8 200015a8 200015b0 200015b0     ... ... ... ... 
200015c0:	200015b8 200015b8 200015c0 200015c0     ... ... ... ... 
200015d0:	200015c8 200015c8 200015d0 200015d0     ... ... ... ... 
200015e0:	200015d8 200015d8 200015e0 200015e0     ... ... ... ... 
200015f0:	200015e8 200015e8 200015f0 200015f0     ... ... ... ... 
20001600:	200015f8 200015f8 20001600 20001600     ... ... ... ... 
20001610:	20001608 20001608 20001610 20001610     ... ... ... ... 
20001620:	20001618 20001618 20001620 20001620     ... ...  ..  .. 
20001630:	20001628 20001628 20001630 20001630     (.. (.. 0.. 0.. 
20001640:	20001638 20001638 20001640 20001640     8.. 8.. @.. @.. 
20001650:	20001648 20001648 20001650 20001650     H.. H.. P.. P.. 
20001660:	20001658 20001658 20001660 20001660     X.. X.. `.. `.. 
20001670:	20001668 20001668 20001670 20001670     h.. h.. p.. p.. 
20001680:	20001678 20001678 20001680 20001680     x.. x.. ... ... 
20001690:	20001688 20001688 20001690 20001690     ... ... ... ... 
200016a0:	20001698 20001698 200016a0 200016a0     ... ... ... ... 
200016b0:	200016a8 200016a8 200016b0 200016b0     ... ... ... ... 
200016c0:	200016b8 200016b8 200016c0 200016c0     ... ... ... ... 
200016d0:	200016c8 200016c8 200016d0 200016d0     ... ... ... ... 
200016e0:	200016d8 200016d8 200016e0 200016e0     ... ... ... ... 
200016f0:	200016e8 200016e8 200016f0 200016f0     ... ... ... ... 
20001700:	200016f8 200016f8 20001700 20001700     ... ... ... ... 
20001710:	20001708 20001708 20001710 20001710     ... ... ... ... 
20001720:	20001718 20001718 20001720 20001720     ... ...  ..  .. 
20001730:	20001728 20001728 20001730 20001730     (.. (.. 0.. 0.. 
20001740:	20001738 20001738 20001740 20001740     8.. 8.. @.. @.. 
20001750:	20001748 20001748 20001750 20001750     H.. H.. P.. P.. 
20001760:	20001758 20001758 20001760 20001760     X.. X.. `.. `.. 
20001770:	20001768 20001768 20001770 20001770     h.. h.. p.. p.. 
20001780:	20001778 20001778 20001780 20001780     x.. x.. ... ... 
20001790:	20001788 20001788 20001790 20001790     ... ... ... ... 
200017a0:	20001798 20001798 200017a0 200017a0     ... ... ... ... 
200017b0:	200017a8 200017a8 200017b0 200017b0     ... ... ... ... 
200017c0:	200017b8 200017b8 200017c0 200017c0     ... ... ... ... 
200017d0:	200017c8 200017c8 200017d0 200017d0     ... ... ... ... 
200017e0:	200017d8 200017d8 200017e0 200017e0     ... ... ... ... 
200017f0:	200017e8 200017e8 200017f0 200017f0     ... ... ... ... 
20001800:	200017f8 200017f8 20001800 20001800     ... ... ... ... 
20001810:	20001808 20001808 20001810 20001810     ... ... ... ... 
20001820:	20001818 20001818 20001820 20001820     ... ...  ..  .. 
20001830:	20001828 20001828 20001830 20001830     (.. (.. 0.. 0.. 
20001840:	20001838 20001838 20001840 20001840     8.. 8.. @.. @.. 
20001850:	20001848 20001848 20001850 20001850     H.. H.. P.. P.. 
20001860:	20001858 20001858 20001860 20001860     X.. X.. `.. `.. 
20001870:	20001868 20001868 20001870 20001870     h.. h.. p.. p.. 
20001880:	20001878 20001878 20001880 20001880     x.. x.. ... ... 
20001890:	20001888 20001888 20001890 20001890     ... ... ... ... 
200018a0:	20001898 20001898 200018a0 200018a0     ... ... ... ... 
200018b0:	200018a8 200018a8 200018b0 200018b0     ... ... ... ... 
200018c0:	200018b8 200018b8 200018c0 200018c0     ... ... ... ... 
200018d0:	200018c8 200018c8 200018d0 200018d0     ... ... ... ... 
200018e0:	200018d8 200018d8 200018e0 200018e0     ... ... ... ... 
200018f0:	200018e8 200018e8 200018f0 200018f0     ... ... ... ... 
20001900:	200018f8 200018f8 20001900 20001900     ... ... ... ... 
20001910:	20001908 20001908 20001910 20001910     ... ... ... ... 
20001920:	20001918 20001918 20001920 20001920     ... ...  ..  .. 
20001930:	20001928 20001928 20001930 20001930     (.. (.. 0.. 0.. 
20001940:	20001938 20001938 20001940 20001940     8.. 8.. @.. @.. 
20001950:	20001948 20001948 20001950 20001950     H.. H.. P.. P.. 
20001960:	20001958 20001958 20001960 20001960     X.. X.. `.. `.. 

20001970 <environ>:
20001970:	20002404                                .$. 

20001974 <print_mutex>:
	...
